Battery_ID,Battery_Type,Source_Origin,Pack_Configuration,Nominal_Voltage_V,Nominal_Capacity_Ah,Nominal_Energy_Wh,Historical_Cycles,Estimated_Age_Years,Measured_Voltage_V,Measured_Current_A,Internal_Resistance_mOhm,Operating_Temperature_C,Temp_Rise_Rate_C_per_min,Physical_Casing_Condition,Swelling_Deformation,Electrolyte_Leakage_Observation,Safety_Screening_Result,Over_Temp_Flag,Voltage_Anomaly_Flag,Physical_Risk_Flag,Safety_Failure_Reason,State_of_Health_SoH_Percent,Measured_Remaining_Capacity_Wh,Max_Continuous_Power_W,Degradation_Rate_Trend,Health_Classification,Cell_Health_Status,BMS_Board_Status,Temp_Sensor_Status,Connector_Wiring_Status,Casing_Enclosure_Status,Primary_Diagnosed_Issue,Performance_Impact_Level,Component_Replaceable,Estimated_Repair_Cost_INR,Repair_Difficulty,Recommended_Action,Post_Repair_Safety_Retest,Post_Repair_Effective_SoH_Percent,Effective_Available_Energy_Wh,Pool_Eligibility_Status,Optimal_Application_Match,Match_Compatibility_Score_Percent,Explainable_Match_Rationale
B001,Prismatic Li-ion Module (2S),Telecom Backup Rack Module,2S,7.4,10.0,74.0,624,2.6,3.91,1.33,58.7,31.1,0.28,Intact (Good),None (0-1%),None,FAIL,Normal,CRITICAL (Deep Discharge Under-Voltage),Safe,Copper Shunt / Dendrite Short Risk (<2.0V/cell),N/A (Unsafe),0.0,0.0,Catastrophic,Unfit / Hazardous,Dead Cell / Inversion,Operational (Healthy),Accurate / Responsive,Clean & Firm,Clean (No Cracks),Irreversible Cell Over-discharge,Critical,No (Inherent Cell Hazard),0,Impossible (Hazardous),Reject & Immediate Recycling,Not Applicable,0.0,0.0,Unfit for Reuse,None (Safety Rejected),0,"EJECTED AT SAFETY GATE: Fails mandatory screening due to Copper Shunt / Dendrite Short Risk (<2.0V/cell). Under REUSEGRID AI protocol, zero matching score can override a physical safety failure. Battery routed directly to certified closed-loop recycling."
B002,Li-ion 18650 Pack (4S),Robotics / Drone Fleet Return,4S,14.8,5.2,77.0,1424,5.4,14.57,2.41,179.3,28.0,0.19,Intact (Good),None (0-1%),None,PASS,Normal,Normal,Safe,None (Passed All Thresholds),55.3,42.6,16.1,Severe (>0.035%/cycle),Tier 4: Highly Degraded (<65%),Good / Balanced,BMS Protection Lock / Blown MOSFET,Accurate / Responsive,Clean & Firm,Clean (No Cracks),BMS Discharge Port Fault,High (Output Power Blocked/Erratic),Yes,1100,Moderate (Modular BMS Replacement),Replace BMS Board & Calibrate,PASS (Protection Thresholds Verified),57.5,44.3,Eligible (Post-Repair),Rural Off-Grid Household,73,"PASSED SAFETY GATE. Effective SoH: 57.5%, Available Capacity: 44.3 Wh, Peak Power: 16.1 W. Matched to 'Rural Off-Grid Household' (Score: 73%). Rationale: Moderate lighting & phone charging load. Internal resistance (179.3 mΩ) satisfies application thermal envelope. Post-repair validated: BMS Discharge Port Fault rectified (₹1100)."
B003,Power Tool Li-ion Pack (5S),Industrial Tool Rental Surplus,5S,18.0,4.0,72.0,617,2.2,18.13,1.31,160.1,29.3,0.15,Chemical Residue & Vent Breach,None (0-1%),Active Electrolyte Leakage / Corrosion,FAIL,Normal,Normal,CRITICAL (Chemical Hazard),Safety Vent Ruptured & Toxic Chemical Egress,N/A (Unsafe),0.0,0.0,Catastrophic,Unfit / Hazardous,Good / Balanced,Operational (Healthy),Accurate / Responsive,Clean & Firm,Clean (No Cracks),Seal Rupture & Electrolyte Evaporation,Catastrophic,No (Inherent Cell Hazard),0,Impossible (Hazardous),Reject & Immediate Recycling,Not Applicable,0.0,0.0,Unfit for Reuse,None (Safety Rejected),0,"EJECTED AT SAFETY GATE: Fails mandatory screening due to Safety Vent Ruptured & Toxic Chemical Egress. Under REUSEGRID AI protocol, zero matching score can override a physical safety failure. Battery routed directly to certified closed-loop recycling."
B004,Li-ion 18650 Pack (3S),Portable Medical / Tech Return,3S,11.1,4.4,48.8,1356,5.2,11.26,2.21,132.1,25.9,0.25,Severely Distorted / Puffed,Severe Swelling (>6%),None,FAIL,Normal,Normal,CRITICAL (Pouch/Can Deformed),Mechanical Instability: Internal Delamination / Gas Build-up,N/A (Unsafe),0.0,0.0,Catastrophic,Unfit / Hazardous,Gassing / Cell Swelling,Operational (Healthy),Accurate / Responsive,Clean & Firm,Clean (No Cracks),Severe Cell Deformation,Catastrophic,No (Inherent Cell Hazard),0,Impossible (Hazardous),Reject & Immediate Recycling,Not Applicable,0.0,0.0,Unfit for Reuse,None (Safety Rejected),0,"EJECTED AT SAFETY GATE: Fails mandatory screening due to Mechanical Instability: Internal Delamination / Gas Build-up. Under REUSEGRID AI protocol, zero matching score can override a physical safety failure. Battery routed directly to certified closed-loop recycling."
B005,Li-ion 18650 Pack (4S),Robotics / Drone Fleet Return,4S,14.8,5.2,77.0,1259,4.4,14.86,1.63,193.8,31.8,0.33,Intact (Good),None (0-1%),None,PASS,Normal,Normal,Safe,None (Passed All Thresholds),58.6,45.1,24.3,Severe (>0.035%/cycle),Tier 4: Highly Degraded (<65%),Good / Balanced,Operational (Healthy),Accurate / Responsive,Clean & Firm,Clean (No Cracks),None (Fully Functional),None,Not Applicable,0,None,De-rate Power & Direct Allocation,Not Applicable (Direct Pass),58.6,45.1,Eligible (Limited Use - Derated),Rural Off-Grid Household,78,"PASSED SAFETY GATE. Effective SoH: 58.6%, Available Capacity: 45.1 Wh, Peak Power: 24.3 W. Matched to 'Rural Off-Grid Household' (Score: 78%). Rationale: Moderate lighting & phone charging load. Internal resistance (193.8 mΩ) satisfies application thermal envelope. Post-repair validated: None (Fully Functional) rectified (₹0)."
B006,Li-ion 18650 Pack (3S),Portable Medical / Tech Return,3S,11.1,4.4,48.8,827,3.3,10.9,3.11,100.3,27.5,0.18,Intact (Good),None (0-1%),None,PASS,Normal,Normal,Safe,None (Passed All Thresholds),74.5,36.4,16.7,Elevated (0.024%/cycle),Tier 3: Moderate (65-74%),Good / Balanced,Operational (Healthy),Accurate / Responsive,Clean & Firm,Clean (No Cracks),None (Fully Functional),None,Not Applicable,0,None,Direct Second-Life Allocation,Not Applicable (Direct Pass),74.5,36.4,Eligible (Direct),Community Solar Microgrid,80,"PASSED SAFETY GATE. Effective SoH: 74.5%, Available Capacity: 36.4 Wh, Peak Power: 16.7 W. Matched to 'Community Solar Microgrid' (Score: 80%). Rationale: Daily solar diurnal buffering compatible. Internal resistance (100.3 mΩ) satisfies application thermal envelope. Clean unit with zero component defects."
B007,Prismatic Li-ion Module (2S),Telecom Backup Rack Module,2S,7.4,10.0,74.0,1073,3.6,7.56,1.37,83.5,27.5,0.13,Intact (Good),None (0-1%),None,PASS,Normal,Normal,Safe,None (Passed All Thresholds),70.9,52.5,27.4,Elevated (0.024%/cycle),Tier 3: Moderate (65-74%),Good / Balanced,Operational (Healthy),Accurate / Responsive,Clean & Firm,Clean (No Cracks),None (Fully Functional),None,Not Applicable,0,None,Direct Second-Life Allocation,Not Applicable (Direct Pass),70.9,52.5,Eligible (Direct),Community Solar Microgrid,84,"PASSED SAFETY GATE. Effective SoH: 70.9%, Available Capacity: 52.5 Wh, Peak Power: 27.4 W. Matched to 'Community Solar Microgrid' (Score: 84%). Rationale: Daily solar diurnal buffering compatible. Internal resistance (83.5 mΩ) satisfies application thermal envelope. Clean unit with zero component defects."
B008,Power Tool Li-ion Pack (5S),Industrial Tool Rental Surplus,5S,18.0,4.0,72.0,588,1.8,18.2,3.24,163.2,28.3,0.14,Intact (Good),None (0-1%),None,PASS,Normal,Normal,Safe,None (Passed All Thresholds),79.4,57.2,28.2,Moderate (0.018%/cycle),Tier 2: Good (75-84%),Good / Balanced,Operational (Healthy),Accurate / Responsive,Clean & Firm,Clean (No Cracks),None (Fully Functional),None,Not Applicable,0,None,Direct Second-Life Allocation,Not Applicable (Direct Pass),79.4,57.2,Eligible (Direct),Emergency Disaster Shelter,90,"PASSED SAFETY GATE. Effective SoH: 79.4%, Available Capacity: 57.2 Wh, Peak Power: 28.2 W. Matched to 'Emergency Disaster Shelter' (Score: 90%). Rationale: Robust emergency resilience match. Internal resistance (163.2 mΩ) satisfies application thermal envelope. Clean unit with zero component defects."
B009,NMC Light-EV Pack (10S),Shared E-Scooter Fleet Fleet Retire,10S,36.0,7.8,280.8,790,3.1,34.63,1.45,253.6,25.2,0.29,Intact (Good),None (0-1%),None,PASS,Normal,Normal,Safe,None (Passed All Thresholds),87.9,246.8,101.9,Low (<0.015%/cycle),Tier 1: Excellent (>85%),Good / Balanced,Operational (Healthy),Accurate / Responsive,Clean & Firm,Clean (No Cracks),None (Fully Functional),None,Not Applicable,0,None,Direct Second-Life Allocation,Not Applicable (Direct Pass),87.9,246.8,Eligible (Direct),Healthcare Clinic Backup,93,"PASSED SAFETY GATE. Effective SoH: 87.9%, Available Capacity: 246.8 Wh, Peak Power: 101.9 W. Matched to 'Healthcare Clinic Backup' (Score: 93%). Rationale: High criticality approved. Internal resistance (253.6 mΩ) satisfies application thermal envelope. Clean unit with zero component defects."
B010,Li-ion 18650 Pack (3S),Portable Medical / Tech Return,3S,11.1,4.4,48.8,1255,4.4,10.72,1.87,107.1,26.1,0.38,Intact (Good),None (0-1%),None,PASS,Normal,Normal,Safe,None (Passed All Thresholds),68.3,33.3,17.0,Elevated (0.024%/cycle),Tier 3: Moderate (65-74%),Good / Balanced,Operational (Healthy),Accurate / Responsive,Clean & Firm,Clean (No Cracks),None (Fully Functional),None,Not Applicable,0,None,De-rate Power & Direct Allocation,Not Applicable (Direct Pass),68.3,33.3,Eligible (Limited Use - Derated),Rural School Lighting & Labs,81,"PASSED SAFETY GATE. Effective SoH: 68.3%, Available Capacity: 33.3 Wh, Peak Power: 17.0 W. Matched to 'Rural School Lighting & Labs' (Score: 81%). Rationale: Daytime educational load requirement met. Internal resistance (107.1 mΩ) satisfies application thermal envelope. Post-repair validated: None (Fully Functional) rectified (₹0)."
B011,Li-ion 18650 Pack (4S),Robotics / Drone Fleet Return,4S,14.8,5.2,77.0,1184,4.5,14.58,1.45,173.1,26.6,0.23,Intact (Good),None (0-1%),None,PASS,Normal,Normal,Safe,None (Passed All Thresholds),69.3,53.4,27.4,Elevated (0.024%/cycle),Tier 3: Moderate (65-74%),Good / Balanced,Operational (Healthy),Accurate / Responsive,Clean & Firm,Clean (No Cracks),None (Fully Functional),None,Not Applicable,0,None,De-rate Power & Direct Allocation,Not Applicable (Direct Pass),69.3,53.4,Eligible (Limited Use - Derated),Rural School Lighting & Labs,83,"PASSED SAFETY GATE. Effective SoH: 69.3%, Available Capacity: 53.4 Wh, Peak Power: 27.4 W. Matched to 'Rural School Lighting & Labs' (Score: 83%). Rationale: Daytime educational load requirement met. Internal resistance (173.1 mΩ) satisfies application thermal envelope. Post-repair validated: None (Fully Functional) rectified (₹0)."
B012,LiFePO4 (LFP) Module (4S),Solar Street Light / Telecom Decom,4S,12.8,6.0,76.8,187,0.7,12.63,3.37,88.9,27.3,0.26,Intact (Good),None (0-1%),None,PASS,Normal,Normal,Safe,None (Passed All Thresholds),89.5,68.7,33.7,Low (<0.015%/cycle),Tier 1: Excellent (>85%),Good / Balanced,Operational (Healthy),Faulty / Open Circuit Drift,Clean & Firm,Clean (No Cracks),Temperature Sensor Lead Detachment,Medium (Impaired Thermal Monitoring),Yes,320,Easy (Plug-in NTC Thermistor Swap),Repair & Retest Sensor,PASS (Thermal Loop Verified),89.5,68.7,Eligible (Post-Repair),Healthcare Clinic Backup,92,"PASSED SAFETY GATE. Effective SoH: 89.5%, Available Capacity: 68.7 Wh, Peak Power: 33.7 W. Matched to 'Healthcare Clinic Backup' (Score: 92%). Rationale: High criticality approved. Internal resistance (88.9 mΩ) satisfies application thermal envelope. Post-repair validated: Temperature Sensor Lead Detachment rectified (₹320)."
B013,NMC Light-EV Pack (10S),Shared E-Scooter Fleet Fleet Retire,10S,36.0,7.8,280.8,1432,5.5,16.26,1.28,451.1,29.3,0.25,Intact (Good),None (0-1%),None,FAIL,Normal,CRITICAL (Deep Discharge Under-Voltage),Safe,Copper Shunt / Dendrite Short Risk (<2.0V/cell),N/A (Unsafe),0.0,0.0,Catastrophic,Unfit / Hazardous,Dead Cell / Inversion,Operational (Healthy),Accurate / Responsive,Clean & Firm,Clean (No Cracks),Irreversible Cell Over-discharge,Critical,No (Inherent Cell Hazard),0,Impossible (Hazardous),Reject & Immediate Recycling,Not Applicable,0.0,0.0,Unfit for Reuse,None (Safety Rejected),0,"EJECTED AT SAFETY GATE: Fails mandatory screening due to Copper Shunt / Dendrite Short Risk (<2.0V/cell). Under REUSEGRID AI protocol, zero matching score can override a physical safety failure. Battery routed directly to certified closed-loop recycling."
B014,Power Tool Li-ion Pack (5S),Industrial Tool Rental Surplus,5S,18.0,4.0,72.0,1257,4.4,17.63,2.75,243.5,30.3,0.17,Intact (Good),None (0-1%),None,PASS,Normal,Normal,Safe,None (Passed All Thresholds),63.0,45.4,19.2,Severe (>0.035%/cycle),Tier 4: Highly Degraded (<65%),Good / Balanced,BMS Protection Lock / Blown MOSFET,Accurate / Responsive,Clean & Firm,Clean (No Cracks),BMS Discharge Port Fault,High (Output Power Blocked/Erratic),Yes,1100,Moderate (Modular BMS Replacement),Replace BMS Board & Calibrate,PASS (Protection Thresholds Verified),65.4,47.1,Eligible (Post-Repair),Rural School Lighting & Labs,81,"PASSED SAFETY GATE. Effective SoH: 65.4%, Available Capacity: 47.1 Wh, Peak Power: 19.2 W. Matched to 'Rural School Lighting & Labs' (Score: 81%). Rationale: Daytime educational load requirement met. Internal resistance (243.5 mΩ) satisfies application thermal envelope. Post-repair validated: BMS Discharge Port Fault rectified (₹1100)."
B015,Li-ion 18650 Pack (3S),Portable Medical / Tech Return,3S,11.1,4.4,48.8,864,3.2,11.18,2.76,95.7,25.1,0.25,Intact (Good),None (0-1%),None,PASS,Normal,Normal,Safe,None (Passed All Thresholds),70.8,34.6,13.7,Elevated (0.024%/cycle),Tier 3: Moderate (65-74%),Good / Balanced,Operational (Healthy),Accurate / Responsive,Clean & Firm,Clean (No Cracks),None (Fully Functional),None,Not Applicable,0,None,Direct Second-Life Allocation,Not Applicable (Direct Pass),70.8,34.6,Eligible (Direct),Community Solar Microgrid,85,"PASSED SAFETY GATE. Effective SoH: 70.8%, Available Capacity: 34.6 Wh, Peak Power: 13.7 W. Matched to 'Community Solar Microgrid' (Score: 85%). Rationale: Daily solar diurnal buffering compatible. Internal resistance (95.7 mΩ) satisfies application thermal envelope. Clean unit with zero component defects."
B016,NMC Light-EV Pack (10S),Shared E-Scooter Fleet Fleet Retire,10S,36.0,7.8,280.8,458,1.8,17.29,1.46,232.8,31.5,0.36,Intact (Good),None (0-1%),None,FAIL,Normal,CRITICAL (Deep Discharge Under-Voltage),Safe,Copper Shunt / Dendrite Short Risk (<2.0V/cell),N/A (Unsafe),0.0,0.0,Catastrophic,Unfit / Hazardous,Dead Cell / Inversion,Operational (Healthy),Accurate / Responsive,Clean & Firm,Clean (No Cracks),Irreversible Cell Over-discharge,Critical,No (Inherent Cell Hazard),0,Impossible (Hazardous),Reject & Immediate Recycling,Not Applicable,0.0,0.0,Unfit for Reuse,None (Safety Rejected),0,"EJECTED AT SAFETY GATE: Fails mandatory screening due to Copper Shunt / Dendrite Short Risk (<2.0V/cell). Under REUSEGRID AI protocol, zero matching score can override a physical safety failure. Battery routed directly to certified closed-loop recycling."
B017,Prismatic Li-ion Module (2S),Telecom Backup Rack Module,2S,7.4,10.0,74.0,1095,4.0,7.64,3.27,79.3,29.4,0.2,Intact (Good),None (0-1%),None,PASS,Normal,Normal,Safe,None (Passed All Thresholds),61.9,45.8,19.2,Severe (>0.035%/cycle),Tier 4: Highly Degraded (<65%),Good / Balanced,Operational (Healthy),Accurate / Responsive,Clean & Firm,Clean (No Cracks),None (Fully Functional),None,Not Applicable,0,None,De-rate Power & Direct Allocation,Not Applicable (Direct Pass),61.9,45.8,Eligible (Limited Use - Derated),Rural Off-Grid Household,76,"PASSED SAFETY GATE. Effective SoH: 61.9%, Available Capacity: 45.8 Wh, Peak Power: 19.2 W. Matched to 'Rural Off-Grid Household' (Score: 76%). Rationale: Moderate lighting & phone charging load. Internal resistance (79.3 mΩ) satisfies application thermal envelope. Post-repair validated: None (Fully Functional) rectified (₹0)."
B018,LiFePO4 (LFP) Module (4S),Solar Street Light / Telecom Decom,4S,12.8,6.0,76.8,1233,4.7,12.45,3.27,152.5,29.2,0.1,Intact (Good),None (0-1%),None,PASS,Normal,Normal,Safe,None (Passed All Thresholds),65.2,50.1,18.6,Elevated (0.024%/cycle),Tier 3: Moderate (65-74%),Good / Balanced,Operational (Healthy),Accurate / Responsive,Clean & Firm,Clean (No Cracks),None (Fully Functional),None,Not Applicable,0,None,De-rate Power & Direct Allocation,Not Applicable (Direct Pass),65.2,50.1,Eligible (Limited Use - Derated),Rural School Lighting & Labs,81,"PASSED SAFETY GATE. Effective SoH: 65.2%, Available Capacity: 50.1 Wh, Peak Power: 18.6 W. Matched to 'Rural School Lighting & Labs' (Score: 81%). Rationale: Daytime educational load requirement met. Internal resistance (152.5 mΩ) satisfies application thermal envelope. Post-repair validated: None (Fully Functional) rectified (₹0)."
B019,Prismatic Li-ion Module (2S),Telecom Backup Rack Module,2S,7.4,10.0,74.0,177,0.6,7.24,2.84,47.5,26.7,0.2,Severely Distorted / Puffed,Severe Swelling (>6%),None,FAIL,Normal,Normal,CRITICAL (Pouch/Can Deformed),Mechanical Instability: Internal Delamination / Gas Build-up,N/A (Unsafe),0.0,0.0,Catastrophic,Unfit / Hazardous,Gassing / Cell Swelling,Operational (Healthy),Accurate / Responsive,Clean & Firm,Clean (No Cracks),Severe Cell Deformation,Catastrophic,No (Inherent Cell Hazard),0,Impossible (Hazardous),Reject & Immediate Recycling,Not Applicable,0.0,0.0,Unfit for Reuse,None (Safety Rejected),0,"EJECTED AT SAFETY GATE: Fails mandatory screening due to Mechanical Instability: Internal Delamination / Gas Build-up. Under REUSEGRID AI protocol, zero matching score can override a physical safety failure. Battery routed directly to certified closed-loop recycling."
B020,LiFePO4 (LFP) Module (4S),Solar Street Light / Telecom Decom,4S,12.8,6.0,76.8,882,3.4,12.66,1.81,126.5,26.7,0.39,Intact (Good),None (0-1%),None,PASS,Normal,Normal,Safe,None (Passed All Thresholds),76.3,58.6,25.1,Moderate (0.018%/cycle),Tier 2: Good (75-84%),Good / Balanced,Operational (Healthy),Accurate / Responsive,Clean & Firm,Clean (No Cracks),None (Fully Functional),None,Not Applicable,0,None,Direct Second-Life Allocation,Not Applicable (Direct Pass),76.3,58.6,Eligible (Direct),Telecom Cell Tower Backup,90,"PASSED SAFETY GATE. Effective SoH: 76.3%, Available Capacity: 58.6 Wh, Peak Power: 25.1 W. Matched to 'Telecom Cell Tower Backup' (Score: 90%). Rationale: Steady high-reliability discharge profile. Internal resistance (126.5 mΩ) satisfies application thermal envelope. Clean unit with zero component defects."
B021,Li-ion 18650 Pack (4S),Robotics / Drone Fleet Return,4S,14.8,5.2,77.0,862,3.3,14.44,2.86,115.3,27.0,0.11,Intact (Good),None (0-1%),None,PASS,Normal,Normal,Safe,None (Passed All Thresholds),83.7,64.4,30.9,Moderate (0.018%/cycle),Tier 2: Good (75-84%),Good / Balanced,Operational (Healthy),Accurate / Responsive,Clean & Firm,Clean (No Cracks),None (Fully Functional),None,Not Applicable,0,None,Direct Second-Life Allocation,Not Applicable (Direct Pass),83.7,64.4,Eligible (Direct),Emergency Disaster Shelter,86,"PASSED SAFETY GATE. Effective SoH: 83.7%, Available Capacity: 64.4 Wh, Peak Power: 30.9 W. Matched to 'Emergency Disaster Shelter' (Score: 86%). Rationale: Robust emergency resilience match. Internal resistance (115.3 mΩ) satisfies application thermal envelope. Clean unit with zero component defects."
B022,NMC Light-EV Pack (10S),Shared E-Scooter Fleet Fleet Retire,10S,36.0,7.8,280.8,1333,5.1,37.23,2.18,404.7,31.8,0.39,Intact (Good),None (0-1%),None,PASS,Normal,Normal,Safe,None (Passed All Thresholds),59.2,166.2,86.5,Severe (>0.035%/cycle),Tier 4: Highly Degraded (<65%),Good / Balanced,Operational (Healthy),Accurate / Responsive,Oxidized Terminals / Damaged XT60 Pin,Clean (No Cracks),High-Resistance Connector Degradation,Medium (Localized Contact Heating),Yes,120,Easy (Terminal Re-crimp & Re-soldering),Replace Connector Harness,PASS (Contact Resistance < 5 mOhm),59.2,166.2,Eligible (Post-Repair),Rural Off-Grid Household,73,"PASSED SAFETY GATE. Effective SoH: 59.2%, Available Capacity: 166.2 Wh, Peak Power: 86.5 W. Matched to 'Rural Off-Grid Household' (Score: 73%). Rationale: Moderate lighting & phone charging load. Internal resistance (404.7 mΩ) satisfies application thermal envelope. Post-repair validated: High-Resistance Connector Degradation rectified (₹120)."
B023,LiFePO4 (LFP) Module (4S),Solar Street Light / Telecom Decom,4S,12.8,6.0,76.8,632,2.6,13.25,2.8,131.7,29.0,0.13,Intact (Good),None (0-1%),None,PASS,Normal,Normal,Safe,None (Passed All Thresholds),77.4,59.4,28.1,Moderate (0.018%/cycle),Tier 2: Good (75-84%),Good / Balanced,Operational (Healthy),Accurate / Responsive,Oxidized Terminals / Damaged XT60 Pin,Clean (No Cracks),High-Resistance Connector Degradation,Medium (Localized Contact Heating),Yes,220,Easy (Terminal Re-crimp & Re-soldering),Replace Connector Harness,PASS (Contact Resistance < 5 mOhm),77.4,59.4,Eligible (Post-Repair),Telecom Cell Tower Backup,91,"PASSED SAFETY GATE. Effective SoH: 77.4%, Available Capacity: 59.4 Wh, Peak Power: 28.1 W. Matched to 'Telecom Cell Tower Backup' (Score: 91%). Rationale: Steady high-reliability discharge profile. Internal resistance (131.7 mΩ) satisfies application thermal envelope. Post-repair validated: High-Resistance Connector Degradation rectified (₹220)."
B024,Prismatic Li-ion Module (2S),Telecom Backup Rack Module,2S,7.4,10.0,74.0,423,1.6,7.52,2.03,56.9,27.1,0.34,Intact (Good),None (0-1%),None,PASS,Normal,Normal,Safe,None (Passed All Thresholds),88.6,65.6,33.6,Low (<0.015%/cycle),Tier 1: Excellent (>85%),Good / Balanced,Operational (Healthy),Accurate / Responsive,Clean & Firm,Clean (No Cracks),None (Fully Functional),None,Not Applicable,0,None,Direct Second-Life Allocation,Not Applicable (Direct Pass),88.6,65.6,Eligible (Direct),Healthcare Clinic Backup,96,"PASSED SAFETY GATE. Effective SoH: 88.6%, Available Capacity: 65.6 Wh, Peak Power: 33.6 W. Matched to 'Healthcare Clinic Backup' (Score: 96%). Rationale: High criticality approved. Internal resistance (56.9 mΩ) satisfies application thermal envelope. Clean unit with zero component defects."
B025,Power Tool Li-ion Pack (5S),Industrial Tool Rental Surplus,5S,18.0,4.0,72.0,1267,4.6,18.29,3.03,209.0,31.2,0.2,Intact (Good),None (0-1%),None,PASS,Normal,Normal,Safe,None (Passed All Thresholds),67.5,48.6,20.7,Elevated (0.024%/cycle),Tier 3: Moderate (65-74%),Good / Balanced,Operational (Healthy),Accurate / Responsive,Clean & Firm,Clean (No Cracks),None (Fully Functional),None,Not Applicable,0,None,De-rate Power & Direct Allocation,Not Applicable (Direct Pass),67.5,48.6,Eligible (Limited Use - Derated),Rural School Lighting & Labs,76,"PASSED SAFETY GATE. Effective SoH: 67.5%, Available Capacity: 48.6 Wh, Peak Power: 20.7 W. Matched to 'Rural School Lighting & Labs' (Score: 76%). Rationale: Daytime educational load requirement met. Internal resistance (209.0 mΩ) satisfies application thermal envelope. Post-repair validated: None (Fully Functional) rectified (₹0)."
B026,Power Tool Li-ion Pack (5S),Industrial Tool Rental Surplus,5S,18.0,4.0,72.0,807,2.6,18.13,1.27,124.2,25.3,0.35,Intact (Good),None (0-1%),None,PASS,Normal,Normal,Safe,None (Passed All Thresholds),84.9,61.1,25.8,Moderate (0.018%/cycle),Tier 2: Good (75-84%),Good / Balanced,Operational (Healthy),Accurate / Responsive,Clean & Firm,Clean (No Cracks),None (Fully Functional),None,Not Applicable,0,None,Direct Second-Life Allocation,Not Applicable (Direct Pass),84.9,61.1,Eligible (Direct),Healthcare Clinic Backup,91,"PASSED SAFETY GATE. Effective SoH: 84.9%, Available Capacity: 61.1 Wh, Peak Power: 25.8 W. Matched to 'Healthcare Clinic Backup' (Score: 91%). Rationale: High criticality approved. Internal resistance (124.2 mΩ) satisfies application thermal envelope. Clean unit with zero component defects."
B027,Li-ion 18650 Pack (4S),Robotics / Drone Fleet Return,4S,14.8,5.2,77.0,753,2.9,14.27,2.42,106.5,28.8,0.29,Intact (Good),None (0-1%),None,PASS,Normal,Normal,Safe,None (Passed All Thresholds),79.3,61.1,30.3,Moderate (0.018%/cycle),Tier 2: Good (75-84%),Good / Balanced,Operational (Healthy),Accurate / Responsive,Clean & Firm,Clean (No Cracks),None (Fully Functional),None,Not Applicable,0,None,Direct Second-Life Allocation,Not Applicable (Direct Pass),79.3,61.1,Eligible (Direct),Emergency Disaster Shelter,92,"PASSED SAFETY GATE. Effective SoH: 79.3%, Available Capacity: 61.1 Wh, Peak Power: 30.3 W. Matched to 'Emergency Disaster Shelter' (Score: 92%). Rationale: Robust emergency resilience match. Internal resistance (106.5 mΩ) satisfies application thermal envelope. Clean unit with zero component defects."
B028,LiFePO4 (LFP) Module (4S),Solar Street Light / Telecom Decom,4S,12.8,6.0,76.8,747,2.6,12.37,1.26,137.1,31.7,0.35,Intact (Good),None (0-1%),None,PASS,Normal,Normal,Safe,None (Passed All Thresholds),75.8,58.2,28.5,Moderate (0.018%/cycle),Tier 2: Good (75-84%),Good / Balanced,Operational (Healthy),Accurate / Responsive,Clean & Firm,Clean (No Cracks),None (Fully Functional),None,Not Applicable,0,None,Direct Second-Life Allocation,Not Applicable (Direct Pass),75.8,58.2,Eligible (Direct),Telecom Cell Tower Backup,86,"PASSED SAFETY GATE. Effective SoH: 75.8%, Available Capacity: 58.2 Wh, Peak Power: 28.5 W. Matched to 'Telecom Cell Tower Backup' (Score: 86%). Rationale: Steady high-reliability discharge profile. Internal resistance (137.1 mΩ) satisfies application thermal envelope. Clean unit with zero component defects."
B029,Prismatic Li-ion Module (2S),Telecom Backup Rack Module,2S,7.4,10.0,74.0,457,1.4,7.49,1.84,49.1,31.7,0.32,Intact (Good),None (0-1%),None,PASS,Normal,Normal,Safe,None (Passed All Thresholds),88.1,65.2,30.0,Low (<0.015%/cycle),Tier 1: Excellent (>85%),Good / Balanced,Operational (Healthy),Accurate / Responsive,Clean & Firm,Clean (No Cracks),None (Fully Functional),None,Not Applicable,0,None,Direct Second-Life Allocation,Not Applicable (Direct Pass),88.1,65.2,Eligible (Direct),Healthcare Clinic Backup,94,"PASSED SAFETY GATE. Effective SoH: 88.1%, Available Capacity: 65.2 Wh, Peak Power: 30.0 W. Matched to 'Healthcare Clinic Backup' (Score: 94%). Rationale: High criticality approved. Internal resistance (49.1 mΩ) satisfies application thermal envelope. Clean unit with zero component defects."
B030,Li-ion 18650 Pack (4S),Robotics / Drone Fleet Return,4S,14.8,5.2,77.0,661,2.2,14.35,1.31,93.0,25.3,0.36,Intact (Good),None (0-1%),None,PASS,Normal,Normal,Safe,None (Passed All Thresholds),85.3,65.7,32.2,Low (<0.015%/cycle),Tier 1: Excellent (>85%),Good / Balanced,Operational (Healthy),Accurate / Responsive,Clean & Firm,Clean (No Cracks),None (Fully Functional),None,Not Applicable,0,None,Direct Second-Life Allocation,Not Applicable (Direct Pass),85.3,65.7,Eligible (Direct),Healthcare Clinic Backup,93,"PASSED SAFETY GATE. Effective SoH: 85.3%, Available Capacity: 65.7 Wh, Peak Power: 32.2 W. Matched to 'Healthcare Clinic Backup' (Score: 93%). Rationale: High criticality approved. Internal resistance (93.0 mΩ) satisfies application thermal envelope. Clean unit with zero component defects."
B031,Li-ion 18650 Pack (3S),Portable Medical / Tech Return,3S,11.1,4.4,48.8,373,1.4,11.01,2.62,83.1,29.4,0.11,Intact (Good),None (0-1%),None,PASS,Normal,Normal,Safe,None (Passed All Thresholds),84.3,41.1,19.5,Moderate (0.018%/cycle),Tier 2: Good (75-84%),Good / Balanced,BMS Protection Lock / Blown MOSFET,Accurate / Responsive,Clean & Firm,Clean (No Cracks),BMS Discharge Port Fault,High (Output Power Blocked/Erratic),Yes,850,Moderate (Modular BMS Replacement),Replace BMS Board & Calibrate,PASS (Protection Thresholds Verified),86.1,42.0,Eligible (Post-Repair),Community Solar Microgrid,83,"PASSED SAFETY GATE. Effective SoH: 86.1%, Available Capacity: 42.0 Wh, Peak Power: 19.5 W. Matched to 'Community Solar Microgrid' (Score: 83%). Rationale: Daily solar diurnal buffering compatible. Internal resistance (83.1 mΩ) satisfies application thermal envelope. Post-repair validated: BMS Discharge Port Fault rectified (₹850)."
B032,Li-ion 18650 Pack (3S),Portable Medical / Tech Return,3S,11.1,4.4,48.8,1158,4.3,11.49,2.52,129.8,27.7,0.29,Intact (Good),None (0-1%),None,PASS,Normal,Normal,Safe,None (Passed All Thresholds),64.8,31.6,14.0,Severe (>0.035%/cycle),Tier 4: Highly Degraded (<65%),Good / Balanced,Operational (Healthy),Accurate / Responsive,Oxidized Terminals / Damaged XT60 Pin,Clean (No Cracks),High-Resistance Connector Degradation,Medium (Localized Contact Heating),Yes,120,Easy (Terminal Re-crimp & Re-soldering),Replace Connector Harness,PASS (Contact Resistance < 5 mOhm),64.8,31.6,Eligible (Post-Repair),Rural School Lighting & Labs,80,"PASSED SAFETY GATE. Effective SoH: 64.8%, Available Capacity: 31.6 Wh, Peak Power: 14.0 W. Matched to 'Rural School Lighting & Labs' (Score: 80%). Rationale: Daytime educational load requirement met. Internal resistance (129.8 mΩ) satisfies application thermal envelope. Post-repair validated: High-Resistance Connector Degradation rectified (₹120)."
B033,Prismatic Li-ion Module (2S),Telecom Backup Rack Module,2S,7.4,10.0,74.0,1336,4.7,7.29,3.14,75.8,25.2,0.34,Intact (Good),None (0-1%),None,PASS,Normal,Normal,Safe,None (Passed All Thresholds),61.7,45.7,18.6,Severe (>0.035%/cycle),Tier 4: Highly Degraded (<65%),Good / Balanced,Operational (Healthy),Accurate / Responsive,Clean & Firm,Clean (No Cracks),None (Fully Functional),None,Not Applicable,0,None,De-rate Power & Direct Allocation,Not Applicable (Direct Pass),61.7,45.7,Eligible (Limited Use - Derated),Rural Off-Grid Household,71,"PASSED SAFETY GATE. Effective SoH: 61.7%, Available Capacity: 45.7 Wh, Peak Power: 18.6 W. Matched to 'Rural Off-Grid Household' (Score: 71%). Rationale: Moderate lighting & phone charging load. Internal resistance (75.8 mΩ) satisfies application thermal envelope. Post-repair validated: None (Fully Functional) rectified (₹0)."
B034,Prismatic Li-ion Module (2S),Telecom Backup Rack Module,2S,7.4,10.0,74.0,935,3.5,7.27,1.61,80.0,30.3,0.34,Intact (Good),None (0-1%),None,PASS,Normal,Normal,Safe,None (Passed All Thresholds),73.3,54.2,29.7,Elevated (0.024%/cycle),Tier 3: Moderate (65-74%),Good / Balanced,Operational (Healthy),Accurate / Responsive,Clean & Firm,Clean (No Cracks),None (Fully Functional),None,Not Applicable,0,None,Direct Second-Life Allocation,Not Applicable (Direct Pass),73.3,54.2,Eligible (Direct),Community Solar Microgrid,82,"PASSED SAFETY GATE. Effective SoH: 73.3%, Available Capacity: 54.2 Wh, Peak Power: 29.7 W. Matched to 'Community Solar Microgrid' (Score: 82%). Rationale: Daily solar diurnal buffering compatible. Internal resistance (80.0 mΩ) satisfies application thermal envelope. Clean unit with zero component defects."
B035,LiFePO4 (LFP) Module (4S),Solar Street Light / Telecom Decom,4S,12.8,6.0,76.8,621,2.5,9.22,2.93,486.4,53.2,0.13,Intact (Good),None (0-1%),None,FAIL,Normal,Micro-Short Detected,Safe,Localized Internal Cell Micro-Short Circuit,N/A (Unsafe),0.0,0.0,Catastrophic,Unfit / Hazardous,Micro-Dendrite Internal Short,Operational (Healthy),Accurate / Responsive,Clean & Firm,Clean (No Cracks),Internal Short Circuit,Critical,No (Inherent Cell Hazard),0,Impossible (Hazardous),Reject & Immediate Recycling,Not Applicable,0.0,0.0,Unfit for Reuse,None (Safety Rejected),0,"EJECTED AT SAFETY GATE: Fails mandatory screening due to Localized Internal Cell Micro-Short Circuit. Under REUSEGRID AI protocol, zero matching score can override a physical safety failure. Battery routed directly to certified closed-loop recycling."
B036,Power Tool Li-ion Pack (5S),Industrial Tool Rental Surplus,5S,18.0,4.0,72.0,1109,3.9,18.58,1.41,178.8,27.2,0.39,Minor Hairline Crack on Corner Bracket,None (0-1%),None,PASS,Normal,Normal,Safe,None (Passed All Thresholds),66.6,48.0,25.9,Elevated (0.024%/cycle),Tier 3: Moderate (65-74%),Good / Balanced,Operational (Healthy),Accurate / Responsive,Clean & Firm,Damaged Mounting Bracket,Structural Enclosure Hairline Crack,Low (Non-Cell Cosmetic / Ingress Risk),No (Factory Moulded Shell),80,Minor (Epoxy / Seal Patching),Operate Under Sealed Enclosure (Limited Use),PASS (Ingress Safe in Indoor Rack),66.6,48.0,Eligible (Limited Use),Rural School Lighting & Labs,80,"PASSED SAFETY GATE. Effective SoH: 66.6%, Available Capacity: 48.0 Wh, Peak Power: 25.9 W. Matched to 'Rural School Lighting & Labs' (Score: 80%). Rationale: Daytime educational load requirement met. Internal resistance (178.8 mΩ) satisfies application thermal envelope. Post-repair validated: Structural Enclosure Hairline Crack rectified (₹80)."
B037,Power Tool Li-ion Pack (5S),Industrial Tool Rental Surplus,5S,18.0,4.0,72.0,862,3.1,18.36,3.02,191.6,30.5,0.13,Intact (Good),None (0-1%),None,PASS,Normal,Normal,Safe,None (Passed All Thresholds),71.0,51.1,22.9,Elevated (0.024%/cycle),Tier 3: Moderate (65-74%),Good / Balanced,Operational (Healthy),Faulty / Open Circuit Drift,Clean & Firm,Clean (No Cracks),Temperature Sensor Lead Detachment,Medium (Impaired Thermal Monitoring),Yes,250,Easy (Plug-in NTC Thermistor Swap),Repair & Retest Sensor,PASS (Thermal Loop Verified),71.0,51.1,Eligible (Post-Repair),Community Solar Microgrid,79,"PASSED SAFETY GATE. Effective SoH: 71.0%, Available Capacity: 51.1 Wh, Peak Power: 22.9 W. Matched to 'Community Solar Microgrid' (Score: 79%). Rationale: Daily solar diurnal buffering compatible. Internal resistance (191.6 mΩ) satisfies application thermal envelope. Post-repair validated: Temperature Sensor Lead Detachment rectified (₹250)."
B038,Li-ion 18650 Pack (3S),Portable Medical / Tech Return,3S,11.1,4.4,48.8,779,2.8,10.78,2.95,93.9,29.3,0.13,Intact (Good),None (0-1%),None,PASS,Normal,Normal,Safe,None (Passed All Thresholds),75.9,37.0,13.6,Moderate (0.018%/cycle),Tier 2: Good (75-84%),Good / Balanced,Operational (Healthy),Accurate / Responsive,Clean & Firm,Clean (No Cracks),None (Fully Functional),None,Not Applicable,0,None,Direct Second-Life Allocation,Not Applicable (Direct Pass),75.9,37.0,Eligible (Direct),Community Solar Microgrid,85,"PASSED SAFETY GATE. Effective SoH: 75.9%, Available Capacity: 37.0 Wh, Peak Power: 13.6 W. Matched to 'Community Solar Microgrid' (Score: 85%). Rationale: Daily solar diurnal buffering compatible. Internal resistance (93.9 mΩ) satisfies application thermal envelope. Clean unit with zero component defects."
B039,Li-ion 18650 Pack (3S),Portable Medical / Tech Return,3S,11.1,4.4,48.8,338,1.5,11.53,2.06,70.6,27.6,0.34,Intact (Good),None (0-1%),None,PASS,Normal,Normal,Safe,None (Passed All Thresholds),87.8,42.8,23.1,Low (<0.015%/cycle),Tier 1: Excellent (>85%),Good / Balanced,Operational (Healthy),Faulty / Open Circuit Drift,Clean & Firm,Clean (No Cracks),Temperature Sensor Lead Detachment,Medium (Impaired Thermal Monitoring),Yes,400,Easy (Plug-in NTC Thermistor Swap),Repair & Retest Sensor,PASS (Thermal Loop Verified),87.8,42.8,Eligible (Post-Repair),Community Solar Microgrid,88,"PASSED SAFETY GATE. Effective SoH: 87.8%, Available Capacity: 42.8 Wh, Peak Power: 23.1 W. Matched to 'Community Solar Microgrid' (Score: 88%). Rationale: Daily solar diurnal buffering compatible. Internal resistance (70.6 mΩ) satisfies application thermal envelope. Post-repair validated: Temperature Sensor Lead Detachment rectified (₹400)."
B040,Li-ion 18650 Pack (3S),Portable Medical / Tech Return,3S,11.1,4.4,48.8,1005,3.6,10.75,2.33,151.6,25.1,0.24,Minor Hairline Crack on Corner Bracket,None (0-1%),None,PASS,Normal,Normal,Safe,None (Passed All Thresholds),63.2,30.8,11.1,Severe (>0.035%/cycle),Tier 4: Highly Degraded (<65%),Good / Balanced,Operational (Healthy),Accurate / Responsive,Clean & Firm,Damaged Mounting Bracket,Structural Enclosure Hairline Crack,Low (Non-Cell Cosmetic / Ingress Risk),No (Factory Moulded Shell),80,Minor (Epoxy / Seal Patching),Operate Under Sealed Enclosure (Limited Use),PASS (Ingress Safe in Indoor Rack),63.2,30.8,Eligible (Limited Use),Rural Off-Grid Household,71,"PASSED SAFETY GATE. Effective SoH: 63.2%, Available Capacity: 30.8 Wh, Peak Power: 11.1 W. Matched to 'Rural Off-Grid Household' (Score: 71%). Rationale: Moderate lighting & phone charging load. Internal resistance (151.6 mΩ) satisfies application thermal envelope. Post-repair validated: Structural Enclosure Hairline Crack rectified (₹80)."
B041,Power Tool Li-ion Pack (5S),Industrial Tool Rental Surplus,5S,18.0,4.0,72.0,398,1.6,17.82,1.86,149.2,31.1,0.17,Intact (Good),None (0-1%),None,PASS,Normal,Normal,Safe,None (Passed All Thresholds),89.7,64.6,22.8,Low (<0.015%/cycle),Tier 1: Excellent (>85%),Good / Balanced,BMS Protection Lock / Blown MOSFET,Accurate / Responsive,Clean & Firm,Clean (No Cracks),BMS Discharge Port Fault,High (Output Power Blocked/Erratic),Yes,1100,Moderate (Modular BMS Replacement),Replace BMS Board & Calibrate,PASS (Protection Thresholds Verified),92.6,66.7,Eligible (Post-Repair),Healthcare Clinic Backup,97,"PASSED SAFETY GATE. Effective SoH: 92.6%, Available Capacity: 66.7 Wh, Peak Power: 22.8 W. Matched to 'Healthcare Clinic Backup' (Score: 97%). Rationale: High criticality approved. Internal resistance (149.2 mΩ) satisfies application thermal envelope. Post-repair validated: BMS Discharge Port Fault rectified (₹1100)."
B042,Prismatic Li-ion Module (2S),Telecom Backup Rack Module,2S,7.4,10.0,74.0,288,1.4,7.43,3.43,42.8,28.7,0.29,Intact (Good),None (0-1%),None,PASS,Normal,Normal,Safe,None (Passed All Thresholds),91.5,67.7,33.1,Low (<0.015%/cycle),Tier 1: Excellent (>85%),Good / Balanced,Operational (Healthy),Accurate / Responsive,Clean & Firm,Clean (No Cracks),None (Fully Functional),None,Not Applicable,0,None,Direct Second-Life Allocation,Not Applicable (Direct Pass),91.5,67.7,Eligible (Direct),Healthcare Clinic Backup,93,"PASSED SAFETY GATE. Effective SoH: 91.5%, Available Capacity: 67.7 Wh, Peak Power: 33.1 W. Matched to 'Healthcare Clinic Backup' (Score: 93%). Rationale: High criticality approved. Internal resistance (42.8 mΩ) satisfies application thermal envelope. Clean unit with zero component defects."
B043,LiFePO4 (LFP) Module (4S),Solar Street Light / Telecom Decom,4S,12.8,6.0,76.8,858,3.2,12.57,1.63,149.8,28.2,0.21,Intact (Good),None (0-1%),None,PASS,Normal,Normal,Safe,None (Passed All Thresholds),74.0,56.8,26.5,Elevated (0.024%/cycle),Tier 3: Moderate (65-74%),Good / Balanced,Operational (Healthy),Accurate / Responsive,Clean & Firm,Clean (No Cracks),None (Fully Functional),None,Not Applicable,0,None,Direct Second-Life Allocation,Not Applicable (Direct Pass),74.0,56.8,Eligible (Direct),Community Solar Microgrid,79,"PASSED SAFETY GATE. Effective SoH: 74.0%, Available Capacity: 56.8 Wh, Peak Power: 26.5 W. Matched to 'Community Solar Microgrid' (Score: 79%). Rationale: Daily solar diurnal buffering compatible. Internal resistance (149.8 mΩ) satisfies application thermal envelope. Clean unit with zero component defects."
B044,LiFePO4 (LFP) Module (4S),Solar Street Light / Telecom Decom,4S,12.8,6.0,76.8,1442,5.5,13.12,2.77,187.8,26.1,0.37,Chemical Residue & Vent Breach,None (0-1%),Active Electrolyte Leakage / Corrosion,FAIL,Normal,Normal,CRITICAL (Chemical Hazard),Safety Vent Ruptured & Toxic Chemical Egress,N/A (Unsafe),0.0,0.0,Catastrophic,Unfit / Hazardous,Good / Balanced,Operational (Healthy),Accurate / Responsive,Clean & Firm,Clean (No Cracks),Seal Rupture & Electrolyte Evaporation,Catastrophic,No (Inherent Cell Hazard),0,Impossible (Hazardous),Reject & Immediate Recycling,Not Applicable,0.0,0.0,Unfit for Reuse,None (Safety Rejected),0,"EJECTED AT SAFETY GATE: Fails mandatory screening due to Safety Vent Ruptured & Toxic Chemical Egress. Under REUSEGRID AI protocol, zero matching score can override a physical safety failure. Battery routed directly to certified closed-loop recycling."
B045,Li-ion 18650 Pack (4S),Robotics / Drone Fleet Return,4S,14.8,5.2,77.0,1359,5.1,15.23,1.3,233.4,25.2,0.21,Intact (Good),None (0-1%),None,PASS,Normal,Normal,Safe,None (Passed All Thresholds),54.8,42.2,21.6,Severe (>0.035%/cycle),Tier 4: Highly Degraded (<65%),Good / Balanced,Operational (Healthy),Accurate / Responsive,Clean & Firm,Clean (No Cracks),None (Fully Functional),None,Not Applicable,0,None,De-rate Power & Direct Allocation,Not Applicable (Direct Pass),54.8,42.2,Eligible (Limited Use - Derated),Secondary Micro-Reserve Buffer,73,"PASSED SAFETY GATE. Effective SoH: 54.8%, Available Capacity: 42.2 Wh, Peak Power: 21.6 W. Matched to 'Secondary Micro-Reserve Buffer' (Score: 73%). Rationale: Low-drain buffer storage tier. Internal resistance (233.4 mΩ) satisfies application thermal envelope. Post-repair validated: None (Fully Functional) rectified (₹0)."
B046,Prismatic Li-ion Module (2S),Telecom Backup Rack Module,2S,7.4,10.0,74.0,434,1.7,7.6,2.28,57.1,27.9,0.18,Intact (Good),None (0-1%),None,PASS,Normal,Normal,Safe,None (Passed All Thresholds),88.1,65.2,23.6,Low (<0.015%/cycle),Tier 1: Excellent (>85%),Good / Balanced,Operational (Healthy),Accurate / Responsive,Clean & Firm,Clean (No Cracks),None (Fully Functional),None,Not Applicable,0,None,Direct Second-Life Allocation,Not Applicable (Direct Pass),88.1,65.2,Eligible (Direct),Healthcare Clinic Backup,96,"PASSED SAFETY GATE. Effective SoH: 88.1%, Available Capacity: 65.2 Wh, Peak Power: 23.6 W. Matched to 'Healthcare Clinic Backup' (Score: 96%). Rationale: High criticality approved. Internal resistance (57.1 mΩ) satisfies application thermal envelope. Clean unit with zero component defects."
B047,LiFePO4 (LFP) Module (4S),Solar Street Light / Telecom Decom,4S,12.8,6.0,76.8,1088,4.3,13.26,3.15,174.3,26.7,0.24,Intact (Good),None (0-1%),None,PASS,Normal,Normal,Safe,None (Passed All Thresholds),67.1,51.5,19.4,Elevated (0.024%/cycle),Tier 3: Moderate (65-74%),Good / Balanced,Operational (Healthy),Accurate / Responsive,Clean & Firm,Clean (No Cracks),None (Fully Functional),None,Not Applicable,0,None,De-rate Power & Direct Allocation,Not Applicable (Direct Pass),67.1,51.5,Eligible (Limited Use - Derated),Rural School Lighting & Labs,84,"PASSED SAFETY GATE. Effective SoH: 67.1%, Available Capacity: 51.5 Wh, Peak Power: 19.4 W. Matched to 'Rural School Lighting & Labs' (Score: 84%). Rationale: Daytime educational load requirement met. Internal resistance (174.3 mΩ) satisfies application thermal envelope. Post-repair validated: None (Fully Functional) rectified (₹0)."
B048,Li-ion 18650 Pack (4S),Robotics / Drone Fleet Return,4S,14.8,5.2,77.0,835,2.8,14.34,2.74,127.1,28.6,0.33,Intact (Good),None (0-1%),None,PASS,Normal,Normal,Safe,None (Passed All Thresholds),79.5,61.2,27.8,Moderate (0.018%/cycle),Tier 2: Good (75-84%),Good / Balanced,Operational (Healthy),Accurate / Responsive,Clean & Firm,Clean (No Cracks),None (Fully Functional),None,Not Applicable,0,None,Direct Second-Life Allocation,Not Applicable (Direct Pass),79.5,61.2,Eligible (Direct),Emergency Disaster Shelter,91,"PASSED SAFETY GATE. Effective SoH: 79.5%, Available Capacity: 61.2 Wh, Peak Power: 27.8 W. Matched to 'Emergency Disaster Shelter' (Score: 91%). Rationale: Robust emergency resilience match. Internal resistance (127.1 mΩ) satisfies application thermal envelope. Clean unit with zero component defects."
B049,Li-ion 18650 Pack (3S),Portable Medical / Tech Return,3S,11.1,4.4,48.8,781,2.9,10.68,2.94,95.1,29.3,0.31,Intact (Good),None (0-1%),None,PASS,Normal,Normal,Safe,None (Passed All Thresholds),75.9,37.0,14.5,Moderate (0.018%/cycle),Tier 2: Good (75-84%),Good / Balanced,Operational (Healthy),Accurate / Responsive,Clean & Firm,Clean (No Cracks),None (Fully Functional),None,Not Applicable,0,None,Direct Second-Life Allocation,Not Applicable (Direct Pass),75.9,37.0,Eligible (Direct),Community Solar Microgrid,80,"PASSED SAFETY GATE. Effective SoH: 75.9%, Available Capacity: 37.0 Wh, Peak Power: 14.5 W. Matched to 'Community Solar Microgrid' (Score: 80%). Rationale: Daily solar diurnal buffering compatible. Internal resistance (95.1 mΩ) satisfies application thermal envelope. Clean unit with zero component defects."
B050,LiFePO4 (LFP) Module (4S),Solar Street Light / Telecom Decom,4S,12.8,6.0,76.8,217,0.7,13.21,2.0,109.5,28.6,0.34,Intact (Good),None (0-1%),None,PASS,Normal,Normal,Safe,None (Passed All Thresholds),87.7,67.4,28.9,Low (<0.015%/cycle),Tier 1: Excellent (>85%),Good / Balanced,Operational (Healthy),Accurate / Responsive,Clean & Firm,Clean (No Cracks),None (Fully Functional),None,Not Applicable,0,None,Direct Second-Life Allocation,Not Applicable (Direct Pass),87.7,67.4,Eligible (Direct),Healthcare Clinic Backup,94,"PASSED SAFETY GATE. Effective SoH: 87.7%, Available Capacity: 67.4 Wh, Peak Power: 28.9 W. Matched to 'Healthcare Clinic Backup' (Score: 94%). Rationale: High criticality approved. Internal resistance (109.5 mΩ) satisfies application thermal envelope. Clean unit with zero component defects."
B051,Power Tool Li-ion Pack (5S),Industrial Tool Rental Surplus,5S,18.0,4.0,72.0,1168,4.5,18.69,2.33,231.5,27.3,0.29,Intact (Good),None (0-1%),None,PASS,Normal,Normal,Safe,None (Passed All Thresholds),58.9,42.4,16.9,Severe (>0.035%/cycle),Tier 4: Highly Degraded (<65%),Good / Balanced,Operational (Healthy),Accurate / Responsive,Clean & Firm,Clean (No Cracks),None (Fully Functional),None,Not Applicable,0,None,De-rate Power & Direct Allocation,Not Applicable (Direct Pass),58.9,42.4,Eligible (Limited Use - Derated),Rural Off-Grid Household,70,"PASSED SAFETY GATE. Effective SoH: 58.9%, Available Capacity: 42.4 Wh, Peak Power: 16.9 W. Matched to 'Rural Off-Grid Household' (Score: 70%). Rationale: Moderate lighting & phone charging load. Internal resistance (231.5 mΩ) satisfies application thermal envelope. Post-repair validated: None (Fully Functional) rectified (₹0)."
B052,Li-ion 18650 Pack (4S),Robotics / Drone Fleet Return,4S,14.8,5.2,77.0,411,1.3,15.27,2.29,110.4,29.7,0.15,Intact (Good),None (0-1%),None,PASS,Normal,Normal,Safe,None (Passed All Thresholds),84.4,65.0,25.2,Moderate (0.018%/cycle),Tier 2: Good (75-84%),Good / Balanced,Operational (Healthy),Faulty / Open Circuit Drift,Clean & Firm,Clean (No Cracks),Temperature Sensor Lead Detachment,Medium (Impaired Thermal Monitoring),Yes,400,Easy (Plug-in NTC Thermistor Swap),Secondary Re-test Failed -> Recycle,FAIL (Underlying Cell Thermal Drift),0.0,0.0,Unfit for Reuse,None (Post-Repair Fail),0,"UNFIT: Thermistor replaced, but failed mandatory post-repair thermal stability screening. Battery discarded to recycling."
B053,Power Tool Li-ion Pack (5S),Industrial Tool Rental Surplus,5S,18.0,4.0,72.0,283,0.8,17.45,2.26,110.4,26.4,0.21,Intact (Good),None (0-1%),None,PASS,Normal,Normal,Safe,None (Passed All Thresholds),89.2,64.2,28.9,Low (<0.015%/cycle),Tier 1: Excellent (>85%),Good / Balanced,Operational (Healthy),Accurate / Responsive,Clean & Firm,Clean (No Cracks),None (Fully Functional),None,Not Applicable,0,None,Direct Second-Life Allocation,Not Applicable (Direct Pass),89.2,64.2,Eligible (Direct),Healthcare Clinic Backup,95,"PASSED SAFETY GATE. Effective SoH: 89.2%, Available Capacity: 64.2 Wh, Peak Power: 28.9 W. Matched to 'Healthcare Clinic Backup' (Score: 95%). Rationale: High criticality approved. Internal resistance (110.4 mΩ) satisfies application thermal envelope. Clean unit with zero component defects."
B054,Power Tool Li-ion Pack (5S),Industrial Tool Rental Surplus,5S,18.0,4.0,72.0,280,1.3,18.61,1.34,143.9,26.9,0.34,Intact (Good),None (0-1%),None,PASS,Normal,Normal,Safe,None (Passed All Thresholds),88.7,63.9,31.9,Low (<0.015%/cycle),Tier 1: Excellent (>85%),Good / Balanced,BMS Protection Lock / Blown MOSFET,Accurate / Responsive,Clean & Firm,Clean (No Cracks),BMS Discharge Port Fault,High (Output Power Blocked/Erratic),Yes,650,Moderate (Modular BMS Replacement),Replace BMS Board & Calibrate,FAIL (Damaged Cell Voltage Taps),0.0,0.0,Unfit for Reuse,None (Post-Repair Fail),0,UNFIT: New BMS installed but cell sensing taps detected unrecoverable internal cell imbalance. Recycled.
B055,LiFePO4 (LFP) Module (4S),Solar Street Light / Telecom Decom,4S,12.8,6.0,76.8,468,1.5,12.67,2.26,105.0,30.2,0.11,Intact (Good),None (0-1%),None,PASS,Normal,Normal,Safe,None (Passed All Thresholds),85.6,65.7,26.3,Low (<0.015%/cycle),Tier 1: Excellent (>85%),Good / Balanced,Operational (Healthy),Faulty / Open Circuit Drift,Clean & Firm,Clean (No Cracks),Temperature Sensor Lead Detachment,Medium (Impaired Thermal Monitoring),Yes,400,Easy (Plug-in NTC Thermistor Swap),Secondary Re-test Failed -> Recycle,FAIL (Underlying Cell Thermal Drift),0.0,0.0,Unfit for Reuse,None (Post-Repair Fail),0,"UNFIT: Thermistor replaced, but failed mandatory post-repair thermal stability screening. Battery discarded to recycling."
B056,Li-ion 18650 Pack (3S),Portable Medical / Tech Return,3S,11.1,4.4,48.8,955,3.7,11.05,2.43,84.0,26.7,0.18,Intact (Good),None (0-1%),None,PASS,Normal,Normal,Safe,None (Passed All Thresholds),82.0,40.0,17.0,Moderate (0.018%/cycle),Tier 2: Good (75-84%),Good / Balanced,Operational (Healthy),Accurate / Responsive,Clean & Firm,Clean (No Cracks),None (Fully Functional),None,Not Applicable,0,None,Direct Second-Life Allocation,Not Applicable (Direct Pass),82.0,40.0,Eligible (Direct),Community Solar Microgrid,79,"PASSED SAFETY GATE. Effective SoH: 82.0%, Available Capacity: 40.0 Wh, Peak Power: 17.0 W. Matched to 'Community Solar Microgrid' (Score: 79%). Rationale: Daily solar diurnal buffering compatible. Internal resistance (84.0 mΩ) satisfies application thermal envelope. Clean unit with zero component defects."
B057,Li-ion 18650 Pack (3S),Portable Medical / Tech Return,3S,11.1,4.4,48.8,581,1.9,11.18,2.76,101.3,30.5,0.25,Intact (Good),None (0-1%),None,PASS,Normal,Normal,Safe,None (Passed All Thresholds),80.5,39.3,14.4,Moderate (0.018%/cycle),Tier 2: Good (75-84%),Good / Balanced,Operational (Healthy),Accurate / Responsive,Clean & Firm,Clean (No Cracks),None (Fully Functional),None,Not Applicable,0,None,Direct Second-Life Allocation,Not Applicable (Direct Pass),80.5,39.3,Eligible (Direct),Community Solar Microgrid,83,"PASSED SAFETY GATE. Effective SoH: 80.5%, Available Capacity: 39.3 Wh, Peak Power: 14.4 W. Matched to 'Community Solar Microgrid' (Score: 83%). Rationale: Daily solar diurnal buffering compatible. Internal resistance (101.3 mΩ) satisfies application thermal envelope. Clean unit with zero component defects."
B058,Power Tool Li-ion Pack (5S),Industrial Tool Rental Surplus,5S,18.0,4.0,72.0,816,3.1,17.8,2.69,171.8,29.0,0.21,Intact (Good),None (0-1%),None,PASS,Normal,Normal,Safe,None (Passed All Thresholds),71.9,51.8,28.4,Elevated (0.024%/cycle),Tier 3: Moderate (65-74%),Good / Balanced,Operational (Healthy),Accurate / Responsive,Clean & Firm,Clean (No Cracks),None (Fully Functional),None,Not Applicable,0,None,Direct Second-Life Allocation,Not Applicable (Direct Pass),71.9,51.8,Eligible (Direct),Community Solar Microgrid,84,"PASSED SAFETY GATE. Effective SoH: 71.9%, Available Capacity: 51.8 Wh, Peak Power: 28.4 W. Matched to 'Community Solar Microgrid' (Score: 84%). Rationale: Daily solar diurnal buffering compatible. Internal resistance (171.8 mΩ) satisfies application thermal envelope. Clean unit with zero component defects."
B059,Li-ion 18650 Pack (4S),Robotics / Drone Fleet Return,4S,14.8,5.2,77.0,515,1.6,14.43,1.86,101.4,26.2,0.37,Intact (Good),None (0-1%),None,PASS,Normal,Normal,Safe,None (Passed All Thresholds),83.7,64.4,23.6,Moderate (0.018%/cycle),Tier 2: Good (75-84%),Good / Balanced,Operational (Healthy),Accurate / Responsive,Clean & Firm,Clean (No Cracks),None (Fully Functional),None,Not Applicable,0,None,Direct Second-Life Allocation,Not Applicable (Direct Pass),83.7,64.4,Eligible (Direct),Emergency Disaster Shelter,88,"PASSED SAFETY GATE. Effective SoH: 83.7%, Available Capacity: 64.4 Wh, Peak Power: 23.6 W. Matched to 'Emergency Disaster Shelter' (Score: 88%). Rationale: Robust emergency resilience match. Internal resistance (101.4 mΩ) satisfies application thermal envelope. Clean unit with zero component defects."
B060,Power Tool Li-ion Pack (5S),Industrial Tool Rental Surplus,5S,18.0,4.0,72.0,653,2.7,18.53,3.08,176.3,26.8,0.15,Minor Hairline Crack on Corner Bracket,None (0-1%),None,PASS,Normal,Normal,Safe,None (Passed All Thresholds),79.1,57.0,27.6,Moderate (0.018%/cycle),Tier 2: Good (75-84%),Good / Balanced,Operational (Healthy),Accurate / Responsive,Clean & Firm,Damaged Mounting Bracket,Structural Enclosure Hairline Crack,Low (Non-Cell Cosmetic / Ingress Risk),No (Factory Moulded Shell),80,Minor (Epoxy / Seal Patching),Operate Under Sealed Enclosure (Limited Use),PASS (Ingress Safe in Indoor Rack),79.1,57.0,Eligible (Limited Use),Emergency Disaster Shelter,92,"PASSED SAFETY GATE. Effective SoH: 79.1%, Available Capacity: 57.0 Wh, Peak Power: 27.6 W. Matched to 'Emergency Disaster Shelter' (Score: 92%). Rationale: Robust emergency resilience match. Internal resistance (176.3 mΩ) satisfies application thermal envelope. Post-repair validated: Structural Enclosure Hairline Crack rectified (₹80)."
B061,Li-ion 18650 Pack (4S),Robotics / Drone Fleet Return,4S,14.8,5.2,77.0,786,2.9,14.59,2.18,110.7,28.6,0.17,Intact (Good),None (0-1%),None,PASS,Normal,Normal,Safe,None (Passed All Thresholds),79.9,61.5,22.9,Moderate (0.018%/cycle),Tier 2: Good (75-84%),Good / Balanced,Operational (Healthy),Accurate / Responsive,Clean & Firm,Clean (No Cracks),None (Fully Functional),None,Not Applicable,0,None,Direct Second-Life Allocation,Not Applicable (Direct Pass),79.9,61.5,Eligible (Direct),Emergency Disaster Shelter,89,"PASSED SAFETY GATE. Effective SoH: 79.9%, Available Capacity: 61.5 Wh, Peak Power: 22.9 W. Matched to 'Emergency Disaster Shelter' (Score: 89%). Rationale: Robust emergency resilience match. Internal resistance (110.7 mΩ) satisfies application thermal envelope. Clean unit with zero component defects."
B062,Prismatic Li-ion Module (2S),Telecom Backup Rack Module,2S,7.4,10.0,74.0,555,2.1,7.13,1.97,53.9,25.9,0.12,Intact (Good),None (0-1%),None,PASS,Normal,Normal,Safe,None (Passed All Thresholds),83.1,61.5,33.7,Moderate (0.018%/cycle),Tier 2: Good (75-84%),Good / Balanced,Operational (Healthy),Accurate / Responsive,Clean & Firm,Clean (No Cracks),None (Fully Functional),None,Not Applicable,0,None,Direct Second-Life Allocation,Not Applicable (Direct Pass),83.1,61.5,Eligible (Direct),Emergency Disaster Shelter,87,"PASSED SAFETY GATE. Effective SoH: 83.1%, Available Capacity: 61.5 Wh, Peak Power: 33.7 W. Matched to 'Emergency Disaster Shelter' (Score: 87%). Rationale: Robust emergency resilience match. Internal resistance (53.9 mΩ) satisfies application thermal envelope. Clean unit with zero component defects."
B063,Prismatic Li-ion Module (2S),Telecom Backup Rack Module,2S,7.4,10.0,74.0,1084,3.7,7.38,2.15,78.1,27.4,0.38,Intact (Good),None (0-1%),None,PASS,Normal,Normal,Safe,None (Passed All Thresholds),72.3,53.5,27.6,Elevated (0.024%/cycle),Tier 3: Moderate (65-74%),Good / Balanced,Operational (Healthy),Accurate / Responsive,Oxidized Terminals / Damaged XT60 Pin,Clean (No Cracks),High-Resistance Connector Degradation,Medium (Localized Contact Heating),Yes,180,Easy (Terminal Re-crimp & Re-soldering),Replace Connector Harness,PASS (Contact Resistance < 5 mOhm),72.3,53.5,Eligible (Post-Repair),Community Solar Microgrid,88,"PASSED SAFETY GATE. Effective SoH: 72.3%, Available Capacity: 53.5 Wh, Peak Power: 27.6 W. Matched to 'Community Solar Microgrid' (Score: 88%). Rationale: Daily solar diurnal buffering compatible. Internal resistance (78.1 mΩ) satisfies application thermal envelope. Post-repair validated: High-Resistance Connector Degradation rectified (₹180)."
B064,Power Tool Li-ion Pack (5S),Industrial Tool Rental Surplus,5S,18.0,4.0,72.0,405,1.7,18.49,1.52,133.8,30.6,0.16,Intact (Good),None (0-1%),None,PASS,Normal,Normal,Safe,None (Passed All Thresholds),87.8,63.2,24.2,Low (<0.015%/cycle),Tier 1: Excellent (>85%),Good / Balanced,Operational (Healthy),Accurate / Responsive,Clean & Firm,Clean (No Cracks),None (Fully Functional),None,Not Applicable,0,None,Direct Second-Life Allocation,Not Applicable (Direct Pass),87.8,63.2,Eligible (Direct),Healthcare Clinic Backup,91,"PASSED SAFETY GATE. Effective SoH: 87.8%, Available Capacity: 63.2 Wh, Peak Power: 24.2 W. Matched to 'Healthcare Clinic Backup' (Score: 91%). Rationale: High criticality approved. Internal resistance (133.8 mΩ) satisfies application thermal envelope. Clean unit with zero component defects."
B065,Li-ion 18650 Pack (4S),Robotics / Drone Fleet Return,4S,14.8,5.2,77.0,1091,4.1,14.67,3.08,206.4,28.1,0.21,Intact (Good),None (0-1%),None,PASS,Normal,Normal,Safe,None (Passed All Thresholds),59.7,46.0,20.4,Severe (>0.035%/cycle),Tier 4: Highly Degraded (<65%),Good / Balanced,Operational (Healthy),Accurate / Responsive,Oxidized Terminals / Damaged XT60 Pin,Clean (No Cracks),High-Resistance Connector Degradation,Medium (Localized Contact Heating),Yes,120,Easy (Terminal Re-crimp & Re-soldering),Replace Connector Harness,PASS (Contact Resistance < 5 mOhm),59.7,46.0,Eligible (Post-Repair),Rural Off-Grid Household,73,"PASSED SAFETY GATE. Effective SoH: 59.7%, Available Capacity: 46.0 Wh, Peak Power: 20.4 W. Matched to 'Rural Off-Grid Household' (Score: 73%). Rationale: Moderate lighting & phone charging load. Internal resistance (206.4 mΩ) satisfies application thermal envelope. Post-repair validated: High-Resistance Connector Degradation rectified (₹120)."
B066,Power Tool Li-ion Pack (5S),Industrial Tool Rental Surplus,5S,18.0,4.0,72.0,998,3.6,18.06,3.28,177.9,29.4,0.14,Intact (Good),None (0-1%),None,PASS,Normal,Normal,Safe,None (Passed All Thresholds),71.6,51.6,27.8,Elevated (0.024%/cycle),Tier 3: Moderate (65-74%),Good / Balanced,Operational (Healthy),Accurate / Responsive,Clean & Firm,Clean (No Cracks),None (Fully Functional),None,Not Applicable,0,None,Direct Second-Life Allocation,Not Applicable (Direct Pass),71.6,51.6,Eligible (Direct),Community Solar Microgrid,84,"PASSED SAFETY GATE. Effective SoH: 71.6%, Available Capacity: 51.6 Wh, Peak Power: 27.8 W. Matched to 'Community Solar Microgrid' (Score: 84%). Rationale: Daily solar diurnal buffering compatible. Internal resistance (177.9 mΩ) satisfies application thermal envelope. Clean unit with zero component defects."
B067,Power Tool Li-ion Pack (5S),Industrial Tool Rental Surplus,5S,18.0,4.0,72.0,592,1.9,18.57,3.01,146.9,26.1,0.19,Intact (Good),None (0-1%),None,PASS,Normal,Normal,Safe,None (Passed All Thresholds),84.8,61.1,30.5,Moderate (0.018%/cycle),Tier 2: Good (75-84%),Good / Balanced,BMS Protection Lock / Blown MOSFET,Accurate / Responsive,Clean & Firm,Clean (No Cracks),BMS Discharge Port Fault,High (Output Power Blocked/Erratic),Yes,1100,Moderate (Modular BMS Replacement),Replace BMS Board & Calibrate,PASS (Protection Thresholds Verified),86.3,62.1,Eligible (Post-Repair),Healthcare Clinic Backup,90,"PASSED SAFETY GATE. Effective SoH: 86.3%, Available Capacity: 62.1 Wh, Peak Power: 30.5 W. Matched to 'Healthcare Clinic Backup' (Score: 90%). Rationale: High criticality approved. Internal resistance (146.9 mΩ) satisfies application thermal envelope. Post-repair validated: BMS Discharge Port Fault rectified (₹1100)."
B068,Li-ion 18650 Pack (4S),Robotics / Drone Fleet Return,4S,14.8,5.2,77.0,799,3.1,14.34,3.15,155.2,65.0,2.59,Intact (Good),None (0-1%),None,FAIL,CRITICAL (>50°C rapid rise),Normal,Safe,Thermal Runaway Imminent: Extreme Heat & Temp Velocity,N/A (Unsafe),0.0,0.0,Catastrophic,Unfit / Hazardous,Severe Thermal Stress,Operational (Healthy),Accurate / Responsive,Clean & Firm,Clean (No Cracks),Uncontrolled Cell Overheating,Catastrophic,No (Inherent Cell Hazard),0,Impossible (Hazardous),Reject & Immediate Recycling,Not Applicable,0.0,0.0,Unfit for Reuse,None (Safety Rejected),0,"EJECTED AT SAFETY GATE: Fails mandatory screening due to Thermal Runaway Imminent: Extreme Heat & Temp Velocity. Under REUSEGRID AI protocol, zero matching score can override a physical safety failure. Battery routed directly to certified closed-loop recycling."
B069,LiFePO4 (LFP) Module (4S),Solar Street Light / Telecom Decom,4S,12.8,6.0,76.8,966,3.7,12.55,2.0,141.6,26.3,0.37,Severely Distorted / Puffed,Severe Swelling (>6%),None,FAIL,Normal,Normal,CRITICAL (Pouch/Can Deformed),Mechanical Instability: Internal Delamination / Gas Build-up,N/A (Unsafe),0.0,0.0,Catastrophic,Unfit / Hazardous,Gassing / Cell Swelling,Operational (Healthy),Accurate / Responsive,Clean & Firm,Clean (No Cracks),Severe Cell Deformation,Catastrophic,No (Inherent Cell Hazard),0,Impossible (Hazardous),Reject & Immediate Recycling,Not Applicable,0.0,0.0,Unfit for Reuse,None (Safety Rejected),0,"EJECTED AT SAFETY GATE: Fails mandatory screening due to Mechanical Instability: Internal Delamination / Gas Build-up. Under REUSEGRID AI protocol, zero matching score can override a physical safety failure. Battery routed directly to certified closed-loop recycling."
B070,LiFePO4 (LFP) Module (4S),Solar Street Light / Telecom Decom,4S,12.8,6.0,76.8,645,2.3,12.31,3.21,134.8,31.5,0.27,Intact (Good),None (0-1%),None,PASS,Normal,Normal,Safe,None (Passed All Thresholds),81.6,62.7,30.7,Moderate (0.018%/cycle),Tier 2: Good (75-84%),Good / Balanced,Operational (Healthy),Accurate / Responsive,Clean & Firm,Clean (No Cracks),None (Fully Functional),None,Not Applicable,0,None,Direct Second-Life Allocation,Not Applicable (Direct Pass),81.6,62.7,Eligible (Direct),Emergency Disaster Shelter,92,"PASSED SAFETY GATE. Effective SoH: 81.6%, Available Capacity: 62.7 Wh, Peak Power: 30.7 W. Matched to 'Emergency Disaster Shelter' (Score: 92%). Rationale: Robust emergency resilience match. Internal resistance (134.8 mΩ) satisfies application thermal envelope. Clean unit with zero component defects."
B071,Li-ion 18650 Pack (4S),Robotics / Drone Fleet Return,4S,14.8,5.2,77.0,948,3.2,15.08,3.35,129.8,31.5,0.24,Intact (Good),None (0-1%),None,PASS,Normal,Normal,Safe,None (Passed All Thresholds),79.0,60.8,22.7,Moderate (0.018%/cycle),Tier 2: Good (75-84%),Good / Balanced,Operational (Healthy),Accurate / Responsive,Clean & Firm,Clean (No Cracks),None (Fully Functional),None,Not Applicable,0,None,Direct Second-Life Allocation,Not Applicable (Direct Pass),79.0,60.8,Eligible (Direct),Emergency Disaster Shelter,92,"PASSED SAFETY GATE. Effective SoH: 79.0%, Available Capacity: 60.8 Wh, Peak Power: 22.7 W. Matched to 'Emergency Disaster Shelter' (Score: 92%). Rationale: Robust emergency resilience match. Internal resistance (129.8 mΩ) satisfies application thermal envelope. Clean unit with zero component defects."
B072,Prismatic Li-ion Module (2S),Telecom Backup Rack Module,2S,7.4,10.0,74.0,1129,3.8,7.14,1.97,67.8,30.6,0.1,Intact (Good),None (0-1%),None,PASS,Normal,Normal,Safe,None (Passed All Thresholds),76.1,56.3,23.5,Moderate (0.018%/cycle),Tier 2: Good (75-84%),Good / Balanced,Operational (Healthy),Accurate / Responsive,Clean & Firm,Clean (No Cracks),None (Fully Functional),None,Not Applicable,0,None,Direct Second-Life Allocation,Not Applicable (Direct Pass),76.1,56.3,Eligible (Direct),Telecom Cell Tower Backup,86,"PASSED SAFETY GATE. Effective SoH: 76.1%, Available Capacity: 56.3 Wh, Peak Power: 23.5 W. Matched to 'Telecom Cell Tower Backup' (Score: 86%). Rationale: Steady high-reliability discharge profile. Internal resistance (67.8 mΩ) satisfies application thermal envelope. Clean unit with zero component defects."
B073,Power Tool Li-ion Pack (5S),Industrial Tool Rental Surplus,5S,18.0,4.0,72.0,767,3.1,17.93,1.72,190.4,28.2,0.14,Intact (Good),None (0-1%),None,PASS,Normal,Normal,Safe,None (Passed All Thresholds),72.1,51.9,20.0,Elevated (0.024%/cycle),Tier 3: Moderate (65-74%),Good / Balanced,Operational (Healthy),Accurate / Responsive,Clean & Firm,Clean (No Cracks),None (Fully Functional),None,Not Applicable,0,None,Direct Second-Life Allocation,Not Applicable (Direct Pass),72.1,51.9,Eligible (Direct),Community Solar Microgrid,83,"PASSED SAFETY GATE. Effective SoH: 72.1%, Available Capacity: 51.9 Wh, Peak Power: 20.0 W. Matched to 'Community Solar Microgrid' (Score: 83%). Rationale: Daily solar diurnal buffering compatible. Internal resistance (190.4 mΩ) satisfies application thermal envelope. Clean unit with zero component defects."
B074,Li-ion 18650 Pack (4S),Robotics / Drone Fleet Return,4S,14.8,5.2,77.0,661,2.7,14.22,2.73,112.4,26.2,0.39,Intact (Good),None (0-1%),None,PASS,Normal,Normal,Safe,None (Passed All Thresholds),83.6,64.4,24.5,Moderate (0.018%/cycle),Tier 2: Good (75-84%),Good / Balanced,Operational (Healthy),Accurate / Responsive,Clean & Firm,Clean (No Cracks),None (Fully Functional),None,Not Applicable,0,None,Direct Second-Life Allocation,Not Applicable (Direct Pass),83.6,64.4,Eligible (Direct),Emergency Disaster Shelter,88,"PASSED SAFETY GATE. Effective SoH: 83.6%, Available Capacity: 64.4 Wh, Peak Power: 24.5 W. Matched to 'Emergency Disaster Shelter' (Score: 88%). Rationale: Robust emergency resilience match. Internal resistance (112.4 mΩ) satisfies application thermal envelope. Clean unit with zero component defects."
B075,NMC Light-EV Pack (10S),Shared E-Scooter Fleet Fleet Retire,10S,36.0,7.8,280.8,356,1.7,36.72,1.68,191.8,31.3,0.16,Intact (Good),None (0-1%),None,PASS,Normal,Normal,Safe,None (Passed All Thresholds),97.0,272.4,97.3,Low (<0.015%/cycle),Tier 1: Excellent (>85%),Good / Balanced,BMS Protection Lock / Blown MOSFET,Accurate / Responsive,Clean & Firm,Clean (No Cracks),BMS Discharge Port Fault,High (Output Power Blocked/Erratic),Yes,1100,Moderate (Modular BMS Replacement),Replace BMS Board & Calibrate,PASS (Protection Thresholds Verified),96.0,269.6,Eligible (Post-Repair),Healthcare Clinic Backup,93,"PASSED SAFETY GATE. Effective SoH: 96.0%, Available Capacity: 269.6 Wh, Peak Power: 97.3 W. Matched to 'Healthcare Clinic Backup' (Score: 93%). Rationale: High criticality approved. Internal resistance (191.8 mΩ) satisfies application thermal envelope. Post-repair validated: BMS Discharge Port Fault rectified (₹1100)."
B076,NMC Light-EV Pack (10S),Shared E-Scooter Fleet Fleet Retire,10S,36.0,7.8,280.8,794,2.6,35.83,2.12,345.7,28.9,0.15,Intact (Good),None (0-1%),None,PASS,Normal,Normal,Safe,None (Passed All Thresholds),76.2,214.0,82.7,Moderate (0.018%/cycle),Tier 2: Good (75-84%),Good / Balanced,Operational (Healthy),Accurate / Responsive,Clean & Firm,Clean (No Cracks),None (Fully Functional),None,Not Applicable,0,None,Direct Second-Life Allocation,Not Applicable (Direct Pass),76.2,214.0,Eligible (Direct),Telecom Cell Tower Backup,90,"PASSED SAFETY GATE. Effective SoH: 76.2%, Available Capacity: 214.0 Wh, Peak Power: 82.7 W. Matched to 'Telecom Cell Tower Backup' (Score: 90%). Rationale: Steady high-reliability discharge profile. Internal resistance (345.7 mΩ) satisfies application thermal envelope. Clean unit with zero component defects."
B077,Prismatic Li-ion Module (2S),Telecom Backup Rack Module,2S,7.4,10.0,74.0,1348,4.8,7.12,1.56,79.3,53.4,2.78,Intact (Good),None (0-1%),None,FAIL,CRITICAL (>50°C rapid rise),Normal,Safe,Thermal Runaway Imminent: Extreme Heat & Temp Velocity,N/A (Unsafe),0.0,0.0,Catastrophic,Unfit / Hazardous,Severe Thermal Stress,Operational (Healthy),Accurate / Responsive,Clean & Firm,Clean (No Cracks),Uncontrolled Cell Overheating,Catastrophic,No (Inherent Cell Hazard),0,Impossible (Hazardous),Reject & Immediate Recycling,Not Applicable,0.0,0.0,Unfit for Reuse,None (Safety Rejected),0,"EJECTED AT SAFETY GATE: Fails mandatory screening due to Thermal Runaway Imminent: Extreme Heat & Temp Velocity. Under REUSEGRID AI protocol, zero matching score can override a physical safety failure. Battery routed directly to certified closed-loop recycling."
B078,Li-ion 18650 Pack (3S),Portable Medical / Tech Return,3S,11.1,4.4,48.8,906,2.9,11.24,1.75,94.9,25.7,0.17,Intact (Good),None (0-1%),None,PASS,Normal,Normal,Safe,None (Passed All Thresholds),74.3,36.3,17.9,Elevated (0.024%/cycle),Tier 3: Moderate (65-74%),Good / Balanced,Operational (Healthy),Accurate / Responsive,Clean & Firm,Clean (No Cracks),None (Fully Functional),None,Not Applicable,0,None,Direct Second-Life Allocation,Not Applicable (Direct Pass),74.3,36.3,Eligible (Direct),Community Solar Microgrid,87,"PASSED SAFETY GATE. Effective SoH: 74.3%, Available Capacity: 36.3 Wh, Peak Power: 17.9 W. Matched to 'Community Solar Microgrid' (Score: 87%). Rationale: Daily solar diurnal buffering compatible. Internal resistance (94.9 mΩ) satisfies application thermal envelope. Clean unit with zero component defects."
B079,LiFePO4 (LFP) Module (4S),Solar Street Light / Telecom Decom,4S,12.8,6.0,76.8,1115,4.0,13.21,1.23,165.6,25.6,0.16,Intact (Good),None (0-1%),None,PASS,Normal,Normal,Safe,None (Passed All Thresholds),63.3,48.6,17.3,Severe (>0.035%/cycle),Tier 4: Highly Degraded (<65%),Good / Balanced,Operational (Healthy),Accurate / Responsive,Clean & Firm,Clean (No Cracks),None (Fully Functional),None,Not Applicable,0,None,De-rate Power & Direct Allocation,Not Applicable (Direct Pass),63.3,48.6,Eligible (Limited Use - Derated),Rural Off-Grid Household,71,"PASSED SAFETY GATE. Effective SoH: 63.3%, Available Capacity: 48.6 Wh, Peak Power: 17.3 W. Matched to 'Rural Off-Grid Household' (Score: 71%). Rationale: Moderate lighting & phone charging load. Internal resistance (165.6 mΩ) satisfies application thermal envelope. Post-repair validated: None (Fully Functional) rectified (₹0)."
B080,Li-ion 18650 Pack (3S),Portable Medical / Tech Return,3S,11.1,4.4,48.8,812,2.9,11.18,1.82,103.7,29.4,0.22,Intact (Good),None (0-1%),None,PASS,Normal,Normal,Safe,None (Passed All Thresholds),71.7,35.0,16.1,Elevated (0.024%/cycle),Tier 3: Moderate (65-74%),Good / Balanced,Operational (Healthy),Faulty / Open Circuit Drift,Clean & Firm,Clean (No Cracks),Temperature Sensor Lead Detachment,Medium (Impaired Thermal Monitoring),Yes,400,Easy (Plug-in NTC Thermistor Swap),Repair & Retest Sensor,PASS (Thermal Loop Verified),71.7,35.0,Eligible (Post-Repair),Community Solar Microgrid,82,"PASSED SAFETY GATE. Effective SoH: 71.7%, Available Capacity: 35.0 Wh, Peak Power: 16.1 W. Matched to 'Community Solar Microgrid' (Score: 82%). Rationale: Daily solar diurnal buffering compatible. Internal resistance (103.7 mΩ) satisfies application thermal envelope. Post-repair validated: Temperature Sensor Lead Detachment rectified (₹400)."
B081,NMC Light-EV Pack (10S),Shared E-Scooter Fleet Fleet Retire,10S,36.0,7.8,280.8,560,2.4,35.96,3.26,340.5,30.6,0.23,Minor Hairline Crack on Corner Bracket,None (0-1%),None,PASS,Normal,Normal,Safe,None (Passed All Thresholds),80.7,226.6,80.3,Moderate (0.018%/cycle),Tier 2: Good (75-84%),Good / Balanced,Operational (Healthy),Accurate / Responsive,Clean & Firm,Damaged Mounting Bracket,Structural Enclosure Hairline Crack,Low (Non-Cell Cosmetic / Ingress Risk),No (Factory Moulded Shell),80,Minor (Epoxy / Seal Patching),Operate Under Sealed Enclosure (Limited Use),PASS (Ingress Safe in Indoor Rack),80.7,226.6,Eligible (Limited Use),Emergency Disaster Shelter,87,"PASSED SAFETY GATE. Effective SoH: 80.7%, Available Capacity: 226.6 Wh, Peak Power: 80.3 W. Matched to 'Emergency Disaster Shelter' (Score: 87%). Rationale: Robust emergency resilience match. Internal resistance (340.5 mΩ) satisfies application thermal envelope. Post-repair validated: Structural Enclosure Hairline Crack rectified (₹80)."
B082,Li-ion 18650 Pack (4S),Robotics / Drone Fleet Return,4S,14.8,5.2,77.0,771,2.9,15.37,2.41,150.5,26.2,0.18,Intact (Good),None (0-1%),None,PASS,Normal,Normal,Safe,None (Passed All Thresholds),74.8,57.6,20.4,Elevated (0.024%/cycle),Tier 3: Moderate (65-74%),Good / Balanced,Operational (Healthy),Accurate / Responsive,Clean & Firm,Clean (No Cracks),None (Fully Functional),None,Not Applicable,0,None,Direct Second-Life Allocation,Not Applicable (Direct Pass),74.8,57.6,Eligible (Direct),Community Solar Microgrid,88,"PASSED SAFETY GATE. Effective SoH: 74.8%, Available Capacity: 57.6 Wh, Peak Power: 20.4 W. Matched to 'Community Solar Microgrid' (Score: 88%). Rationale: Daily solar diurnal buffering compatible. Internal resistance (150.5 mΩ) satisfies application thermal envelope. Clean unit with zero component defects."
B083,Li-ion 18650 Pack (3S),Portable Medical / Tech Return,3S,11.1,4.4,48.8,398,1.5,11.39,1.67,72.6,25.1,0.14,Intact (Good),None (0-1%),None,PASS,Normal,Normal,Safe,None (Passed All Thresholds),89.5,43.7,23.2,Low (<0.015%/cycle),Tier 1: Excellent (>85%),Good / Balanced,Operational (Healthy),Accurate / Responsive,Clean & Firm,Clean (No Cracks),None (Fully Functional),None,Not Applicable,0,None,Direct Second-Life Allocation,Not Applicable (Direct Pass),89.5,43.7,Eligible (Direct),Community Solar Microgrid,87,"PASSED SAFETY GATE. Effective SoH: 89.5%, Available Capacity: 43.7 Wh, Peak Power: 23.2 W. Matched to 'Community Solar Microgrid' (Score: 87%). Rationale: Daily solar diurnal buffering compatible. Internal resistance (72.6 mΩ) satisfies application thermal envelope. Clean unit with zero component defects."
B084,Power Tool Li-ion Pack (5S),Industrial Tool Rental Surplus,5S,18.0,4.0,72.0,826,3.1,12.96,2.08,790.8,47.3,0.11,Intact (Good),None (0-1%),None,FAIL,Normal,Micro-Short Detected,Safe,Localized Internal Cell Micro-Short Circuit,N/A (Unsafe),0.0,0.0,Catastrophic,Unfit / Hazardous,Micro-Dendrite Internal Short,Operational (Healthy),Accurate / Responsive,Clean & Firm,Clean (No Cracks),Internal Short Circuit,Critical,No (Inherent Cell Hazard),0,Impossible (Hazardous),Reject & Immediate Recycling,Not Applicable,0.0,0.0,Unfit for Reuse,None (Safety Rejected),0,"EJECTED AT SAFETY GATE: Fails mandatory screening due to Localized Internal Cell Micro-Short Circuit. Under REUSEGRID AI protocol, zero matching score can override a physical safety failure. Battery routed directly to certified closed-loop recycling."
B085,Li-ion 18650 Pack (3S),Portable Medical / Tech Return,3S,11.1,4.4,48.8,353,1.4,10.97,2.85,69.7,27.1,0.27,Intact (Good),None (0-1%),None,PASS,Normal,Normal,Safe,None (Passed All Thresholds),87.2,42.6,19.0,Low (<0.015%/cycle),Tier 1: Excellent (>85%),Good / Balanced,Operational (Healthy),Accurate / Responsive,Clean & Firm,Clean (No Cracks),None (Fully Functional),None,Not Applicable,0,None,Direct Second-Life Allocation,Not Applicable (Direct Pass),87.2,42.6,Eligible (Direct),Community Solar Microgrid,85,"PASSED SAFETY GATE. Effective SoH: 87.2%, Available Capacity: 42.6 Wh, Peak Power: 19.0 W. Matched to 'Community Solar Microgrid' (Score: 85%). Rationale: Daily solar diurnal buffering compatible. Internal resistance (69.7 mΩ) satisfies application thermal envelope. Clean unit with zero component defects."
B086,Li-ion 18650 Pack (4S),Robotics / Drone Fleet Return,4S,14.8,5.2,77.0,1323,4.9,14.8,2.57,146.6,27.3,0.33,Minor Hairline Crack on Corner Bracket,None (0-1%),None,PASS,Normal,Normal,Safe,None (Passed All Thresholds),62.7,48.3,17.9,Severe (>0.035%/cycle),Tier 4: Highly Degraded (<65%),Good / Balanced,Operational (Healthy),Accurate / Responsive,Clean & Firm,Damaged Mounting Bracket,Structural Enclosure Hairline Crack,Low (Non-Cell Cosmetic / Ingress Risk),No (Factory Moulded Shell),80,Minor (Epoxy / Seal Patching),Operate Under Sealed Enclosure (Limited Use),PASS (Ingress Safe in Indoor Rack),62.7,48.3,Eligible (Limited Use),Rural Off-Grid Household,70,"PASSED SAFETY GATE. Effective SoH: 62.7%, Available Capacity: 48.3 Wh, Peak Power: 17.9 W. Matched to 'Rural Off-Grid Household' (Score: 70%). Rationale: Moderate lighting & phone charging load. Internal resistance (146.6 mΩ) satisfies application thermal envelope. Post-repair validated: Structural Enclosure Hairline Crack rectified (₹80)."
B087,NMC Light-EV Pack (10S),Shared E-Scooter Fleet Fleet Retire,10S,36.0,7.8,280.8,973,3.5,36.92,3.04,368.0,29.9,0.18,Minor Hairline Crack on Corner Bracket,None (0-1%),None,PASS,Normal,Normal,Safe,None (Passed All Thresholds),69.0,193.8,90.7,Elevated (0.024%/cycle),Tier 3: Moderate (65-74%),Good / Balanced,Operational (Healthy),Accurate / Responsive,Clean & Firm,Damaged Mounting Bracket,Structural Enclosure Hairline Crack,Low (Non-Cell Cosmetic / Ingress Risk),No (Factory Moulded Shell),80,Minor (Epoxy / Seal Patching),Operate Under Sealed Enclosure (Limited Use),PASS (Ingress Safe in Indoor Rack),69.0,193.8,Eligible (Limited Use),Rural School Lighting & Labs,79,"PASSED SAFETY GATE. Effective SoH: 69.0%, Available Capacity: 193.8 Wh, Peak Power: 90.7 W. Matched to 'Rural School Lighting & Labs' (Score: 79%). Rationale: Daytime educational load requirement met. Internal resistance (368.0 mΩ) satisfies application thermal envelope. Post-repair validated: Structural Enclosure Hairline Crack rectified (₹80)."
B088,Li-ion 18650 Pack (3S),Portable Medical / Tech Return,3S,11.1,4.4,48.8,365,1.6,11.43,2.88,85.9,30.6,0.3,Intact (Good),None (0-1%),None,PASS,Normal,Normal,Safe,None (Passed All Thresholds),84.0,41.0,21.3,Moderate (0.018%/cycle),Tier 2: Good (75-84%),Good / Balanced,BMS Protection Lock / Blown MOSFET,Accurate / Responsive,Clean & Firm,Clean (No Cracks),BMS Discharge Port Fault,High (Output Power Blocked/Erratic),Yes,850,Moderate (Modular BMS Replacement),Replace BMS Board & Calibrate,PASS (Protection Thresholds Verified),86.4,42.2,Eligible (Post-Repair),Community Solar Microgrid,81,"PASSED SAFETY GATE. Effective SoH: 86.4%, Available Capacity: 42.2 Wh, Peak Power: 21.3 W. Matched to 'Community Solar Microgrid' (Score: 81%). Rationale: Daily solar diurnal buffering compatible. Internal resistance (85.9 mΩ) satisfies application thermal envelope. Post-repair validated: BMS Discharge Port Fault rectified (₹850)."
B089,NMC Light-EV Pack (10S),Shared E-Scooter Fleet Fleet Retire,10S,36.0,7.8,280.8,723,2.4,36.57,1.88,259.7,31.5,0.39,Minor Hairline Crack on Corner Bracket,None (0-1%),None,PASS,Normal,Normal,Safe,None (Passed All Thresholds),81.9,230.0,123.9,Moderate (0.018%/cycle),Tier 2: Good (75-84%),Good / Balanced,Operational (Healthy),Accurate / Responsive,Clean & Firm,Damaged Mounting Bracket,Structural Enclosure Hairline Crack,Low (Non-Cell Cosmetic / Ingress Risk),No (Factory Moulded Shell),80,Minor (Epoxy / Seal Patching),Operate Under Sealed Enclosure (Limited Use),PASS (Ingress Safe in Indoor Rack),81.9,230.0,Eligible (Limited Use),Emergency Disaster Shelter,88,"PASSED SAFETY GATE. Effective SoH: 81.9%, Available Capacity: 230.0 Wh, Peak Power: 123.9 W. Matched to 'Emergency Disaster Shelter' (Score: 88%). Rationale: Robust emergency resilience match. Internal resistance (259.7 mΩ) satisfies application thermal envelope. Post-repair validated: Structural Enclosure Hairline Crack rectified (₹80)."
B090,Li-ion 18650 Pack (4S),Robotics / Drone Fleet Return,4S,14.8,5.2,77.0,1168,4.5,14.91,1.73,135.3,25.8,0.12,Intact (Good),None (0-1%),None,PASS,Normal,Normal,Safe,None (Passed All Thresholds),68.1,52.4,25.6,Elevated (0.024%/cycle),Tier 3: Moderate (65-74%),Good / Balanced,Operational (Healthy),Faulty / Open Circuit Drift,Clean & Firm,Clean (No Cracks),Temperature Sensor Lead Detachment,Medium (Impaired Thermal Monitoring),Yes,250,Easy (Plug-in NTC Thermistor Swap),Repair & Retest Sensor,PASS (Thermal Loop Verified),68.1,52.4,Eligible (Post-Repair),Rural School Lighting & Labs,79,"PASSED SAFETY GATE. Effective SoH: 68.1%, Available Capacity: 52.4 Wh, Peak Power: 25.6 W. Matched to 'Rural School Lighting & Labs' (Score: 79%). Rationale: Daytime educational load requirement met. Internal resistance (135.3 mΩ) satisfies application thermal envelope. Post-repair validated: Temperature Sensor Lead Detachment rectified (₹250)."
B091,Power Tool Li-ion Pack (5S),Industrial Tool Rental Surplus,5S,18.0,4.0,72.0,969,3.2,8.58,2.64,185.6,31.2,0.28,Intact (Good),None (0-1%),None,FAIL,Normal,CRITICAL (Deep Discharge Under-Voltage),Safe,Copper Shunt / Dendrite Short Risk (<2.0V/cell),N/A (Unsafe),0.0,0.0,Catastrophic,Unfit / Hazardous,Dead Cell / Inversion,Operational (Healthy),Accurate / Responsive,Clean & Firm,Clean (No Cracks),Irreversible Cell Over-discharge,Critical,No (Inherent Cell Hazard),0,Impossible (Hazardous),Reject & Immediate Recycling,Not Applicable,0.0,0.0,Unfit for Reuse,None (Safety Rejected),0,"EJECTED AT SAFETY GATE: Fails mandatory screening due to Copper Shunt / Dendrite Short Risk (<2.0V/cell). Under REUSEGRID AI protocol, zero matching score can override a physical safety failure. Battery routed directly to certified closed-loop recycling."
B092,Li-ion 18650 Pack (3S),Portable Medical / Tech Return,3S,11.1,4.4,48.8,1182,3.9,11.37,3.5,143.2,27.5,0.33,Chemical Residue & Vent Breach,None (0-1%),Active Electrolyte Leakage / Corrosion,FAIL,Normal,Normal,CRITICAL (Chemical Hazard),Safety Vent Ruptured & Toxic Chemical Egress,N/A (Unsafe),0.0,0.0,Catastrophic,Unfit / Hazardous,Good / Balanced,Operational (Healthy),Accurate / Responsive,Clean & Firm,Clean (No Cracks),Seal Rupture & Electrolyte Evaporation,Catastrophic,No (Inherent Cell Hazard),0,Impossible (Hazardous),Reject & Immediate Recycling,Not Applicable,0.0,0.0,Unfit for Reuse,None (Safety Rejected),0,"EJECTED AT SAFETY GATE: Fails mandatory screening due to Safety Vent Ruptured & Toxic Chemical Egress. Under REUSEGRID AI protocol, zero matching score can override a physical safety failure. Battery routed directly to certified closed-loop recycling."
B093,Power Tool Li-ion Pack (5S),Industrial Tool Rental Surplus,5S,18.0,4.0,72.0,714,2.7,18.34,1.75,167.7,25.8,0.21,Intact (Good),None (0-1%),None,PASS,Normal,Normal,Safe,None (Passed All Thresholds),77.1,55.5,22.6,Moderate (0.018%/cycle),Tier 2: Good (75-84%),Good / Balanced,Operational (Healthy),Accurate / Responsive,Clean & Firm,Clean (No Cracks),None (Fully Functional),None,Not Applicable,0,None,Direct Second-Life Allocation,Not Applicable (Direct Pass),77.1,55.5,Eligible (Direct),Telecom Cell Tower Backup,85,"PASSED SAFETY GATE. Effective SoH: 77.1%, Available Capacity: 55.5 Wh, Peak Power: 22.6 W. Matched to 'Telecom Cell Tower Backup' (Score: 85%). Rationale: Steady high-reliability discharge profile. Internal resistance (167.7 mΩ) satisfies application thermal envelope. Clean unit with zero component defects."
B094,Power Tool Li-ion Pack (5S),Industrial Tool Rental Surplus,5S,18.0,4.0,72.0,512,1.6,17.59,3.38,163.8,30.5,0.13,Intact (Good),None (0-1%),None,PASS,Normal,Normal,Safe,None (Passed All Thresholds),78.6,56.6,29.8,Moderate (0.018%/cycle),Tier 2: Good (75-84%),Good / Balanced,BMS Protection Lock / Blown MOSFET,Accurate / Responsive,Clean & Firm,Clean (No Cracks),BMS Discharge Port Fault,High (Output Power Blocked/Erratic),Yes,650,Moderate (Modular BMS Replacement),Replace BMS Board & Calibrate,PASS (Protection Thresholds Verified),80.4,57.9,Eligible (Post-Repair),Emergency Disaster Shelter,92,"PASSED SAFETY GATE. Effective SoH: 80.4%, Available Capacity: 57.9 Wh, Peak Power: 29.8 W. Matched to 'Emergency Disaster Shelter' (Score: 92%). Rationale: Robust emergency resilience match. Internal resistance (163.8 mΩ) satisfies application thermal envelope. Post-repair validated: BMS Discharge Port Fault rectified (₹650)."
B095,Li-ion 18650 Pack (3S),Portable Medical / Tech Return,3S,11.1,4.4,48.8,703,2.6,10.86,1.61,94.1,26.5,0.16,Intact (Good),None (0-1%),None,PASS,Normal,Normal,Safe,None (Passed All Thresholds),83.2,40.6,20.5,Moderate (0.018%/cycle),Tier 2: Good (75-84%),Good / Balanced,Operational (Healthy),Accurate / Responsive,Clean & Firm,Clean (No Cracks),None (Fully Functional),None,Not Applicable,0,None,Direct Second-Life Allocation,Not Applicable (Direct Pass),83.2,40.6,Eligible (Direct),Community Solar Microgrid,82,"PASSED SAFETY GATE. Effective SoH: 83.2%, Available Capacity: 40.6 Wh, Peak Power: 20.5 W. Matched to 'Community Solar Microgrid' (Score: 82%). Rationale: Daily solar diurnal buffering compatible. Internal resistance (94.1 mΩ) satisfies application thermal envelope. Clean unit with zero component defects."
B096,Li-ion 18650 Pack (4S),Robotics / Drone Fleet Return,4S,14.8,5.2,77.0,315,1.5,14.39,3.08,93.7,26.6,0.17,Intact (Good),None (0-1%),None,PASS,Normal,Normal,Safe,None (Passed All Thresholds),94.9,73.1,33.4,Low (<0.015%/cycle),Tier 1: Excellent (>85%),Good / Balanced,Operational (Healthy),Accurate / Responsive,Clean & Firm,Clean (No Cracks),None (Fully Functional),None,Not Applicable,0,None,Direct Second-Life Allocation,Not Applicable (Direct Pass),94.9,73.1,Eligible (Direct),Healthcare Clinic Backup,94,"PASSED SAFETY GATE. Effective SoH: 94.9%, Available Capacity: 73.1 Wh, Peak Power: 33.4 W. Matched to 'Healthcare Clinic Backup' (Score: 94%). Rationale: High criticality approved. Internal resistance (93.7 mΩ) satisfies application thermal envelope. Clean unit with zero component defects."
B097,Power Tool Li-ion Pack (5S),Industrial Tool Rental Surplus,5S,18.0,4.0,72.0,809,2.7,18.56,3.4,156.0,31.0,0.34,Intact (Good),None (0-1%),None,PASS,Normal,Normal,Safe,None (Passed All Thresholds),75.3,54.2,24.9,Moderate (0.018%/cycle),Tier 2: Good (75-84%),Good / Balanced,BMS Protection Lock / Blown MOSFET,Accurate / Responsive,Clean & Firm,Clean (No Cracks),BMS Discharge Port Fault,High (Output Power Blocked/Erratic),Yes,1100,Moderate (Modular BMS Replacement),Replace BMS Board & Calibrate,PASS (Protection Thresholds Verified),77.6,55.9,Eligible (Post-Repair),Telecom Cell Tower Backup,83,"PASSED SAFETY GATE. Effective SoH: 77.6%, Available Capacity: 55.9 Wh, Peak Power: 24.9 W. Matched to 'Telecom Cell Tower Backup' (Score: 83%). Rationale: Steady high-reliability discharge profile. Internal resistance (156.0 mΩ) satisfies application thermal envelope. Post-repair validated: BMS Discharge Port Fault rectified (₹1100)."
B098,Prismatic Li-ion Module (2S),Telecom Backup Rack Module,2S,7.4,10.0,74.0,652,2.3,7.15,1.71,53.4,29.8,0.12,Intact (Good),None (0-1%),None,PASS,Normal,Normal,Safe,None (Passed All Thresholds),83.9,62.1,32.3,Moderate (0.018%/cycle),Tier 2: Good (75-84%),Good / Balanced,Operational (Healthy),Accurate / Responsive,Clean & Firm,Clean (No Cracks),None (Fully Functional),None,Not Applicable,0,None,Direct Second-Life Allocation,Not Applicable (Direct Pass),83.9,62.1,Eligible (Direct),Emergency Disaster Shelter,88,"PASSED SAFETY GATE. Effective SoH: 83.9%, Available Capacity: 62.1 Wh, Peak Power: 32.3 W. Matched to 'Emergency Disaster Shelter' (Score: 88%). Rationale: Robust emergency resilience match. Internal resistance (53.4 mΩ) satisfies application thermal envelope. Clean unit with zero component defects."
B099,Power Tool Li-ion Pack (5S),Industrial Tool Rental Surplus,5S,18.0,4.0,72.0,715,2.7,18.09,1.81,178.9,31.2,0.34,Intact (Good),None (0-1%),None,PASS,Normal,Normal,Safe,None (Passed All Thresholds),76.9,55.4,26.7,Moderate (0.018%/cycle),Tier 2: Good (75-84%),Good / Balanced,Operational (Healthy),Accurate / Responsive,Oxidized Terminals / Damaged XT60 Pin,Clean (No Cracks),High-Resistance Connector Degradation,Medium (Localized Contact Heating),Yes,120,Easy (Terminal Re-crimp & Re-soldering),Replace Connector Harness,PASS (Contact Resistance < 5 mOhm),76.9,55.4,Eligible (Post-Repair),Telecom Cell Tower Backup,90,"PASSED SAFETY GATE. Effective SoH: 76.9%, Available Capacity: 55.4 Wh, Peak Power: 26.7 W. Matched to 'Telecom Cell Tower Backup' (Score: 90%). Rationale: Steady high-reliability discharge profile. Internal resistance (178.9 mΩ) satisfies application thermal envelope. Post-repair validated: High-Resistance Connector Degradation rectified (₹120)."
B100,Prismatic Li-ion Module (2S),Telecom Backup Rack Module,2S,7.4,10.0,74.0,1177,4.4,7.47,2.93,89.1,26.1,0.36,Intact (Good),None (0-1%),None,PASS,Normal,Normal,Safe,None (Passed All Thresholds),66.6,49.3,25.9,Elevated (0.024%/cycle),Tier 3: Moderate (65-74%),Good / Balanced,Operational (Healthy),Accurate / Responsive,Clean & Firm,Clean (No Cracks),None (Fully Functional),None,Not Applicable,0,None,De-rate Power & Direct Allocation,Not Applicable (Direct Pass),66.6,49.3,Eligible (Limited Use - Derated),Rural School Lighting & Labs,76,"PASSED SAFETY GATE. Effective SoH: 66.6%, Available Capacity: 49.3 Wh, Peak Power: 25.9 W. Matched to 'Rural School Lighting & Labs' (Score: 76%). Rationale: Daytime educational load requirement met. Internal resistance (89.1 mΩ) satisfies application thermal envelope. Post-repair validated: None (Fully Functional) rectified (₹0)."
B101,Li-ion 18650 Pack (4S),Robotics / Drone Fleet Return,4S,14.8,5.2,77.0,1108,3.7,15.18,3.11,129.1,28.6,0.1,Intact (Good),None (0-1%),None,PASS,Normal,Normal,Safe,None (Passed All Thresholds),72.1,55.5,22.6,Elevated (0.024%/cycle),Tier 3: Moderate (65-74%),Good / Balanced,Operational (Healthy),Faulty / Open Circuit Drift,Clean & Firm,Clean (No Cracks),Temperature Sensor Lead Detachment,Medium (Impaired Thermal Monitoring),Yes,400,Easy (Plug-in NTC Thermistor Swap),Repair & Retest Sensor,PASS (Thermal Loop Verified),72.1,55.5,Eligible (Post-Repair),Community Solar Microgrid,84,"PASSED SAFETY GATE. Effective SoH: 72.1%, Available Capacity: 55.5 Wh, Peak Power: 22.6 W. Matched to 'Community Solar Microgrid' (Score: 84%). Rationale: Daily solar diurnal buffering compatible. Internal resistance (129.1 mΩ) satisfies application thermal envelope. Post-repair validated: Temperature Sensor Lead Detachment rectified (₹400)."
B102,NMC Light-EV Pack (10S),Shared E-Scooter Fleet Fleet Retire,10S,36.0,7.8,280.8,1472,5.4,36.81,1.45,468.6,30.3,0.26,Intact (Good),None (0-1%),None,PASS,Normal,Normal,Safe,None (Passed All Thresholds),58.9,165.4,69.2,Severe (>0.035%/cycle),Tier 4: Highly Degraded (<65%),Good / Balanced,BMS Protection Lock / Blown MOSFET,Accurate / Responsive,Clean & Firm,Clean (No Cracks),BMS Discharge Port Fault,High (Output Power Blocked/Erratic),Yes,650,Moderate (Modular BMS Replacement),Replace BMS Board & Calibrate,PASS (Protection Thresholds Verified),61.8,173.5,Eligible (Post-Repair),Rural Off-Grid Household,75,"PASSED SAFETY GATE. Effective SoH: 61.8%, Available Capacity: 173.5 Wh, Peak Power: 69.2 W. Matched to 'Rural Off-Grid Household' (Score: 75%). Rationale: Moderate lighting & phone charging load. Internal resistance (468.6 mΩ) satisfies application thermal envelope. Post-repair validated: BMS Discharge Port Fault rectified (₹650)."
B103,Power Tool Li-ion Pack (5S),Industrial Tool Rental Surplus,5S,18.0,4.0,72.0,1311,4.5,17.71,2.83,195.0,25.5,0.27,Intact (Good),None (0-1%),None,PASS,Normal,Normal,Safe,None (Passed All Thresholds),62.3,44.9,18.8,Severe (>0.035%/cycle),Tier 4: Highly Degraded (<65%),Good / Balanced,Operational (Healthy),Accurate / Responsive,Clean & Firm,Clean (No Cracks),None (Fully Functional),None,Not Applicable,0,None,De-rate Power & Direct Allocation,Not Applicable (Direct Pass),62.3,44.9,Eligible (Limited Use - Derated),Rural Off-Grid Household,75,"PASSED SAFETY GATE. Effective SoH: 62.3%, Available Capacity: 44.9 Wh, Peak Power: 18.8 W. Matched to 'Rural Off-Grid Household' (Score: 75%). Rationale: Moderate lighting & phone charging load. Internal resistance (195.0 mΩ) satisfies application thermal envelope. Post-repair validated: None (Fully Functional) rectified (₹0)."
B104,Li-ion 18650 Pack (3S),Portable Medical / Tech Return,3S,11.1,4.4,48.8,293,1.4,10.68,1.25,84.8,27.3,0.25,Intact (Good),None (0-1%),None,PASS,Normal,Normal,Safe,None (Passed All Thresholds),88.7,43.3,21.8,Low (<0.015%/cycle),Tier 1: Excellent (>85%),Good / Balanced,Operational (Healthy),Accurate / Responsive,Clean & Firm,Clean (No Cracks),None (Fully Functional),None,Not Applicable,0,None,Direct Second-Life Allocation,Not Applicable (Direct Pass),88.7,43.3,Eligible (Direct),Community Solar Microgrid,85,"PASSED SAFETY GATE. Effective SoH: 88.7%, Available Capacity: 43.3 Wh, Peak Power: 21.8 W. Matched to 'Community Solar Microgrid' (Score: 85%). Rationale: Daily solar diurnal buffering compatible. Internal resistance (84.8 mΩ) satisfies application thermal envelope. Clean unit with zero component defects."
B105,Power Tool Li-ion Pack (5S),Industrial Tool Rental Surplus,5S,18.0,4.0,72.0,684,2.3,18.28,1.71,183.5,25.6,0.3,Intact (Good),None (0-1%),None,PASS,Normal,Normal,Safe,None (Passed All Thresholds),75.8,54.6,26.3,Moderate (0.018%/cycle),Tier 2: Good (75-84%),Good / Balanced,Operational (Healthy),Accurate / Responsive,Oxidized Terminals / Damaged XT60 Pin,Clean (No Cracks),High-Resistance Connector Degradation,Medium (Localized Contact Heating),Yes,120,Easy (Terminal Re-crimp & Re-soldering),Replace Connector Harness,PASS (Contact Resistance < 5 mOhm),75.8,54.6,Eligible (Post-Repair),Telecom Cell Tower Backup,85,"PASSED SAFETY GATE. Effective SoH: 75.8%, Available Capacity: 54.6 Wh, Peak Power: 26.3 W. Matched to 'Telecom Cell Tower Backup' (Score: 85%). Rationale: Steady high-reliability discharge profile. Internal resistance (183.5 mΩ) satisfies application thermal envelope. Post-repair validated: High-Resistance Connector Degradation rectified (₹120)."
B106,Li-ion 18650 Pack (4S),Robotics / Drone Fleet Return,4S,14.8,5.2,77.0,1362,4.7,14.96,2.11,171.6,26.9,0.4,Intact (Good),None (0-1%),None,PASS,Normal,Normal,Safe,None (Passed All Thresholds),62.4,48.0,20.7,Severe (>0.035%/cycle),Tier 4: Highly Degraded (<65%),Good / Balanced,Operational (Healthy),Faulty / Open Circuit Drift,Clean & Firm,Clean (No Cracks),Temperature Sensor Lead Detachment,Medium (Impaired Thermal Monitoring),Yes,320,Easy (Plug-in NTC Thermistor Swap),Repair & Retest Sensor,PASS (Thermal Loop Verified),62.4,48.0,Eligible (Post-Repair),Rural Off-Grid Household,78,"PASSED SAFETY GATE. Effective SoH: 62.4%, Available Capacity: 48.0 Wh, Peak Power: 20.7 W. Matched to 'Rural Off-Grid Household' (Score: 78%). Rationale: Moderate lighting & phone charging load. Internal resistance (171.6 mΩ) satisfies application thermal envelope. Post-repair validated: Temperature Sensor Lead Detachment rectified (₹320)."
B107,Prismatic Li-ion Module (2S),Telecom Backup Rack Module,2S,7.4,10.0,74.0,508,1.7,7.62,2.29,52.3,31.8,0.16,Intact (Good),None (0-1%),None,PASS,Normal,Normal,Safe,None (Passed All Thresholds),85.5,63.3,32.0,Low (<0.015%/cycle),Tier 1: Excellent (>85%),Good / Balanced,BMS Protection Lock / Blown MOSFET,Accurate / Responsive,Clean & Firm,Clean (No Cracks),BMS Discharge Port Fault,High (Output Power Blocked/Erratic),Yes,1100,Moderate (Modular BMS Replacement),Replace BMS Board & Calibrate,PASS (Protection Thresholds Verified),88.3,65.3,Eligible (Post-Repair),Healthcare Clinic Backup,95,"PASSED SAFETY GATE. Effective SoH: 88.3%, Available Capacity: 65.3 Wh, Peak Power: 32.0 W. Matched to 'Healthcare Clinic Backup' (Score: 95%). Rationale: High criticality approved. Internal resistance (52.3 mΩ) satisfies application thermal envelope. Post-repair validated: BMS Discharge Port Fault rectified (₹1100)."
B108,LiFePO4 (LFP) Module (4S),Solar Street Light / Telecom Decom,4S,12.8,6.0,76.8,1138,4.3,13.23,2.62,153.3,30.6,0.24,Intact (Good),None (0-1%),None,PASS,Normal,Normal,Safe,None (Passed All Thresholds),62.6,48.1,18.0,Severe (>0.035%/cycle),Tier 4: Highly Degraded (<65%),Good / Balanced,Operational (Healthy),Accurate / Responsive,Clean & Firm,Clean (No Cracks),None (Fully Functional),None,Not Applicable,0,None,De-rate Power & Direct Allocation,Not Applicable (Direct Pass),62.6,48.1,Eligible (Limited Use - Derated),Rural Off-Grid Household,71,"PASSED SAFETY GATE. Effective SoH: 62.6%, Available Capacity: 48.1 Wh, Peak Power: 18.0 W. Matched to 'Rural Off-Grid Household' (Score: 71%). Rationale: Moderate lighting & phone charging load. Internal resistance (153.3 mΩ) satisfies application thermal envelope. Post-repair validated: None (Fully Functional) rectified (₹0)."
B109,Li-ion 18650 Pack (3S),Portable Medical / Tech Return,3S,11.1,4.4,48.8,922,3.3,11.17,1.82,89.5,30.6,0.19,Intact (Good),None (0-1%),None,PASS,Normal,Normal,Safe,None (Passed All Thresholds),72.6,35.4,15.6,Elevated (0.024%/cycle),Tier 3: Moderate (65-74%),Good / Balanced,Operational (Healthy),Accurate / Responsive,Clean & Firm,Clean (No Cracks),None (Fully Functional),None,Not Applicable,0,None,Direct Second-Life Allocation,Not Applicable (Direct Pass),72.6,35.4,Eligible (Direct),Community Solar Microgrid,79,"PASSED SAFETY GATE. Effective SoH: 72.6%, Available Capacity: 35.4 Wh, Peak Power: 15.6 W. Matched to 'Community Solar Microgrid' (Score: 79%). Rationale: Daily solar diurnal buffering compatible. Internal resistance (89.5 mΩ) satisfies application thermal envelope. Clean unit with zero component defects."
B110,Li-ion 18650 Pack (4S),Robotics / Drone Fleet Return,4S,14.8,5.2,77.0,338,1.2,15.03,3.18,80.3,30.5,0.11,Intact (Good),None (0-1%),None,PASS,Normal,Normal,Safe,None (Passed All Thresholds),97.0,74.7,27.7,Low (<0.015%/cycle),Tier 1: Excellent (>85%),Good / Balanced,BMS Protection Lock / Blown MOSFET,Accurate / Responsive,Clean & Firm,Clean (No Cracks),BMS Discharge Port Fault,High (Output Power Blocked/Erratic),Yes,1100,Moderate (Modular BMS Replacement),Replace BMS Board & Calibrate,PASS (Protection Thresholds Verified),96.0,73.9,Eligible (Post-Repair),Healthcare Clinic Backup,92,"PASSED SAFETY GATE. Effective SoH: 96.0%, Available Capacity: 73.9 Wh, Peak Power: 27.7 W. Matched to 'Healthcare Clinic Backup' (Score: 92%). Rationale: High criticality approved. Internal resistance (80.3 mΩ) satisfies application thermal envelope. Post-repair validated: BMS Discharge Port Fault rectified (₹1100)."
B111,LiFePO4 (LFP) Module (4S),Solar Street Light / Telecom Decom,4S,12.8,6.0,76.8,1500,5.2,12.86,1.22,179.3,27.3,0.26,Intact (Good),None (0-1%),None,PASS,Normal,Normal,Safe,None (Passed All Thresholds),64.5,49.5,18.2,Severe (>0.035%/cycle),Tier 4: Highly Degraded (<65%),Good / Balanced,Operational (Healthy),Faulty / Open Circuit Drift,Clean & Firm,Clean (No Cracks),Temperature Sensor Lead Detachment,Medium (Impaired Thermal Monitoring),Yes,400,Easy (Plug-in NTC Thermistor Swap),Repair & Retest Sensor,PASS (Thermal Loop Verified),64.5,49.5,Eligible (Post-Repair),Rural School Lighting & Labs,79,"PASSED SAFETY GATE. Effective SoH: 64.5%, Available Capacity: 49.5 Wh, Peak Power: 18.2 W. Matched to 'Rural School Lighting & Labs' (Score: 79%). Rationale: Daytime educational load requirement met. Internal resistance (179.3 mΩ) satisfies application thermal envelope. Post-repair validated: Temperature Sensor Lead Detachment rectified (₹400)."
B112,Prismatic Li-ion Module (2S),Telecom Backup Rack Module,2S,7.4,10.0,74.0,267,0.7,7.51,3.04,51.0,26.4,0.15,Intact (Good),None (0-1%),None,PASS,Normal,Normal,Safe,None (Passed All Thresholds),89.2,66.0,24.5,Low (<0.015%/cycle),Tier 1: Excellent (>85%),Good / Balanced,Operational (Healthy),Accurate / Responsive,Clean & Firm,Clean (No Cracks),None (Fully Functional),None,Not Applicable,0,None,Direct Second-Life Allocation,Not Applicable (Direct Pass),89.2,66.0,Eligible (Direct),Healthcare Clinic Backup,94,"PASSED SAFETY GATE. Effective SoH: 89.2%, Available Capacity: 66.0 Wh, Peak Power: 24.5 W. Matched to 'Healthcare Clinic Backup' (Score: 94%). Rationale: High criticality approved. Internal resistance (51.0 mΩ) satisfies application thermal envelope. Clean unit with zero component defects."
B113,LiFePO4 (LFP) Module (4S),Solar Street Light / Telecom Decom,4S,12.8,6.0,76.8,947,3.1,13.02,3.04,142.2,27.4,0.34,Intact (Good),None (0-1%),None,PASS,Normal,Normal,Safe,None (Passed All Thresholds),79.0,60.7,22.2,Moderate (0.018%/cycle),Tier 2: Good (75-84%),Good / Balanced,Operational (Healthy),Accurate / Responsive,Clean & Firm,Clean (No Cracks),None (Fully Functional),None,Not Applicable,0,None,Direct Second-Life Allocation,Not Applicable (Direct Pass),79.0,60.7,Eligible (Direct),Emergency Disaster Shelter,92,"PASSED SAFETY GATE. Effective SoH: 79.0%, Available Capacity: 60.7 Wh, Peak Power: 22.2 W. Matched to 'Emergency Disaster Shelter' (Score: 92%). Rationale: Robust emergency resilience match. Internal resistance (142.2 mΩ) satisfies application thermal envelope. Clean unit with zero component defects."
B114,LiFePO4 (LFP) Module (4S),Solar Street Light / Telecom Decom,4S,12.8,6.0,76.8,777,3.0,13.04,1.39,112.8,25.4,0.17,Intact (Good),None (0-1%),None,PASS,Normal,Normal,Safe,None (Passed All Thresholds),83.9,64.4,24.6,Moderate (0.018%/cycle),Tier 2: Good (75-84%),Good / Balanced,Operational (Healthy),Accurate / Responsive,Clean & Firm,Clean (No Cracks),None (Fully Functional),None,Not Applicable,0,None,Direct Second-Life Allocation,Not Applicable (Direct Pass),83.9,64.4,Eligible (Direct),Emergency Disaster Shelter,91,"PASSED SAFETY GATE. Effective SoH: 83.9%, Available Capacity: 64.4 Wh, Peak Power: 24.6 W. Matched to 'Emergency Disaster Shelter' (Score: 91%). Rationale: Robust emergency resilience match. Internal resistance (112.8 mΩ) satisfies application thermal envelope. Clean unit with zero component defects."
B115,Li-ion 18650 Pack (3S),Portable Medical / Tech Return,3S,11.1,4.4,48.8,499,2.2,11.24,2.35,97.4,28.9,0.32,Chemical Residue & Vent Breach,None (0-1%),Active Electrolyte Leakage / Corrosion,FAIL,Normal,Normal,CRITICAL (Chemical Hazard),Safety Vent Ruptured & Toxic Chemical Egress,N/A (Unsafe),0.0,0.0,Catastrophic,Unfit / Hazardous,Good / Balanced,Operational (Healthy),Accurate / Responsive,Clean & Firm,Clean (No Cracks),Seal Rupture & Electrolyte Evaporation,Catastrophic,No (Inherent Cell Hazard),0,Impossible (Hazardous),Reject & Immediate Recycling,Not Applicable,0.0,0.0,Unfit for Reuse,None (Safety Rejected),0,"EJECTED AT SAFETY GATE: Fails mandatory screening due to Safety Vent Ruptured & Toxic Chemical Egress. Under REUSEGRID AI protocol, zero matching score can override a physical safety failure. Battery routed directly to certified closed-loop recycling."
B116,LiFePO4 (LFP) Module (4S),Solar Street Light / Telecom Decom,4S,12.8,6.0,76.8,1571,6.0,8.14,1.27,235.1,26.8,0.24,Intact (Good),None (0-1%),None,FAIL,Normal,CRITICAL (Deep Discharge Under-Voltage),Safe,Copper Shunt / Dendrite Short Risk (<2.0V/cell),N/A (Unsafe),0.0,0.0,Catastrophic,Unfit / Hazardous,Dead Cell / Inversion,Operational (Healthy),Accurate / Responsive,Clean & Firm,Clean (No Cracks),Irreversible Cell Over-discharge,Critical,No (Inherent Cell Hazard),0,Impossible (Hazardous),Reject & Immediate Recycling,Not Applicable,0.0,0.0,Unfit for Reuse,None (Safety Rejected),0,"EJECTED AT SAFETY GATE: Fails mandatory screening due to Copper Shunt / Dendrite Short Risk (<2.0V/cell). Under REUSEGRID AI protocol, zero matching score can override a physical safety failure. Battery routed directly to certified closed-loop recycling."
B117,Li-ion 18650 Pack (4S),Robotics / Drone Fleet Return,4S,14.8,5.2,77.0,991,3.5,14.26,3.19,180.0,29.1,0.23,Intact (Good),None (0-1%),None,PASS,Normal,Normal,Safe,None (Passed All Thresholds),66.6,51.3,25.4,Elevated (0.024%/cycle),Tier 3: Moderate (65-74%),Good / Balanced,Operational (Healthy),Accurate / Responsive,Clean & Firm,Clean (No Cracks),None (Fully Functional),None,Not Applicable,0,None,De-rate Power & Direct Allocation,Not Applicable (Direct Pass),66.6,51.3,Eligible (Limited Use - Derated),Rural School Lighting & Labs,79,"PASSED SAFETY GATE. Effective SoH: 66.6%, Available Capacity: 51.3 Wh, Peak Power: 25.4 W. Matched to 'Rural School Lighting & Labs' (Score: 79%). Rationale: Daytime educational load requirement met. Internal resistance (180.0 mΩ) satisfies application thermal envelope. Post-repair validated: None (Fully Functional) rectified (₹0)."
B118,LiFePO4 (LFP) Module (4S),Solar Street Light / Telecom Decom,4S,12.8,6.0,76.8,1188,4.6,13.22,1.68,191.6,29.4,0.29,Minor Hairline Crack on Corner Bracket,None (0-1%),None,PASS,Normal,Normal,Safe,None (Passed All Thresholds),58.5,44.9,22.3,Severe (>0.035%/cycle),Tier 4: Highly Degraded (<65%),Good / Balanced,Operational (Healthy),Accurate / Responsive,Clean & Firm,Damaged Mounting Bracket,Structural Enclosure Hairline Crack,Low (Non-Cell Cosmetic / Ingress Risk),No (Factory Moulded Shell),80,Minor (Epoxy / Seal Patching),Operate Under Sealed Enclosure (Limited Use),PASS (Ingress Safe in Indoor Rack),58.5,44.9,Eligible (Limited Use),Rural Off-Grid Household,71,"PASSED SAFETY GATE. Effective SoH: 58.5%, Available Capacity: 44.9 Wh, Peak Power: 22.3 W. Matched to 'Rural Off-Grid Household' (Score: 71%). Rationale: Moderate lighting & phone charging load. Internal resistance (191.6 mΩ) satisfies application thermal envelope. Post-repair validated: Structural Enclosure Hairline Crack rectified (₹80)."
B119,Power Tool Li-ion Pack (5S),Industrial Tool Rental Surplus,5S,18.0,4.0,72.0,958,3.8,17.54,3.17,218.1,28.4,0.17,Intact (Good),None (0-1%),None,PASS,Normal,Normal,Safe,None (Passed All Thresholds),69.0,49.7,26.1,Elevated (0.024%/cycle),Tier 3: Moderate (65-74%),Good / Balanced,Operational (Healthy),Accurate / Responsive,Clean & Firm,Clean (No Cracks),None (Fully Functional),None,Not Applicable,0,None,De-rate Power & Direct Allocation,Not Applicable (Direct Pass),69.0,49.7,Eligible (Limited Use - Derated),Rural School Lighting & Labs,79,"PASSED SAFETY GATE. Effective SoH: 69.0%, Available Capacity: 49.7 Wh, Peak Power: 26.1 W. Matched to 'Rural School Lighting & Labs' (Score: 79%). Rationale: Daytime educational load requirement met. Internal resistance (218.1 mΩ) satisfies application thermal envelope. Post-repair validated: None (Fully Functional) rectified (₹0)."
B120,Power Tool Li-ion Pack (5S),Industrial Tool Rental Surplus,5S,18.0,4.0,72.0,746,2.6,18.68,1.79,171.8,64.6,2.54,Intact (Good),None (0-1%),None,FAIL,CRITICAL (>50°C rapid rise),Normal,Safe,Thermal Runaway Imminent: Extreme Heat & Temp Velocity,N/A (Unsafe),0.0,0.0,Catastrophic,Unfit / Hazardous,Severe Thermal Stress,Operational (Healthy),Accurate / Responsive,Clean & Firm,Clean (No Cracks),Uncontrolled Cell Overheating,Catastrophic,No (Inherent Cell Hazard),0,Impossible (Hazardous),Reject & Immediate Recycling,Not Applicable,0.0,0.0,Unfit for Reuse,None (Safety Rejected),0,"EJECTED AT SAFETY GATE: Fails mandatory screening due to Thermal Runaway Imminent: Extreme Heat & Temp Velocity. Under REUSEGRID AI protocol, zero matching score can override a physical safety failure. Battery routed directly to certified closed-loop recycling."
B121,Prismatic Li-ion Module (2S),Telecom Backup Rack Module,2S,7.4,10.0,74.0,691,2.3,7.36,1.77,80.3,29.3,0.31,Intact (Good),None (0-1%),None,PASS,Normal,Normal,Safe,None (Passed All Thresholds),72.6,53.7,20.6,Elevated (0.024%/cycle),Tier 3: Moderate (65-74%),Good / Balanced,Operational (Healthy),Accurate / Responsive,Clean & Firm,Clean (No Cracks),None (Fully Functional),None,Not Applicable,0,None,Direct Second-Life Allocation,Not Applicable (Direct Pass),72.6,53.7,Eligible (Direct),Community Solar Microgrid,80,"PASSED SAFETY GATE. Effective SoH: 72.6%, Available Capacity: 53.7 Wh, Peak Power: 20.6 W. Matched to 'Community Solar Microgrid' (Score: 80%). Rationale: Daily solar diurnal buffering compatible. Internal resistance (80.3 mΩ) satisfies application thermal envelope. Clean unit with zero component defects."
B122,Power Tool Li-ion Pack (5S),Industrial Tool Rental Surplus,5S,18.0,4.0,72.0,275,1.2,8.28,2.55,145.4,31.1,0.16,Intact (Good),None (0-1%),None,FAIL,Normal,CRITICAL (Deep Discharge Under-Voltage),Safe,Copper Shunt / Dendrite Short Risk (<2.0V/cell),N/A (Unsafe),0.0,0.0,Catastrophic,Unfit / Hazardous,Dead Cell / Inversion,Operational (Healthy),Accurate / Responsive,Clean & Firm,Clean (No Cracks),Irreversible Cell Over-discharge,Critical,No (Inherent Cell Hazard),0,Impossible (Hazardous),Reject & Immediate Recycling,Not Applicable,0.0,0.0,Unfit for Reuse,None (Safety Rejected),0,"EJECTED AT SAFETY GATE: Fails mandatory screening due to Copper Shunt / Dendrite Short Risk (<2.0V/cell). Under REUSEGRID AI protocol, zero matching score can override a physical safety failure. Battery routed directly to certified closed-loop recycling."
B123,Power Tool Li-ion Pack (5S),Industrial Tool Rental Surplus,5S,18.0,4.0,72.0,313,1.2,17.74,2.37,136.6,25.3,0.14,Intact (Good),None (0-1%),None,PASS,Normal,Normal,Safe,None (Passed All Thresholds),90.1,64.9,35.5,Low (<0.015%/cycle),Tier 1: Excellent (>85%),Good / Balanced,Operational (Healthy),Accurate / Responsive,Clean & Firm,Clean (No Cracks),None (Fully Functional),None,Not Applicable,0,None,Direct Second-Life Allocation,Not Applicable (Direct Pass),90.1,64.9,Eligible (Direct),Healthcare Clinic Backup,97,"PASSED SAFETY GATE. Effective SoH: 90.1%, Available Capacity: 64.9 Wh, Peak Power: 35.5 W. Matched to 'Healthcare Clinic Backup' (Score: 97%). Rationale: High criticality approved. Internal resistance (136.6 mΩ) satisfies application thermal envelope. Clean unit with zero component defects."
B124,NMC Light-EV Pack (10S),Shared E-Scooter Fleet Fleet Retire,10S,36.0,7.8,280.8,177,1.0,16.15,2.32,217.2,29.7,0.14,Intact (Good),None (0-1%),None,FAIL,Normal,CRITICAL (Deep Discharge Under-Voltage),Safe,Copper Shunt / Dendrite Short Risk (<2.0V/cell),N/A (Unsafe),0.0,0.0,Catastrophic,Unfit / Hazardous,Dead Cell / Inversion,Operational (Healthy),Accurate / Responsive,Clean & Firm,Clean (No Cracks),Irreversible Cell Over-discharge,Critical,No (Inherent Cell Hazard),0,Impossible (Hazardous),Reject & Immediate Recycling,Not Applicable,0.0,0.0,Unfit for Reuse,None (Safety Rejected),0,"EJECTED AT SAFETY GATE: Fails mandatory screening due to Copper Shunt / Dendrite Short Risk (<2.0V/cell). Under REUSEGRID AI protocol, zero matching score can override a physical safety failure. Battery routed directly to certified closed-loop recycling."
B125,LiFePO4 (LFP) Module (4S),Solar Street Light / Telecom Decom,4S,12.8,6.0,76.8,945,3.2,13.18,1.61,137.7,29.8,0.35,Intact (Good),None (0-1%),None,PASS,Normal,Normal,Safe,None (Passed All Thresholds),73.5,56.4,30.4,Elevated (0.024%/cycle),Tier 3: Moderate (65-74%),Good / Balanced,Operational (Healthy),Accurate / Responsive,Clean & Firm,Clean (No Cracks),None (Fully Functional),None,Not Applicable,0,None,Direct Second-Life Allocation,Not Applicable (Direct Pass),73.5,56.4,Eligible (Direct),Community Solar Microgrid,85,"PASSED SAFETY GATE. Effective SoH: 73.5%, Available Capacity: 56.4 Wh, Peak Power: 30.4 W. Matched to 'Community Solar Microgrid' (Score: 85%). Rationale: Daily solar diurnal buffering compatible. Internal resistance (137.7 mΩ) satisfies application thermal envelope. Clean unit with zero component defects."
B126,Li-ion 18650 Pack (3S),Portable Medical / Tech Return,3S,11.1,4.4,48.8,730,2.7,11.48,2.79,86.9,29.7,0.16,Intact (Good),None (0-1%),None,PASS,Normal,Normal,Safe,None (Passed All Thresholds),79.0,38.6,18.6,Moderate (0.018%/cycle),Tier 2: Good (75-84%),Good / Balanced,Operational (Healthy),Accurate / Responsive,Clean & Firm,Clean (No Cracks),None (Fully Functional),None,Not Applicable,0,None,Direct Second-Life Allocation,Not Applicable (Direct Pass),79.0,38.6,Eligible (Direct),Community Solar Microgrid,82,"PASSED SAFETY GATE. Effective SoH: 79.0%, Available Capacity: 38.6 Wh, Peak Power: 18.6 W. Matched to 'Community Solar Microgrid' (Score: 82%). Rationale: Daily solar diurnal buffering compatible. Internal resistance (86.9 mΩ) satisfies application thermal envelope. Clean unit with zero component defects."
B127,Li-ion 18650 Pack (4S),Robotics / Drone Fleet Return,4S,14.8,5.2,77.0,883,2.9,14.88,2.9,139.4,31.1,0.22,Intact (Good),None (0-1%),None,PASS,Normal,Normal,Safe,None (Passed All Thresholds),78.0,60.1,25.0,Moderate (0.018%/cycle),Tier 2: Good (75-84%),Good / Balanced,Operational (Healthy),Accurate / Responsive,Clean & Firm,Clean (No Cracks),None (Fully Functional),None,Not Applicable,0,None,Direct Second-Life Allocation,Not Applicable (Direct Pass),78.0,60.1,Eligible (Direct),Emergency Disaster Shelter,90,"PASSED SAFETY GATE. Effective SoH: 78.0%, Available Capacity: 60.1 Wh, Peak Power: 25.0 W. Matched to 'Emergency Disaster Shelter' (Score: 90%). Rationale: Robust emergency resilience match. Internal resistance (139.4 mΩ) satisfies application thermal envelope. Clean unit with zero component defects."
B128,Prismatic Li-ion Module (2S),Telecom Backup Rack Module,2S,7.4,10.0,74.0,1081,4.1,5.33,2.45,359.1,48.9,0.2,Intact (Good),None (0-1%),None,FAIL,Normal,Micro-Short Detected,Safe,Localized Internal Cell Micro-Short Circuit,N/A (Unsafe),0.0,0.0,Catastrophic,Unfit / Hazardous,Micro-Dendrite Internal Short,Operational (Healthy),Accurate / Responsive,Clean & Firm,Clean (No Cracks),Internal Short Circuit,Critical,No (Inherent Cell Hazard),0,Impossible (Hazardous),Reject & Immediate Recycling,Not Applicable,0.0,0.0,Unfit for Reuse,None (Safety Rejected),0,"EJECTED AT SAFETY GATE: Fails mandatory screening due to Localized Internal Cell Micro-Short Circuit. Under REUSEGRID AI protocol, zero matching score can override a physical safety failure. Battery routed directly to certified closed-loop recycling."
B129,NMC Light-EV Pack (10S),Shared E-Scooter Fleet Fleet Retire,10S,36.0,7.8,280.8,934,3.3,35.21,1.37,388.0,29.2,0.3,Intact (Good),None (0-1%),None,PASS,Normal,Normal,Safe,None (Passed All Thresholds),67.1,188.4,89.3,Elevated (0.024%/cycle),Tier 3: Moderate (65-74%),Good / Balanced,Operational (Healthy),Accurate / Responsive,Clean & Firm,Clean (No Cracks),None (Fully Functional),None,Not Applicable,0,None,De-rate Power & Direct Allocation,Not Applicable (Direct Pass),67.1,188.4,Eligible (Limited Use - Derated),Rural School Lighting & Labs,79,"PASSED SAFETY GATE. Effective SoH: 67.1%, Available Capacity: 188.4 Wh, Peak Power: 89.3 W. Matched to 'Rural School Lighting & Labs' (Score: 79%). Rationale: Daytime educational load requirement met. Internal resistance (388.0 mΩ) satisfies application thermal envelope. Post-repair validated: None (Fully Functional) rectified (₹0)."
B130,Prismatic Li-ion Module (2S),Telecom Backup Rack Module,2S,7.4,10.0,74.0,628,2.5,7.31,2.07,72.4,27.8,0.27,Intact (Good),None (0-1%),None,PASS,Normal,Normal,Safe,None (Passed All Thresholds),72.2,53.4,24.4,Elevated (0.024%/cycle),Tier 3: Moderate (65-74%),Good / Balanced,Operational (Healthy),Faulty / Open Circuit Drift,Clean & Firm,Clean (No Cracks),Temperature Sensor Lead Detachment,Medium (Impaired Thermal Monitoring),Yes,250,Easy (Plug-in NTC Thermistor Swap),Secondary Re-test Failed -> Recycle,FAIL (Underlying Cell Thermal Drift),0.0,0.0,Unfit for Reuse,None (Post-Repair Fail),0,"UNFIT: Thermistor replaced, but failed mandatory post-repair thermal stability screening. Battery discarded to recycling."
B131,Li-ion 18650 Pack (4S),Robotics / Drone Fleet Return,4S,14.8,5.2,77.0,837,3.2,14.23,1.65,153.5,25.1,0.29,Intact (Good),None (0-1%),None,PASS,Normal,Normal,Safe,None (Passed All Thresholds),76.9,59.2,31.4,Moderate (0.018%/cycle),Tier 2: Good (75-84%),Good / Balanced,Operational (Healthy),Accurate / Responsive,Clean & Firm,Clean (No Cracks),None (Fully Functional),None,Not Applicable,0,None,Direct Second-Life Allocation,Not Applicable (Direct Pass),76.9,59.2,Eligible (Direct),Telecom Cell Tower Backup,85,"PASSED SAFETY GATE. Effective SoH: 76.9%, Available Capacity: 59.2 Wh, Peak Power: 31.4 W. Matched to 'Telecom Cell Tower Backup' (Score: 85%). Rationale: Steady high-reliability discharge profile. Internal resistance (153.5 mΩ) satisfies application thermal envelope. Clean unit with zero component defects."
B132,Li-ion 18650 Pack (3S),Portable Medical / Tech Return,3S,11.1,4.4,48.8,1299,4.4,11.09,1.79,121.2,27.0,0.19,Intact (Good),None (0-1%),None,PASS,Normal,Normal,Safe,None (Passed All Thresholds),61.5,30.0,15.3,Severe (>0.035%/cycle),Tier 4: Highly Degraded (<65%),Good / Balanced,Operational (Healthy),Accurate / Responsive,Oxidized Terminals / Damaged XT60 Pin,Clean (No Cracks),High-Resistance Connector Degradation,Medium (Localized Contact Heating),Yes,180,Easy (Terminal Re-crimp & Re-soldering),Replace Connector Harness,PASS (Contact Resistance < 5 mOhm),61.5,30.0,Eligible (Post-Repair),Rural Off-Grid Household,74,"PASSED SAFETY GATE. Effective SoH: 61.5%, Available Capacity: 30.0 Wh, Peak Power: 15.3 W. Matched to 'Rural Off-Grid Household' (Score: 74%). Rationale: Moderate lighting & phone charging load. Internal resistance (121.2 mΩ) satisfies application thermal envelope. Post-repair validated: High-Resistance Connector Degradation rectified (₹180)."
B133,Prismatic Li-ion Module (2S),Telecom Backup Rack Module,2S,7.4,10.0,74.0,573,2.2,7.18,1.62,65.4,29.8,0.15,Intact (Good),None (0-1%),None,PASS,Normal,Normal,Safe,None (Passed All Thresholds),79.3,58.7,26.7,Moderate (0.018%/cycle),Tier 2: Good (75-84%),Good / Balanced,Operational (Healthy),Accurate / Responsive,Clean & Firm,Clean (No Cracks),None (Fully Functional),None,Not Applicable,0,None,Direct Second-Life Allocation,Not Applicable (Direct Pass),79.3,58.7,Eligible (Direct),Emergency Disaster Shelter,90,"PASSED SAFETY GATE. Effective SoH: 79.3%, Available Capacity: 58.7 Wh, Peak Power: 26.7 W. Matched to 'Emergency Disaster Shelter' (Score: 90%). Rationale: Robust emergency resilience match. Internal resistance (65.4 mΩ) satisfies application thermal envelope. Clean unit with zero component defects."
B134,Li-ion 18650 Pack (4S),Robotics / Drone Fleet Return,4S,14.8,5.2,77.0,385,1.5,14.26,2.66,94.9,31.7,0.28,Intact (Good),None (0-1%),None,PASS,Normal,Normal,Safe,None (Passed All Thresholds),93.3,71.8,37.8,Low (<0.015%/cycle),Tier 1: Excellent (>85%),Good / Balanced,BMS Protection Lock / Blown MOSFET,Accurate / Responsive,Clean & Firm,Clean (No Cracks),BMS Discharge Port Fault,High (Output Power Blocked/Erratic),Yes,850,Moderate (Modular BMS Replacement),Replace BMS Board & Calibrate,PASS (Protection Thresholds Verified),95.9,73.8,Eligible (Post-Repair),Healthcare Clinic Backup,92,"PASSED SAFETY GATE. Effective SoH: 95.9%, Available Capacity: 73.8 Wh, Peak Power: 37.8 W. Matched to 'Healthcare Clinic Backup' (Score: 92%). Rationale: High criticality approved. Internal resistance (94.9 mΩ) satisfies application thermal envelope. Post-repair validated: BMS Discharge Port Fault rectified (₹850)."
B135,NMC Light-EV Pack (10S),Shared E-Scooter Fleet Fleet Retire,10S,36.0,7.8,280.8,493,1.9,35.58,1.74,283.6,30.5,0.18,Minor Hairline Crack on Corner Bracket,None (0-1%),None,PASS,Normal,Normal,Safe,None (Passed All Thresholds),89.2,250.5,128.9,Low (<0.015%/cycle),Tier 1: Excellent (>85%),Good / Balanced,Operational (Healthy),Accurate / Responsive,Clean & Firm,Damaged Mounting Bracket,Structural Enclosure Hairline Crack,Low (Non-Cell Cosmetic / Ingress Risk),No (Factory Moulded Shell),80,Minor (Epoxy / Seal Patching),Operate Under Sealed Enclosure (Limited Use),PASS (Ingress Safe in Indoor Rack),89.2,250.5,Eligible (Limited Use),Healthcare Clinic Backup,92,"PASSED SAFETY GATE. Effective SoH: 89.2%, Available Capacity: 250.5 Wh, Peak Power: 128.9 W. Matched to 'Healthcare Clinic Backup' (Score: 92%). Rationale: High criticality approved. Internal resistance (283.6 mΩ) satisfies application thermal envelope. Post-repair validated: Structural Enclosure Hairline Crack rectified (₹80)."
B136,LiFePO4 (LFP) Module (4S),Solar Street Light / Telecom Decom,4S,12.8,6.0,76.8,901,3.0,12.46,2.89,162.2,31.0,0.17,Intact (Good),None (0-1%),None,PASS,Normal,Normal,Safe,None (Passed All Thresholds),71.0,54.5,20.1,Elevated (0.024%/cycle),Tier 3: Moderate (65-74%),Good / Balanced,Operational (Healthy),Faulty / Open Circuit Drift,Clean & Firm,Clean (No Cracks),Temperature Sensor Lead Detachment,Medium (Impaired Thermal Monitoring),Yes,250,Easy (Plug-in NTC Thermistor Swap),Repair & Retest Sensor,PASS (Thermal Loop Verified),71.0,54.5,Eligible (Post-Repair),Community Solar Microgrid,79,"PASSED SAFETY GATE. Effective SoH: 71.0%, Available Capacity: 54.5 Wh, Peak Power: 20.1 W. Matched to 'Community Solar Microgrid' (Score: 79%). Rationale: Daily solar diurnal buffering compatible. Internal resistance (162.2 mΩ) satisfies application thermal envelope. Post-repair validated: Temperature Sensor Lead Detachment rectified (₹250)."
B137,Li-ion 18650 Pack (4S),Robotics / Drone Fleet Return,4S,14.8,5.2,77.0,873,3.2,14.91,2.34,152.8,31.9,0.14,Intact (Good),None (0-1%),None,PASS,Normal,Normal,Safe,None (Passed All Thresholds),68.7,52.9,25.9,Elevated (0.024%/cycle),Tier 3: Moderate (65-74%),Good / Balanced,Operational (Healthy),Accurate / Responsive,Oxidized Terminals / Damaged XT60 Pin,Clean (No Cracks),High-Resistance Connector Degradation,Medium (Localized Contact Heating),Yes,120,Easy (Terminal Re-crimp & Re-soldering),Replace Connector Harness,PASS (Contact Resistance < 5 mOhm),68.7,52.9,Eligible (Post-Repair),Rural School Lighting & Labs,79,"PASSED SAFETY GATE. Effective SoH: 68.7%, Available Capacity: 52.9 Wh, Peak Power: 25.9 W. Matched to 'Rural School Lighting & Labs' (Score: 79%). Rationale: Daytime educational load requirement met. Internal resistance (152.8 mΩ) satisfies application thermal envelope. Post-repair validated: High-Resistance Connector Degradation rectified (₹120)."
B138,LiFePO4 (LFP) Module (4S),Solar Street Light / Telecom Decom,4S,12.8,6.0,76.8,669,2.6,12.37,1.4,118.6,31.3,0.16,Minor Hairline Crack on Corner Bracket,None (0-1%),None,PASS,Normal,Normal,Safe,None (Passed All Thresholds),81.8,62.8,26.0,Moderate (0.018%/cycle),Tier 2: Good (75-84%),Good / Balanced,Operational (Healthy),Accurate / Responsive,Clean & Firm,Damaged Mounting Bracket,Structural Enclosure Hairline Crack,Low (Non-Cell Cosmetic / Ingress Risk),No (Factory Moulded Shell),80,Minor (Epoxy / Seal Patching),Operate Under Sealed Enclosure (Limited Use),PASS (Ingress Safe in Indoor Rack),81.8,62.8,Eligible (Limited Use),Emergency Disaster Shelter,87,"PASSED SAFETY GATE. Effective SoH: 81.8%, Available Capacity: 62.8 Wh, Peak Power: 26.0 W. Matched to 'Emergency Disaster Shelter' (Score: 87%). Rationale: Robust emergency resilience match. Internal resistance (118.6 mΩ) satisfies application thermal envelope. Post-repair validated: Structural Enclosure Hairline Crack rectified (₹80)."
B139,Prismatic Li-ion Module (2S),Telecom Backup Rack Module,2S,7.4,10.0,74.0,608,1.9,7.24,2.44,67.8,31.2,0.3,Intact (Good),None (0-1%),None,PASS,Normal,Normal,Safe,None (Passed All Thresholds),80.0,59.2,27.0,Moderate (0.018%/cycle),Tier 2: Good (75-84%),Good / Balanced,Operational (Healthy),Accurate / Responsive,Clean & Firm,Clean (No Cracks),None (Fully Functional),None,Not Applicable,0,None,Direct Second-Life Allocation,Not Applicable (Direct Pass),80.0,59.2,Eligible (Direct),Emergency Disaster Shelter,87,"PASSED SAFETY GATE. Effective SoH: 80.0%, Available Capacity: 59.2 Wh, Peak Power: 27.0 W. Matched to 'Emergency Disaster Shelter' (Score: 87%). Rationale: Robust emergency resilience match. Internal resistance (67.8 mΩ) satisfies application thermal envelope. Clean unit with zero component defects."
B140,Power Tool Li-ion Pack (5S),Industrial Tool Rental Surplus,5S,18.0,4.0,72.0,590,2.3,17.37,2.49,131.4,31.7,0.15,Intact (Good),None (0-1%),None,PASS,Normal,Normal,Safe,None (Passed All Thresholds),88.0,63.4,24.7,Low (<0.015%/cycle),Tier 1: Excellent (>85%),Good / Balanced,BMS Protection Lock / Blown MOSFET,Accurate / Responsive,Clean & Firm,Clean (No Cracks),BMS Discharge Port Fault,High (Output Power Blocked/Erratic),Yes,650,Moderate (Modular BMS Replacement),Replace BMS Board & Calibrate,PASS (Protection Thresholds Verified),90.4,65.1,Eligible (Post-Repair),Healthcare Clinic Backup,93,"PASSED SAFETY GATE. Effective SoH: 90.4%, Available Capacity: 65.1 Wh, Peak Power: 24.7 W. Matched to 'Healthcare Clinic Backup' (Score: 93%). Rationale: High criticality approved. Internal resistance (131.4 mΩ) satisfies application thermal envelope. Post-repair validated: BMS Discharge Port Fault rectified (₹650)."
B141,LiFePO4 (LFP) Module (4S),Solar Street Light / Telecom Decom,4S,12.8,6.0,76.8,372,1.3,13.1,3.33,118.4,26.6,0.22,Intact (Good),None (0-1%),None,PASS,Normal,Normal,Safe,None (Passed All Thresholds),86.5,66.4,25.3,Low (<0.015%/cycle),Tier 1: Excellent (>85%),Good / Balanced,Operational (Healthy),Accurate / Responsive,Oxidized Terminals / Damaged XT60 Pin,Clean (No Cracks),High-Resistance Connector Degradation,Medium (Localized Contact Heating),Yes,120,Easy (Terminal Re-crimp & Re-soldering),Replace Connector Harness,PASS (Contact Resistance < 5 mOhm),86.5,66.4,Eligible (Post-Repair),Healthcare Clinic Backup,97,"PASSED SAFETY GATE. Effective SoH: 86.5%, Available Capacity: 66.4 Wh, Peak Power: 25.3 W. Matched to 'Healthcare Clinic Backup' (Score: 97%). Rationale: High criticality approved. Internal resistance (118.4 mΩ) satisfies application thermal envelope. Post-repair validated: High-Resistance Connector Degradation rectified (₹120)."
B142,Li-ion 18650 Pack (3S),Portable Medical / Tech Return,3S,11.1,4.4,48.8,1299,4.7,10.74,2.94,143.2,25.9,0.35,Intact (Good),None (0-1%),None,PASS,Normal,Normal,Safe,None (Passed All Thresholds),61.8,30.2,15.3,Severe (>0.035%/cycle),Tier 4: Highly Degraded (<65%),Good / Balanced,Operational (Healthy),Accurate / Responsive,Clean & Firm,Clean (No Cracks),None (Fully Functional),None,Not Applicable,0,None,De-rate Power & Direct Allocation,Not Applicable (Direct Pass),61.8,30.2,Eligible (Limited Use - Derated),Rural Off-Grid Household,76,"PASSED SAFETY GATE. Effective SoH: 61.8%, Available Capacity: 30.2 Wh, Peak Power: 15.3 W. Matched to 'Rural Off-Grid Household' (Score: 76%). Rationale: Moderate lighting & phone charging load. Internal resistance (143.2 mΩ) satisfies application thermal envelope. Post-repair validated: None (Fully Functional) rectified (₹0)."
B143,LiFePO4 (LFP) Module (4S),Solar Street Light / Telecom Decom,4S,12.8,6.0,76.8,274,0.9,13.25,2.47,84.6,27.1,0.22,Intact (Good),None (0-1%),None,PASS,Normal,Normal,Safe,None (Passed All Thresholds),89.3,68.6,30.1,Low (<0.015%/cycle),Tier 1: Excellent (>85%),Good / Balanced,Operational (Healthy),Accurate / Responsive,Clean & Firm,Clean (No Cracks),None (Fully Functional),None,Not Applicable,0,None,Direct Second-Life Allocation,Not Applicable (Direct Pass),89.3,68.6,Eligible (Direct),Healthcare Clinic Backup,94,"PASSED SAFETY GATE. Effective SoH: 89.3%, Available Capacity: 68.6 Wh, Peak Power: 30.1 W. Matched to 'Healthcare Clinic Backup' (Score: 94%). Rationale: High criticality approved. Internal resistance (84.6 mΩ) satisfies application thermal envelope. Clean unit with zero component defects."
B144,LiFePO4 (LFP) Module (4S),Solar Street Light / Telecom Decom,4S,12.8,6.0,76.8,747,3.0,12.5,3.34,142.5,25.8,0.35,Intact (Good),None (0-1%),None,PASS,Normal,Normal,Safe,None (Passed All Thresholds),78.1,60.0,25.6,Moderate (0.018%/cycle),Tier 2: Good (75-84%),Good / Balanced,Operational (Healthy),Accurate / Responsive,Clean & Firm,Clean (No Cracks),None (Fully Functional),None,Not Applicable,0,None,Direct Second-Life Allocation,Not Applicable (Direct Pass),78.1,60.0,Eligible (Direct),Emergency Disaster Shelter,91,"PASSED SAFETY GATE. Effective SoH: 78.1%, Available Capacity: 60.0 Wh, Peak Power: 25.6 W. Matched to 'Emergency Disaster Shelter' (Score: 91%). Rationale: Robust emergency resilience match. Internal resistance (142.5 mΩ) satisfies application thermal envelope. Clean unit with zero component defects."
B145,Power Tool Li-ion Pack (5S),Industrial Tool Rental Surplus,5S,18.0,4.0,72.0,1178,4.5,12.96,1.6,753.2,53.8,0.2,Intact (Good),None (0-1%),None,FAIL,Normal,Micro-Short Detected,Safe,Localized Internal Cell Micro-Short Circuit,N/A (Unsafe),0.0,0.0,Catastrophic,Unfit / Hazardous,Micro-Dendrite Internal Short,Operational (Healthy),Accurate / Responsive,Clean & Firm,Clean (No Cracks),Internal Short Circuit,Critical,No (Inherent Cell Hazard),0,Impossible (Hazardous),Reject & Immediate Recycling,Not Applicable,0.0,0.0,Unfit for Reuse,None (Safety Rejected),0,"EJECTED AT SAFETY GATE: Fails mandatory screening due to Localized Internal Cell Micro-Short Circuit. Under REUSEGRID AI protocol, zero matching score can override a physical safety failure. Battery routed directly to certified closed-loop recycling."
B146,Li-ion 18650 Pack (4S),Robotics / Drone Fleet Return,4S,14.8,5.2,77.0,1103,3.7,14.42,2.36,142.7,27.8,0.14,Minor Hairline Crack on Corner Bracket,None (0-1%),None,PASS,Normal,Normal,Safe,None (Passed All Thresholds),76.6,59.0,25.0,Moderate (0.018%/cycle),Tier 2: Good (75-84%),Good / Balanced,Operational (Healthy),Accurate / Responsive,Clean & Firm,Damaged Mounting Bracket,Structural Enclosure Hairline Crack,Low (Non-Cell Cosmetic / Ingress Risk),No (Factory Moulded Shell),80,Minor (Epoxy / Seal Patching),Operate Under Sealed Enclosure (Limited Use),PASS (Ingress Safe in Indoor Rack),76.6,59.0,Eligible (Limited Use),Telecom Cell Tower Backup,83,"PASSED SAFETY GATE. Effective SoH: 76.6%, Available Capacity: 59.0 Wh, Peak Power: 25.0 W. Matched to 'Telecom Cell Tower Backup' (Score: 83%). Rationale: Steady high-reliability discharge profile. Internal resistance (142.7 mΩ) satisfies application thermal envelope. Post-repair validated: Structural Enclosure Hairline Crack rectified (₹80)."
B147,Li-ion 18650 Pack (3S),Portable Medical / Tech Return,3S,11.1,4.4,48.8,250,0.7,11.04,1.92,81.9,28.5,0.23,Intact (Good),None (0-1%),None,PASS,Normal,Normal,Safe,None (Passed All Thresholds),93.2,45.5,16.9,Low (<0.015%/cycle),Tier 1: Excellent (>85%),Good / Balanced,Operational (Healthy),Accurate / Responsive,Clean & Firm,Clean (No Cracks),None (Fully Functional),None,Not Applicable,0,None,Direct Second-Life Allocation,Not Applicable (Direct Pass),93.2,45.5,Eligible (Direct),Telecom Cell Tower Backup,88,"PASSED SAFETY GATE. Effective SoH: 93.2%, Available Capacity: 45.5 Wh, Peak Power: 16.9 W. Matched to 'Telecom Cell Tower Backup' (Score: 88%). Rationale: Steady high-reliability discharge profile. Internal resistance (81.9 mΩ) satisfies application thermal envelope. Clean unit with zero component defects."
B148,Power Tool Li-ion Pack (5S),Industrial Tool Rental Surplus,5S,18.0,4.0,72.0,497,1.9,18.4,2.26,133.1,25.4,0.4,Intact (Good),None (0-1%),None,PASS,Normal,Normal,Safe,None (Passed All Thresholds),81.7,58.8,21.3,Moderate (0.018%/cycle),Tier 2: Good (75-84%),Good / Balanced,Operational (Healthy),Accurate / Responsive,Clean & Firm,Clean (No Cracks),None (Fully Functional),None,Not Applicable,0,None,Direct Second-Life Allocation,Not Applicable (Direct Pass),81.7,58.8,Eligible (Direct),Emergency Disaster Shelter,90,"PASSED SAFETY GATE. Effective SoH: 81.7%, Available Capacity: 58.8 Wh, Peak Power: 21.3 W. Matched to 'Emergency Disaster Shelter' (Score: 90%). Rationale: Robust emergency resilience match. Internal resistance (133.1 mΩ) satisfies application thermal envelope. Clean unit with zero component defects."
B149,Prismatic Li-ion Module (2S),Telecom Backup Rack Module,2S,7.4,10.0,74.0,1484,5.2,7.14,2.37,105.8,32.0,0.34,Intact (Good),None (0-1%),None,PASS,Normal,Normal,Safe,None (Passed All Thresholds),54.3,40.2,19.0,Severe (>0.035%/cycle),Tier 4: Highly Degraded (<65%),Good / Balanced,Operational (Healthy),Accurate / Responsive,Clean & Firm,Clean (No Cracks),None (Fully Functional),None,Not Applicable,0,None,De-rate Power & Direct Allocation,Not Applicable (Direct Pass),54.3,40.2,Eligible (Limited Use - Derated),Secondary Micro-Reserve Buffer,67,"PASSED SAFETY GATE. Effective SoH: 54.3%, Available Capacity: 40.2 Wh, Peak Power: 19.0 W. Matched to 'Secondary Micro-Reserve Buffer' (Score: 67%). Rationale: Low-drain buffer storage tier. Internal resistance (105.8 mΩ) satisfies application thermal envelope. Post-repair validated: None (Fully Functional) rectified (₹0)."
B150,Li-ion 18650 Pack (4S),Robotics / Drone Fleet Return,4S,14.8,5.2,77.0,854,3.1,14.74,1.65,165.3,27.6,0.22,Intact (Good),None (0-1%),None,PASS,Normal,Normal,Safe,None (Passed All Thresholds),71.0,54.7,28.2,Elevated (0.024%/cycle),Tier 3: Moderate (65-74%),Good / Balanced,BMS Protection Lock / Blown MOSFET,Accurate / Responsive,Clean & Firm,Clean (No Cracks),BMS Discharge Port Fault,High (Output Power Blocked/Erratic),Yes,1100,Moderate (Modular BMS Replacement),Replace BMS Board & Calibrate,FAIL (Damaged Cell Voltage Taps),0.0,0.0,Unfit for Reuse,None (Post-Repair Fail),0,UNFIT: New BMS installed but cell sensing taps detected unrecoverable internal cell imbalance. Recycled.
B151,Power Tool Li-ion Pack (5S),Industrial Tool Rental Surplus,5S,18.0,4.0,72.0,980,3.7,17.31,1.8,187.1,30.3,0.14,Intact (Good),None (0-1%),None,PASS,Normal,Normal,Safe,None (Passed All Thresholds),70.6,50.8,20.0,Elevated (0.024%/cycle),Tier 3: Moderate (65-74%),Good / Balanced,BMS Protection Lock / Blown MOSFET,Accurate / Responsive,Clean & Firm,Clean (No Cracks),BMS Discharge Port Fault,High (Output Power Blocked/Erratic),Yes,1100,Moderate (Modular BMS Replacement),Replace BMS Board & Calibrate,PASS (Protection Thresholds Verified),72.6,52.3,Eligible (Post-Repair),Community Solar Microgrid,79,"PASSED SAFETY GATE. Effective SoH: 72.6%, Available Capacity: 52.3 Wh, Peak Power: 20.0 W. Matched to 'Community Solar Microgrid' (Score: 79%). Rationale: Daily solar diurnal buffering compatible. Internal resistance (187.1 mΩ) satisfies application thermal envelope. Post-repair validated: BMS Discharge Port Fault rectified (₹1100)."
B152,Power Tool Li-ion Pack (5S),Industrial Tool Rental Surplus,5S,18.0,4.0,72.0,518,2.2,17.93,3.14,156.1,25.7,0.25,Minor Hairline Crack on Corner Bracket,None (0-1%),None,PASS,Normal,Normal,Safe,None (Passed All Thresholds),80.5,58.0,22.0,Moderate (0.018%/cycle),Tier 2: Good (75-84%),Good / Balanced,Operational (Healthy),Accurate / Responsive,Clean & Firm,Damaged Mounting Bracket,Structural Enclosure Hairline Crack,Low (Non-Cell Cosmetic / Ingress Risk),No (Factory Moulded Shell),80,Minor (Epoxy / Seal Patching),Operate Under Sealed Enclosure (Limited Use),PASS (Ingress Safe in Indoor Rack),80.5,58.0,Eligible (Limited Use),Emergency Disaster Shelter,87,"PASSED SAFETY GATE. Effective SoH: 80.5%, Available Capacity: 58.0 Wh, Peak Power: 22.0 W. Matched to 'Emergency Disaster Shelter' (Score: 87%). Rationale: Robust emergency resilience match. Internal resistance (156.1 mΩ) satisfies application thermal envelope. Post-repair validated: Structural Enclosure Hairline Crack rectified (₹80)."
B153,LiFePO4 (LFP) Module (4S),Solar Street Light / Telecom Decom,4S,12.8,6.0,76.8,985,3.6,13.09,3.25,156.6,31.7,0.34,Intact (Good),None (0-1%),None,PASS,Normal,Normal,Safe,None (Passed All Thresholds),66.0,50.7,20.9,Elevated (0.024%/cycle),Tier 3: Moderate (65-74%),Good / Balanced,Operational (Healthy),Accurate / Responsive,Clean & Firm,Clean (No Cracks),None (Fully Functional),None,Not Applicable,0,None,De-rate Power & Direct Allocation,Not Applicable (Direct Pass),66.0,50.7,Eligible (Limited Use - Derated),Rural School Lighting & Labs,81,"PASSED SAFETY GATE. Effective SoH: 66.0%, Available Capacity: 50.7 Wh, Peak Power: 20.9 W. Matched to 'Rural School Lighting & Labs' (Score: 81%). Rationale: Daytime educational load requirement met. Internal resistance (156.6 mΩ) satisfies application thermal envelope. Post-repair validated: None (Fully Functional) rectified (₹0)."
B154,LiFePO4 (LFP) Module (4S),Solar Street Light / Telecom Decom,4S,12.8,6.0,76.8,677,2.3,12.96,3.26,133.2,29.5,0.28,Intact (Good),None (0-1%),None,PASS,Normal,Normal,Safe,None (Passed All Thresholds),80.0,61.4,22.3,Moderate (0.018%/cycle),Tier 2: Good (75-84%),Good / Balanced,Operational (Healthy),Accurate / Responsive,Clean & Firm,Clean (No Cracks),None (Fully Functional),None,Not Applicable,0,None,Direct Second-Life Allocation,Not Applicable (Direct Pass),80.0,61.4,Eligible (Direct),Emergency Disaster Shelter,88,"PASSED SAFETY GATE. Effective SoH: 80.0%, Available Capacity: 61.4 Wh, Peak Power: 22.3 W. Matched to 'Emergency Disaster Shelter' (Score: 88%). Rationale: Robust emergency resilience match. Internal resistance (133.2 mΩ) satisfies application thermal envelope. Clean unit with zero component defects."
B155,Li-ion 18650 Pack (4S),Robotics / Drone Fleet Return,4S,14.8,5.2,77.0,434,1.8,14.31,2.85,81.4,25.5,0.12,Intact (Good),None (0-1%),None,PASS,Normal,Normal,Safe,None (Passed All Thresholds),93.7,72.1,25.4,Low (<0.015%/cycle),Tier 1: Excellent (>85%),Good / Balanced,Operational (Healthy),Accurate / Responsive,Clean & Firm,Clean (No Cracks),None (Fully Functional),None,Not Applicable,0,None,Direct Second-Life Allocation,Not Applicable (Direct Pass),93.7,72.1,Eligible (Direct),Healthcare Clinic Backup,97,"PASSED SAFETY GATE. Effective SoH: 93.7%, Available Capacity: 72.1 Wh, Peak Power: 25.4 W. Matched to 'Healthcare Clinic Backup' (Score: 97%). Rationale: High criticality approved. Internal resistance (81.4 mΩ) satisfies application thermal envelope. Clean unit with zero component defects."
B156,NMC Light-EV Pack (10S),Shared E-Scooter Fleet Fleet Retire,10S,36.0,7.8,280.8,985,3.5,36.46,1.63,426.5,26.2,0.13,Intact (Good),None (0-1%),None,PASS,Normal,Normal,Safe,None (Passed All Thresholds),67.5,189.5,91.4,Elevated (0.024%/cycle),Tier 3: Moderate (65-74%),Good / Balanced,Operational (Healthy),Accurate / Responsive,Clean & Firm,Clean (No Cracks),None (Fully Functional),None,Not Applicable,0,None,De-rate Power & Direct Allocation,Not Applicable (Direct Pass),67.5,189.5,Eligible (Limited Use - Derated),Rural School Lighting & Labs,82,"PASSED SAFETY GATE. Effective SoH: 67.5%, Available Capacity: 189.5 Wh, Peak Power: 91.4 W. Matched to 'Rural School Lighting & Labs' (Score: 82%). Rationale: Daytime educational load requirement met. Internal resistance (426.5 mΩ) satisfies application thermal envelope. Post-repair validated: None (Fully Functional) rectified (₹0)."
B157,Li-ion 18650 Pack (4S),Robotics / Drone Fleet Return,4S,14.8,5.2,77.0,537,1.6,14.66,1.67,104.9,25.8,0.28,Intact (Good),None (0-1%),None,PASS,Normal,Normal,Safe,None (Passed All Thresholds),88.3,68.0,34.3,Low (<0.015%/cycle),Tier 1: Excellent (>85%),Good / Balanced,Operational (Healthy),Accurate / Responsive,Clean & Firm,Clean (No Cracks),None (Fully Functional),None,Not Applicable,0,None,Direct Second-Life Allocation,Not Applicable (Direct Pass),88.3,68.0,Eligible (Direct),Healthcare Clinic Backup,94,"PASSED SAFETY GATE. Effective SoH: 88.3%, Available Capacity: 68.0 Wh, Peak Power: 34.3 W. Matched to 'Healthcare Clinic Backup' (Score: 94%). Rationale: High criticality approved. Internal resistance (104.9 mΩ) satisfies application thermal envelope. Clean unit with zero component defects."
B158,LiFePO4 (LFP) Module (4S),Solar Street Light / Telecom Decom,4S,12.8,6.0,76.8,760,2.4,13.12,2.71,131.4,25.9,0.2,Intact (Good),None (0-1%),None,PASS,Normal,Normal,Safe,None (Passed All Thresholds),83.3,64.0,34.3,Moderate (0.018%/cycle),Tier 2: Good (75-84%),Good / Balanced,Operational (Healthy),Accurate / Responsive,Clean & Firm,Clean (No Cracks),None (Fully Functional),None,Not Applicable,0,None,Direct Second-Life Allocation,Not Applicable (Direct Pass),83.3,64.0,Eligible (Direct),Emergency Disaster Shelter,87,"PASSED SAFETY GATE. Effective SoH: 83.3%, Available Capacity: 64.0 Wh, Peak Power: 34.3 W. Matched to 'Emergency Disaster Shelter' (Score: 87%). Rationale: Robust emergency resilience match. Internal resistance (131.4 mΩ) satisfies application thermal envelope. Clean unit with zero component defects."
B159,Li-ion 18650 Pack (3S),Portable Medical / Tech Return,3S,11.1,4.4,48.8,622,2.2,10.87,1.48,82.5,26.4,0.37,Intact (Good),None (0-1%),None,PASS,Normal,Normal,Safe,None (Passed All Thresholds),88.9,43.4,20.8,Low (<0.015%/cycle),Tier 1: Excellent (>85%),Good / Balanced,Operational (Healthy),Faulty / Open Circuit Drift,Clean & Firm,Clean (No Cracks),Temperature Sensor Lead Detachment,Medium (Impaired Thermal Monitoring),Yes,320,Easy (Plug-in NTC Thermistor Swap),Repair & Retest Sensor,PASS (Thermal Loop Verified),88.9,43.4,Eligible (Post-Repair),Community Solar Microgrid,82,"PASSED SAFETY GATE. Effective SoH: 88.9%, Available Capacity: 43.4 Wh, Peak Power: 20.8 W. Matched to 'Community Solar Microgrid' (Score: 82%). Rationale: Daily solar diurnal buffering compatible. Internal resistance (82.5 mΩ) satisfies application thermal envelope. Post-repair validated: Temperature Sensor Lead Detachment rectified (₹320)."
B160,Power Tool Li-ion Pack (5S),Industrial Tool Rental Surplus,5S,18.0,4.0,72.0,1093,4.2,18.49,2.88,185.3,30.4,0.3,Intact (Good),None (0-1%),None,PASS,Normal,Normal,Safe,None (Passed All Thresholds),70.1,50.5,19.5,Elevated (0.024%/cycle),Tier 3: Moderate (65-74%),Good / Balanced,Operational (Healthy),Accurate / Responsive,Clean & Firm,Clean (No Cracks),None (Fully Functional),None,Not Applicable,0,None,Direct Second-Life Allocation,Not Applicable (Direct Pass),70.1,50.5,Eligible (Direct),Community Solar Microgrid,83,"PASSED SAFETY GATE. Effective SoH: 70.1%, Available Capacity: 50.5 Wh, Peak Power: 19.5 W. Matched to 'Community Solar Microgrid' (Score: 83%). Rationale: Daily solar diurnal buffering compatible. Internal resistance (185.3 mΩ) satisfies application thermal envelope. Clean unit with zero component defects."
B161,NMC Light-EV Pack (10S),Shared E-Scooter Fleet Fleet Retire,10S,36.0,7.8,280.8,1489,5.7,35.17,2.36,528.8,30.9,0.32,Intact (Good),None (0-1%),None,PASS,Normal,Normal,Safe,None (Passed All Thresholds),56.7,159.2,73.0,Severe (>0.035%/cycle),Tier 4: Highly Degraded (<65%),Good / Balanced,Operational (Healthy),Accurate / Responsive,Clean & Firm,Clean (No Cracks),None (Fully Functional),None,Not Applicable,0,None,De-rate Power & Direct Allocation,Not Applicable (Direct Pass),56.7,159.2,Eligible (Limited Use - Derated),Rural Off-Grid Household,75,"PASSED SAFETY GATE. Effective SoH: 56.7%, Available Capacity: 159.2 Wh, Peak Power: 73.0 W. Matched to 'Rural Off-Grid Household' (Score: 75%). Rationale: Moderate lighting & phone charging load. Internal resistance (528.8 mΩ) satisfies application thermal envelope. Post-repair validated: None (Fully Functional) rectified (₹0)."
B162,Prismatic Li-ion Module (2S),Telecom Backup Rack Module,2S,7.4,10.0,74.0,740,2.6,7.48,2.95,65.0,26.1,0.24,Minor Hairline Crack on Corner Bracket,None (0-1%),None,PASS,Normal,Normal,Safe,None (Passed All Thresholds),84.6,62.6,22.0,Moderate (0.018%/cycle),Tier 2: Good (75-84%),Good / Balanced,Operational (Healthy),Accurate / Responsive,Clean & Firm,Damaged Mounting Bracket,Structural Enclosure Hairline Crack,Low (Non-Cell Cosmetic / Ingress Risk),No (Factory Moulded Shell),80,Minor (Epoxy / Seal Patching),Operate Under Sealed Enclosure (Limited Use),PASS (Ingress Safe in Indoor Rack),84.6,62.6,Eligible (Limited Use),Healthcare Clinic Backup,92,"PASSED SAFETY GATE. Effective SoH: 84.6%, Available Capacity: 62.6 Wh, Peak Power: 22.0 W. Matched to 'Healthcare Clinic Backup' (Score: 92%). Rationale: High criticality approved. Internal resistance (65.0 mΩ) satisfies application thermal envelope. Post-repair validated: Structural Enclosure Hairline Crack rectified (₹80)."
B163,Prismatic Li-ion Module (2S),Telecom Backup Rack Module,2S,7.4,10.0,74.0,971,3.9,7.22,2.48,80.0,30.1,0.28,Intact (Good),None (0-1%),None,PASS,Normal,Normal,Safe,None (Passed All Thresholds),69.7,51.6,21.7,Elevated (0.024%/cycle),Tier 3: Moderate (65-74%),Good / Balanced,BMS Protection Lock / Blown MOSFET,Accurate / Responsive,Clean & Firm,Clean (No Cracks),BMS Discharge Port Fault,High (Output Power Blocked/Erratic),Yes,850,Moderate (Modular BMS Replacement),Replace BMS Board & Calibrate,PASS (Protection Thresholds Verified),71.1,52.6,Eligible (Post-Repair),Community Solar Microgrid,86,"PASSED SAFETY GATE. Effective SoH: 71.1%, Available Capacity: 52.6 Wh, Peak Power: 21.7 W. Matched to 'Community Solar Microgrid' (Score: 86%). Rationale: Daily solar diurnal buffering compatible. Internal resistance (80.0 mΩ) satisfies application thermal envelope. Post-repair validated: BMS Discharge Port Fault rectified (₹850)."
B164,Prismatic Li-ion Module (2S),Telecom Backup Rack Module,2S,7.4,10.0,74.0,783,2.5,7.32,1.95,81.1,26.0,0.19,Intact (Good),None (0-1%),None,PASS,Normal,Normal,Safe,None (Passed All Thresholds),74.8,55.4,29.1,Elevated (0.024%/cycle),Tier 3: Moderate (65-74%),Good / Balanced,Operational (Healthy),Accurate / Responsive,Clean & Firm,Clean (No Cracks),None (Fully Functional),None,Not Applicable,0,None,Direct Second-Life Allocation,Not Applicable (Direct Pass),74.8,55.4,Eligible (Direct),Community Solar Microgrid,88,"PASSED SAFETY GATE. Effective SoH: 74.8%, Available Capacity: 55.4 Wh, Peak Power: 29.1 W. Matched to 'Community Solar Microgrid' (Score: 88%). Rationale: Daily solar diurnal buffering compatible. Internal resistance (81.1 mΩ) satisfies application thermal envelope. Clean unit with zero component defects."
B165,Li-ion 18650 Pack (3S),Portable Medical / Tech Return,3S,11.1,4.4,48.8,618,2.2,11.0,2.15,89.7,29.9,0.1,Intact (Good),None (0-1%),None,PASS,Normal,Normal,Safe,None (Passed All Thresholds),83.8,40.9,19.4,Moderate (0.018%/cycle),Tier 2: Good (75-84%),Good / Balanced,Operational (Healthy),Accurate / Responsive,Clean & Firm,Clean (No Cracks),None (Fully Functional),None,Not Applicable,0,None,Direct Second-Life Allocation,Not Applicable (Direct Pass),83.8,40.9,Eligible (Direct),Community Solar Microgrid,82,"PASSED SAFETY GATE. Effective SoH: 83.8%, Available Capacity: 40.9 Wh, Peak Power: 19.4 W. Matched to 'Community Solar Microgrid' (Score: 82%). Rationale: Daily solar diurnal buffering compatible. Internal resistance (89.7 mΩ) satisfies application thermal envelope. Clean unit with zero component defects."
B166,Li-ion 18650 Pack (4S),Robotics / Drone Fleet Return,4S,14.8,5.2,77.0,1061,3.6,14.28,2.53,178.1,28.9,0.27,Intact (Good),None (0-1%),None,PASS,Normal,Normal,Safe,None (Passed All Thresholds),67.2,51.7,24.3,Elevated (0.024%/cycle),Tier 3: Moderate (65-74%),Good / Balanced,Operational (Healthy),Accurate / Responsive,Clean & Firm,Clean (No Cracks),None (Fully Functional),None,Not Applicable,0,None,De-rate Power & Direct Allocation,Not Applicable (Direct Pass),67.2,51.7,Eligible (Limited Use - Derated),Rural School Lighting & Labs,81,"PASSED SAFETY GATE. Effective SoH: 67.2%, Available Capacity: 51.7 Wh, Peak Power: 24.3 W. Matched to 'Rural School Lighting & Labs' (Score: 81%). Rationale: Daytime educational load requirement met. Internal resistance (178.1 mΩ) satisfies application thermal envelope. Post-repair validated: None (Fully Functional) rectified (₹0)."
B167,Li-ion 18650 Pack (4S),Robotics / Drone Fleet Return,4S,14.8,5.2,77.0,1077,3.7,14.28,1.97,143.5,30.5,0.31,Intact (Good),None (0-1%),None,PASS,Normal,Normal,Safe,None (Passed All Thresholds),68.5,52.7,26.8,Elevated (0.024%/cycle),Tier 3: Moderate (65-74%),Good / Balanced,Operational (Healthy),Accurate / Responsive,Clean & Firm,Clean (No Cracks),None (Fully Functional),None,Not Applicable,0,None,De-rate Power & Direct Allocation,Not Applicable (Direct Pass),68.5,52.7,Eligible (Limited Use - Derated),Rural School Lighting & Labs,80,"PASSED SAFETY GATE. Effective SoH: 68.5%, Available Capacity: 52.7 Wh, Peak Power: 26.8 W. Matched to 'Rural School Lighting & Labs' (Score: 80%). Rationale: Daytime educational load requirement met. Internal resistance (143.5 mΩ) satisfies application thermal envelope. Post-repair validated: None (Fully Functional) rectified (₹0)."
B168,Li-ion 18650 Pack (4S),Robotics / Drone Fleet Return,4S,14.8,5.2,77.0,679,2.2,14.47,2.58,107.4,30.1,0.4,Severely Distorted / Puffed,Severe Swelling (>6%),None,FAIL,Normal,Normal,CRITICAL (Pouch/Can Deformed),Mechanical Instability: Internal Delamination / Gas Build-up,N/A (Unsafe),0.0,0.0,Catastrophic,Unfit / Hazardous,Gassing / Cell Swelling,Operational (Healthy),Accurate / Responsive,Clean & Firm,Clean (No Cracks),Severe Cell Deformation,Catastrophic,No (Inherent Cell Hazard),0,Impossible (Hazardous),Reject & Immediate Recycling,Not Applicable,0.0,0.0,Unfit for Reuse,None (Safety Rejected),0,"EJECTED AT SAFETY GATE: Fails mandatory screening due to Mechanical Instability: Internal Delamination / Gas Build-up. Under REUSEGRID AI protocol, zero matching score can override a physical safety failure. Battery routed directly to certified closed-loop recycling."
B169,NMC Light-EV Pack (10S),Shared E-Scooter Fleet Fleet Retire,10S,36.0,7.8,280.8,874,3.1,35.74,3.13,288.5,27.7,0.27,Intact (Good),None (0-1%),None,PASS,Normal,Normal,Safe,None (Passed All Thresholds),78.5,220.4,103.0,Moderate (0.018%/cycle),Tier 2: Good (75-84%),Good / Balanced,Operational (Healthy),Accurate / Responsive,Clean & Firm,Clean (No Cracks),None (Fully Functional),None,Not Applicable,0,None,Direct Second-Life Allocation,Not Applicable (Direct Pass),78.5,220.4,Eligible (Direct),Emergency Disaster Shelter,86,"PASSED SAFETY GATE. Effective SoH: 78.5%, Available Capacity: 220.4 Wh, Peak Power: 103.0 W. Matched to 'Emergency Disaster Shelter' (Score: 86%). Rationale: Robust emergency resilience match. Internal resistance (288.5 mΩ) satisfies application thermal envelope. Clean unit with zero component defects."
B170,Li-ion 18650 Pack (3S),Portable Medical / Tech Return,3S,11.1,4.4,48.8,613,2.1,10.92,3.36,96.5,26.8,0.23,Intact (Good),None (0-1%),None,PASS,Normal,Normal,Safe,None (Passed All Thresholds),80.3,39.2,20.6,Moderate (0.018%/cycle),Tier 2: Good (75-84%),Good / Balanced,Operational (Healthy),Accurate / Responsive,Clean & Firm,Clean (No Cracks),None (Fully Functional),None,Not Applicable,0,None,Direct Second-Life Allocation,Not Applicable (Direct Pass),80.3,39.2,Eligible (Direct),Community Solar Microgrid,87,"PASSED SAFETY GATE. Effective SoH: 80.3%, Available Capacity: 39.2 Wh, Peak Power: 20.6 W. Matched to 'Community Solar Microgrid' (Score: 87%). Rationale: Daily solar diurnal buffering compatible. Internal resistance (96.5 mΩ) satisfies application thermal envelope. Clean unit with zero component defects."
B171,Prismatic Li-ion Module (2S),Telecom Backup Rack Module,2S,7.4,10.0,74.0,469,1.9,7.15,2.87,42.4,28.5,0.23,Intact (Good),None (0-1%),None,PASS,Normal,Normal,Safe,None (Passed All Thresholds),81.6,60.4,30.0,Moderate (0.018%/cycle),Tier 2: Good (75-84%),Good / Balanced,Operational (Healthy),Accurate / Responsive,Clean & Firm,Clean (No Cracks),None (Fully Functional),None,Not Applicable,0,None,Direct Second-Life Allocation,Not Applicable (Direct Pass),81.6,60.4,Eligible (Direct),Emergency Disaster Shelter,90,"PASSED SAFETY GATE. Effective SoH: 81.6%, Available Capacity: 60.4 Wh, Peak Power: 30.0 W. Matched to 'Emergency Disaster Shelter' (Score: 90%). Rationale: Robust emergency resilience match. Internal resistance (42.4 mΩ) satisfies application thermal envelope. Clean unit with zero component defects."
B172,Prismatic Li-ion Module (2S),Telecom Backup Rack Module,2S,7.4,10.0,74.0,443,1.7,7.67,1.36,52.4,25.4,0.18,Intact (Good),None (0-1%),None,PASS,Normal,Normal,Safe,None (Passed All Thresholds),88.1,65.2,26.2,Low (<0.015%/cycle),Tier 1: Excellent (>85%),Good / Balanced,Operational (Healthy),Accurate / Responsive,Clean & Firm,Clean (No Cracks),None (Fully Functional),None,Not Applicable,0,None,Direct Second-Life Allocation,Not Applicable (Direct Pass),88.1,65.2,Eligible (Direct),Healthcare Clinic Backup,92,"PASSED SAFETY GATE. Effective SoH: 88.1%, Available Capacity: 65.2 Wh, Peak Power: 26.2 W. Matched to 'Healthcare Clinic Backup' (Score: 92%). Rationale: High criticality approved. Internal resistance (52.4 mΩ) satisfies application thermal envelope. Clean unit with zero component defects."
B173,NMC Light-EV Pack (10S),Shared E-Scooter Fleet Fleet Retire,10S,36.0,7.8,280.8,1252,4.3,36.8,1.35,398.4,28.4,0.11,Intact (Good),None (0-1%),None,PASS,Normal,Normal,Safe,None (Passed All Thresholds),66.6,187.0,67.8,Elevated (0.024%/cycle),Tier 3: Moderate (65-74%),Good / Balanced,Operational (Healthy),Faulty / Open Circuit Drift,Clean & Firm,Clean (No Cracks),Temperature Sensor Lead Detachment,Medium (Impaired Thermal Monitoring),Yes,400,Easy (Plug-in NTC Thermistor Swap),Repair & Retest Sensor,PASS (Thermal Loop Verified),66.6,187.0,Eligible (Post-Repair),Rural School Lighting & Labs,84,"PASSED SAFETY GATE. Effective SoH: 66.6%, Available Capacity: 187.0 Wh, Peak Power: 67.8 W. Matched to 'Rural School Lighting & Labs' (Score: 84%). Rationale: Daytime educational load requirement met. Internal resistance (398.4 mΩ) satisfies application thermal envelope. Post-repair validated: Temperature Sensor Lead Detachment rectified (₹400)."
B174,Li-ion 18650 Pack (3S),Portable Medical / Tech Return,3S,11.1,4.4,48.8,422,1.6,10.68,2.73,97.4,31.7,0.27,Intact (Good),None (0-1%),None,PASS,Normal,Normal,Safe,None (Passed All Thresholds),81.2,39.6,21.3,Moderate (0.018%/cycle),Tier 2: Good (75-84%),Good / Balanced,Operational (Healthy),Accurate / Responsive,Clean & Firm,Clean (No Cracks),None (Fully Functional),None,Not Applicable,0,None,Direct Second-Life Allocation,Not Applicable (Direct Pass),81.2,39.6,Eligible (Direct),Community Solar Microgrid,79,"PASSED SAFETY GATE. Effective SoH: 81.2%, Available Capacity: 39.6 Wh, Peak Power: 21.3 W. Matched to 'Community Solar Microgrid' (Score: 79%). Rationale: Daily solar diurnal buffering compatible. Internal resistance (97.4 mΩ) satisfies application thermal envelope. Clean unit with zero component defects."
B175,Li-ion 18650 Pack (4S),Robotics / Drone Fleet Return,4S,14.8,5.2,77.0,660,2.2,14.88,2.27,100.3,31.8,0.28,Minor Hairline Crack on Corner Bracket,None (0-1%),None,PASS,Normal,Normal,Safe,None (Passed All Thresholds),83.6,64.4,27.0,Moderate (0.018%/cycle),Tier 2: Good (75-84%),Good / Balanced,Operational (Healthy),Accurate / Responsive,Clean & Firm,Damaged Mounting Bracket,Structural Enclosure Hairline Crack,Low (Non-Cell Cosmetic / Ingress Risk),No (Factory Moulded Shell),80,Minor (Epoxy / Seal Patching),Operate Under Sealed Enclosure (Limited Use),PASS (Ingress Safe in Indoor Rack),83.6,64.4,Eligible (Limited Use),Emergency Disaster Shelter,86,"PASSED SAFETY GATE. Effective SoH: 83.6%, Available Capacity: 64.4 Wh, Peak Power: 27.0 W. Matched to 'Emergency Disaster Shelter' (Score: 86%). Rationale: Robust emergency resilience match. Internal resistance (100.3 mΩ) satisfies application thermal envelope. Post-repair validated: Structural Enclosure Hairline Crack rectified (₹80)."
B176,Li-ion 18650 Pack (3S),Portable Medical / Tech Return,3S,11.1,4.4,48.8,435,1.4,11.12,1.46,75.4,31.0,0.32,Intact (Good),None (0-1%),None,PASS,Normal,Normal,Safe,None (Passed All Thresholds),89.7,43.8,15.9,Low (<0.015%/cycle),Tier 1: Excellent (>85%),Good / Balanced,Operational (Healthy),Accurate / Responsive,Clean & Firm,Clean (No Cracks),None (Fully Functional),None,Not Applicable,0,None,Direct Second-Life Allocation,Not Applicable (Direct Pass),89.7,43.8,Eligible (Direct),Community Solar Microgrid,85,"PASSED SAFETY GATE. Effective SoH: 89.7%, Available Capacity: 43.8 Wh, Peak Power: 15.9 W. Matched to 'Community Solar Microgrid' (Score: 85%). Rationale: Daily solar diurnal buffering compatible. Internal resistance (75.4 mΩ) satisfies application thermal envelope. Clean unit with zero component defects."
B177,Li-ion 18650 Pack (3S),Portable Medical / Tech Return,3S,11.1,4.4,48.8,773,2.5,11.5,3.15,84.0,29.7,0.24,Intact (Good),None (0-1%),None,PASS,Normal,Normal,Safe,None (Passed All Thresholds),74.0,36.1,15.6,Elevated (0.024%/cycle),Tier 3: Moderate (65-74%),Good / Balanced,Operational (Healthy),Accurate / Responsive,Clean & Firm,Clean (No Cracks),None (Fully Functional),None,Not Applicable,0,None,Direct Second-Life Allocation,Not Applicable (Direct Pass),74.0,36.1,Eligible (Direct),Community Solar Microgrid,85,"PASSED SAFETY GATE. Effective SoH: 74.0%, Available Capacity: 36.1 Wh, Peak Power: 15.6 W. Matched to 'Community Solar Microgrid' (Score: 85%). Rationale: Daily solar diurnal buffering compatible. Internal resistance (84.0 mΩ) satisfies application thermal envelope. Clean unit with zero component defects."
B178,NMC Light-EV Pack (10S),Shared E-Scooter Fleet Fleet Retire,10S,36.0,7.8,280.8,775,2.5,34.71,3.01,291.5,26.4,0.18,Intact (Good),None (0-1%),None,PASS,Normal,Normal,Safe,None (Passed All Thresholds),82.6,231.9,88.8,Moderate (0.018%/cycle),Tier 2: Good (75-84%),Good / Balanced,Operational (Healthy),Accurate / Responsive,Clean & Firm,Clean (No Cracks),None (Fully Functional),None,Not Applicable,0,None,Direct Second-Life Allocation,Not Applicable (Direct Pass),82.6,231.9,Eligible (Direct),Emergency Disaster Shelter,87,"PASSED SAFETY GATE. Effective SoH: 82.6%, Available Capacity: 231.9 Wh, Peak Power: 88.8 W. Matched to 'Emergency Disaster Shelter' (Score: 87%). Rationale: Robust emergency resilience match. Internal resistance (291.5 mΩ) satisfies application thermal envelope. Clean unit with zero component defects."
B179,Power Tool Li-ion Pack (5S),Industrial Tool Rental Surplus,5S,18.0,4.0,72.0,1010,3.7,18.53,1.75,205.9,28.2,0.4,Intact (Good),None (0-1%),None,PASS,Normal,Normal,Safe,None (Passed All Thresholds),71.1,51.2,25.8,Elevated (0.024%/cycle),Tier 3: Moderate (65-74%),Good / Balanced,Operational (Healthy),Accurate / Responsive,Clean & Firm,Clean (No Cracks),None (Fully Functional),None,Not Applicable,0,None,Direct Second-Life Allocation,Not Applicable (Direct Pass),71.1,51.2,Eligible (Direct),Community Solar Microgrid,79,"PASSED SAFETY GATE. Effective SoH: 71.1%, Available Capacity: 51.2 Wh, Peak Power: 25.8 W. Matched to 'Community Solar Microgrid' (Score: 79%). Rationale: Daily solar diurnal buffering compatible. Internal resistance (205.9 mΩ) satisfies application thermal envelope. Clean unit with zero component defects."
B180,NMC Light-EV Pack (10S),Shared E-Scooter Fleet Fleet Retire,10S,36.0,7.8,280.8,327,1.2,34.86,2.71,251.5,30.8,0.21,Intact (Good),None (0-1%),None,PASS,Normal,Normal,Safe,None (Passed All Thresholds),90.6,254.4,128.5,Low (<0.015%/cycle),Tier 1: Excellent (>85%),Good / Balanced,Operational (Healthy),Accurate / Responsive,Clean & Firm,Clean (No Cracks),None (Fully Functional),None,Not Applicable,0,None,Direct Second-Life Allocation,Not Applicable (Direct Pass),90.6,254.4,Eligible (Direct),Healthcare Clinic Backup,97,"PASSED SAFETY GATE. Effective SoH: 90.6%, Available Capacity: 254.4 Wh, Peak Power: 128.5 W. Matched to 'Healthcare Clinic Backup' (Score: 97%). Rationale: High criticality approved. Internal resistance (251.5 mΩ) satisfies application thermal envelope. Clean unit with zero component defects."
B181,Prismatic Li-ion Module (2S),Telecom Backup Rack Module,2S,7.4,10.0,74.0,486,1.8,7.48,3.04,50.1,27.8,0.37,Intact (Good),None (0-1%),None,PASS,Normal,Normal,Safe,None (Passed All Thresholds),88.7,65.6,30.0,Low (<0.015%/cycle),Tier 1: Excellent (>85%),Good / Balanced,Operational (Healthy),Accurate / Responsive,Clean & Firm,Clean (No Cracks),None (Fully Functional),None,Not Applicable,0,None,Direct Second-Life Allocation,Not Applicable (Direct Pass),88.7,65.6,Eligible (Direct),Healthcare Clinic Backup,91,"PASSED SAFETY GATE. Effective SoH: 88.7%, Available Capacity: 65.6 Wh, Peak Power: 30.0 W. Matched to 'Healthcare Clinic Backup' (Score: 91%). Rationale: High criticality approved. Internal resistance (50.1 mΩ) satisfies application thermal envelope. Clean unit with zero component defects."
B182,NMC Light-EV Pack (10S),Shared E-Scooter Fleet Fleet Retire,10S,36.0,7.8,280.8,934,3.6,35.36,3.46,385.5,26.0,0.16,Intact (Good),None (0-1%),None,PASS,Normal,Normal,Safe,None (Passed All Thresholds),74.8,210.0,81.2,Elevated (0.024%/cycle),Tier 3: Moderate (65-74%),Good / Balanced,Operational (Healthy),Accurate / Responsive,Clean & Firm,Clean (No Cracks),None (Fully Functional),None,Not Applicable,0,None,Direct Second-Life Allocation,Not Applicable (Direct Pass),74.8,210.0,Eligible (Direct),Community Solar Microgrid,87,"PASSED SAFETY GATE. Effective SoH: 74.8%, Available Capacity: 210.0 Wh, Peak Power: 81.2 W. Matched to 'Community Solar Microgrid' (Score: 87%). Rationale: Daily solar diurnal buffering compatible. Internal resistance (385.5 mΩ) satisfies application thermal envelope. Clean unit with zero component defects."
B183,Power Tool Li-ion Pack (5S),Industrial Tool Rental Surplus,5S,18.0,4.0,72.0,887,3.0,18.55,3.05,128.9,28.5,0.39,Intact (Good),None (0-1%),None,PASS,Normal,Normal,Safe,None (Passed All Thresholds),81.4,58.6,25.4,Moderate (0.018%/cycle),Tier 2: Good (75-84%),Good / Balanced,Operational (Healthy),Accurate / Responsive,Clean & Firm,Clean (No Cracks),None (Fully Functional),None,Not Applicable,0,None,Direct Second-Life Allocation,Not Applicable (Direct Pass),81.4,58.6,Eligible (Direct),Emergency Disaster Shelter,92,"PASSED SAFETY GATE. Effective SoH: 81.4%, Available Capacity: 58.6 Wh, Peak Power: 25.4 W. Matched to 'Emergency Disaster Shelter' (Score: 92%). Rationale: Robust emergency resilience match. Internal resistance (128.9 mΩ) satisfies application thermal envelope. Clean unit with zero component defects."
B184,Li-ion 18650 Pack (4S),Robotics / Drone Fleet Return,4S,14.8,5.2,77.0,902,3.4,14.87,2.41,133.4,30.0,0.37,Intact (Good),None (0-1%),None,PASS,Normal,Normal,Safe,None (Passed All Thresholds),68.9,53.1,19.4,Elevated (0.024%/cycle),Tier 3: Moderate (65-74%),Good / Balanced,Operational (Healthy),Accurate / Responsive,Clean & Firm,Clean (No Cracks),None (Fully Functional),None,Not Applicable,0,None,De-rate Power & Direct Allocation,Not Applicable (Direct Pass),68.9,53.1,Eligible (Limited Use - Derated),Rural School Lighting & Labs,82,"PASSED SAFETY GATE. Effective SoH: 68.9%, Available Capacity: 53.1 Wh, Peak Power: 19.4 W. Matched to 'Rural School Lighting & Labs' (Score: 82%). Rationale: Daytime educational load requirement met. Internal resistance (133.4 mΩ) satisfies application thermal envelope. Post-repair validated: None (Fully Functional) rectified (₹0)."
B185,NMC Light-EV Pack (10S),Shared E-Scooter Fleet Fleet Retire,10S,36.0,7.8,280.8,471,2.0,35.47,2.28,295.4,30.8,0.24,Intact (Good),None (0-1%),None,PASS,Normal,Normal,Safe,None (Passed All Thresholds),86.0,241.5,101.8,Low (<0.015%/cycle),Tier 1: Excellent (>85%),Good / Balanced,Operational (Healthy),Accurate / Responsive,Clean & Firm,Clean (No Cracks),None (Fully Functional),None,Not Applicable,0,None,Direct Second-Life Allocation,Not Applicable (Direct Pass),86.0,241.5,Eligible (Direct),Healthcare Clinic Backup,93,"PASSED SAFETY GATE. Effective SoH: 86.0%, Available Capacity: 241.5 Wh, Peak Power: 101.8 W. Matched to 'Healthcare Clinic Backup' (Score: 93%). Rationale: High criticality approved. Internal resistance (295.4 mΩ) satisfies application thermal envelope. Clean unit with zero component defects."
B186,Li-ion 18650 Pack (4S),Robotics / Drone Fleet Return,4S,14.8,5.2,77.0,1112,3.9,14.33,1.75,166.0,26.0,0.2,Intact (Good),None (0-1%),None,PASS,Normal,Normal,Safe,None (Passed All Thresholds),69.3,53.4,23.5,Elevated (0.024%/cycle),Tier 3: Moderate (65-74%),Good / Balanced,Operational (Healthy),Accurate / Responsive,Clean & Firm,Clean (No Cracks),None (Fully Functional),None,Not Applicable,0,None,De-rate Power & Direct Allocation,Not Applicable (Direct Pass),69.3,53.4,Eligible (Limited Use - Derated),Rural School Lighting & Labs,82,"PASSED SAFETY GATE. Effective SoH: 69.3%, Available Capacity: 53.4 Wh, Peak Power: 23.5 W. Matched to 'Rural School Lighting & Labs' (Score: 82%). Rationale: Daytime educational load requirement met. Internal resistance (166.0 mΩ) satisfies application thermal envelope. Post-repair validated: None (Fully Functional) rectified (₹0)."
B187,LiFePO4 (LFP) Module (4S),Solar Street Light / Telecom Decom,4S,12.8,6.0,76.8,883,3.3,13.29,2.66,129.5,25.9,0.3,Intact (Good),None (0-1%),None,PASS,Normal,Normal,Safe,None (Passed All Thresholds),77.1,59.2,24.6,Moderate (0.018%/cycle),Tier 2: Good (75-84%),Good / Balanced,Operational (Healthy),Accurate / Responsive,Clean & Firm,Clean (No Cracks),None (Fully Functional),None,Not Applicable,0,None,Direct Second-Life Allocation,Not Applicable (Direct Pass),77.1,59.2,Eligible (Direct),Telecom Cell Tower Backup,88,"PASSED SAFETY GATE. Effective SoH: 77.1%, Available Capacity: 59.2 Wh, Peak Power: 24.6 W. Matched to 'Telecom Cell Tower Backup' (Score: 88%). Rationale: Steady high-reliability discharge profile. Internal resistance (129.5 mΩ) satisfies application thermal envelope. Clean unit with zero component defects."
B188,Power Tool Li-ion Pack (5S),Industrial Tool Rental Surplus,5S,18.0,4.0,72.0,334,1.0,17.68,2.68,142.3,29.9,0.25,Intact (Good),None (0-1%),None,PASS,Normal,Normal,Safe,None (Passed All Thresholds),89.1,64.2,26.4,Low (<0.015%/cycle),Tier 1: Excellent (>85%),Good / Balanced,Operational (Healthy),Accurate / Responsive,Clean & Firm,Clean (No Cracks),None (Fully Functional),None,Not Applicable,0,None,Direct Second-Life Allocation,Not Applicable (Direct Pass),89.1,64.2,Eligible (Direct),Healthcare Clinic Backup,91,"PASSED SAFETY GATE. Effective SoH: 89.1%, Available Capacity: 64.2 Wh, Peak Power: 26.4 W. Matched to 'Healthcare Clinic Backup' (Score: 91%). Rationale: High criticality approved. Internal resistance (142.3 mΩ) satisfies application thermal envelope. Clean unit with zero component defects."
B189,Li-ion 18650 Pack (4S),Robotics / Drone Fleet Return,4S,14.8,5.2,77.0,267,0.9,15.12,3.01,102.9,29.7,0.18,Intact (Good),None (0-1%),None,PASS,Normal,Normal,Safe,None (Passed All Thresholds),94.0,72.4,35.1,Low (<0.015%/cycle),Tier 1: Excellent (>85%),Good / Balanced,BMS Protection Lock / Blown MOSFET,Accurate / Responsive,Clean & Firm,Clean (No Cracks),BMS Discharge Port Fault,High (Output Power Blocked/Erratic),Yes,1100,Moderate (Modular BMS Replacement),Replace BMS Board & Calibrate,PASS (Protection Thresholds Verified),96.0,73.9,Eligible (Post-Repair),Healthcare Clinic Backup,94,"PASSED SAFETY GATE. Effective SoH: 96.0%, Available Capacity: 73.9 Wh, Peak Power: 35.1 W. Matched to 'Healthcare Clinic Backup' (Score: 94%). Rationale: High criticality approved. Internal resistance (102.9 mΩ) satisfies application thermal envelope. Post-repair validated: BMS Discharge Port Fault rectified (₹1100)."
B190,LiFePO4 (LFP) Module (4S),Solar Street Light / Telecom Decom,4S,12.8,6.0,76.8,390,1.4,12.68,3.45,96.4,25.8,0.23,Intact (Good),None (0-1%),None,PASS,Normal,Normal,Safe,None (Passed All Thresholds),92.4,71.0,35.4,Low (<0.015%/cycle),Tier 1: Excellent (>85%),Good / Balanced,BMS Protection Lock / Blown MOSFET,Accurate / Responsive,Clean & Firm,Clean (No Cracks),BMS Discharge Port Fault,High (Output Power Blocked/Erratic),Yes,650,Moderate (Modular BMS Replacement),Replace BMS Board & Calibrate,PASS (Protection Thresholds Verified),93.4,71.7,Eligible (Post-Repair),Healthcare Clinic Backup,97,"PASSED SAFETY GATE. Effective SoH: 93.4%, Available Capacity: 71.7 Wh, Peak Power: 35.4 W. Matched to 'Healthcare Clinic Backup' (Score: 97%). Rationale: High criticality approved. Internal resistance (96.4 mΩ) satisfies application thermal envelope. Post-repair validated: BMS Discharge Port Fault rectified (₹650)."
B191,NMC Light-EV Pack (10S),Shared E-Scooter Fleet Fleet Retire,10S,36.0,7.8,280.8,549,2.3,36.88,1.24,299.8,31.7,0.32,Intact (Good),None (0-1%),None,PASS,Normal,Normal,Safe,None (Passed All Thresholds),84.9,238.4,98.0,Moderate (0.018%/cycle),Tier 2: Good (75-84%),Good / Balanced,Operational (Healthy),Accurate / Responsive,Clean & Firm,Clean (No Cracks),None (Fully Functional),None,Not Applicable,0,None,Direct Second-Life Allocation,Not Applicable (Direct Pass),84.9,238.4,Eligible (Direct),Healthcare Clinic Backup,96,"PASSED SAFETY GATE. Effective SoH: 84.9%, Available Capacity: 238.4 Wh, Peak Power: 98.0 W. Matched to 'Healthcare Clinic Backup' (Score: 96%). Rationale: High criticality approved. Internal resistance (299.8 mΩ) satisfies application thermal envelope. Clean unit with zero component defects."
B192,Prismatic Li-ion Module (2S),Telecom Backup Rack Module,2S,7.4,10.0,74.0,550,2.3,7.16,1.76,54.9,25.1,0.24,Minor Hairline Crack on Corner Bracket,None (0-1%),None,PASS,Normal,Normal,Safe,None (Passed All Thresholds),84.3,62.4,25.6,Moderate (0.018%/cycle),Tier 2: Good (75-84%),Good / Balanced,Operational (Healthy),Accurate / Responsive,Clean & Firm,Damaged Mounting Bracket,Structural Enclosure Hairline Crack,Low (Non-Cell Cosmetic / Ingress Risk),No (Factory Moulded Shell),80,Minor (Epoxy / Seal Patching),Operate Under Sealed Enclosure (Limited Use),PASS (Ingress Safe in Indoor Rack),84.3,62.4,Eligible (Limited Use),Healthcare Clinic Backup,94,"PASSED SAFETY GATE. Effective SoH: 84.3%, Available Capacity: 62.4 Wh, Peak Power: 25.6 W. Matched to 'Healthcare Clinic Backup' (Score: 94%). Rationale: High criticality approved. Internal resistance (54.9 mΩ) satisfies application thermal envelope. Post-repair validated: Structural Enclosure Hairline Crack rectified (₹80)."
B193,NMC Light-EV Pack (10S),Shared E-Scooter Fleet Fleet Retire,10S,36.0,7.8,280.8,562,1.9,35.09,1.38,305.0,26.7,0.34,Minor Hairline Crack on Corner Bracket,None (0-1%),None,PASS,Normal,Normal,Safe,None (Passed All Thresholds),87.0,244.3,87.2,Low (<0.015%/cycle),Tier 1: Excellent (>85%),Good / Balanced,Operational (Healthy),Accurate / Responsive,Clean & Firm,Damaged Mounting Bracket,Structural Enclosure Hairline Crack,Low (Non-Cell Cosmetic / Ingress Risk),No (Factory Moulded Shell),80,Minor (Epoxy / Seal Patching),Operate Under Sealed Enclosure (Limited Use),PASS (Ingress Safe in Indoor Rack),87.0,244.3,Eligible (Limited Use),Healthcare Clinic Backup,94,"PASSED SAFETY GATE. Effective SoH: 87.0%, Available Capacity: 244.3 Wh, Peak Power: 87.2 W. Matched to 'Healthcare Clinic Backup' (Score: 94%). Rationale: High criticality approved. Internal resistance (305.0 mΩ) satisfies application thermal envelope. Post-repair validated: Structural Enclosure Hairline Crack rectified (₹80)."
B194,NMC Light-EV Pack (10S),Shared E-Scooter Fleet Fleet Retire,10S,36.0,7.8,280.8,1562,5.9,36.29,1.46,589.1,25.7,0.37,Chemical Residue & Vent Breach,None (0-1%),Active Electrolyte Leakage / Corrosion,FAIL,Normal,Normal,CRITICAL (Chemical Hazard),Safety Vent Ruptured & Toxic Chemical Egress,N/A (Unsafe),0.0,0.0,Catastrophic,Unfit / Hazardous,Good / Balanced,Operational (Healthy),Accurate / Responsive,Clean & Firm,Clean (No Cracks),Seal Rupture & Electrolyte Evaporation,Catastrophic,No (Inherent Cell Hazard),0,Impossible (Hazardous),Reject & Immediate Recycling,Not Applicable,0.0,0.0,Unfit for Reuse,None (Safety Rejected),0,"EJECTED AT SAFETY GATE: Fails mandatory screening due to Safety Vent Ruptured & Toxic Chemical Egress. Under REUSEGRID AI protocol, zero matching score can override a physical safety failure. Battery routed directly to certified closed-loop recycling."
B195,NMC Light-EV Pack (10S),Shared E-Scooter Fleet Fleet Retire,10S,36.0,7.8,280.8,1113,4.3,35.47,2.2,394.1,30.4,0.28,Intact (Good),None (0-1%),None,PASS,Normal,Normal,Safe,None (Passed All Thresholds),68.8,193.2,102.1,Elevated (0.024%/cycle),Tier 3: Moderate (65-74%),Good / Balanced,Operational (Healthy),Accurate / Responsive,Clean & Firm,Clean (No Cracks),None (Fully Functional),None,Not Applicable,0,None,De-rate Power & Direct Allocation,Not Applicable (Direct Pass),68.8,193.2,Eligible (Limited Use - Derated),Rural School Lighting & Labs,79,"PASSED SAFETY GATE. Effective SoH: 68.8%, Available Capacity: 193.2 Wh, Peak Power: 102.1 W. Matched to 'Rural School Lighting & Labs' (Score: 79%). Rationale: Daytime educational load requirement met. Internal resistance (394.1 mΩ) satisfies application thermal envelope. Post-repair validated: None (Fully Functional) rectified (₹0)."
B196,Power Tool Li-ion Pack (5S),Industrial Tool Rental Surplus,5S,18.0,4.0,72.0,836,3.1,18.02,1.44,144.5,27.7,0.25,Intact (Good),None (0-1%),None,PASS,Normal,Normal,Safe,None (Passed All Thresholds),80.8,58.2,28.0,Moderate (0.018%/cycle),Tier 2: Good (75-84%),Good / Balanced,Operational (Healthy),Accurate / Responsive,Clean & Firm,Clean (No Cracks),None (Fully Functional),None,Not Applicable,0,None,Direct Second-Life Allocation,Not Applicable (Direct Pass),80.8,58.2,Eligible (Direct),Emergency Disaster Shelter,92,"PASSED SAFETY GATE. Effective SoH: 80.8%, Available Capacity: 58.2 Wh, Peak Power: 28.0 W. Matched to 'Emergency Disaster Shelter' (Score: 92%). Rationale: Robust emergency resilience match. Internal resistance (144.5 mΩ) satisfies application thermal envelope. Clean unit with zero component defects."
B197,Li-ion 18650 Pack (3S),Portable Medical / Tech Return,3S,11.1,4.4,48.8,830,3.2,10.88,2.03,77.3,28.3,0.11,Intact (Good),None (0-1%),None,PASS,Normal,Normal,Safe,None (Passed All Thresholds),83.0,40.5,15.3,Moderate (0.018%/cycle),Tier 2: Good (75-84%),Good / Balanced,Operational (Healthy),Accurate / Responsive,Clean & Firm,Clean (No Cracks),None (Fully Functional),None,Not Applicable,0,None,Direct Second-Life Allocation,Not Applicable (Direct Pass),83.0,40.5,Eligible (Direct),Community Solar Microgrid,82,"PASSED SAFETY GATE. Effective SoH: 83.0%, Available Capacity: 40.5 Wh, Peak Power: 15.3 W. Matched to 'Community Solar Microgrid' (Score: 82%). Rationale: Daily solar diurnal buffering compatible. Internal resistance (77.3 mΩ) satisfies application thermal envelope. Clean unit with zero component defects."
B198,Power Tool Li-ion Pack (5S),Industrial Tool Rental Surplus,5S,18.0,4.0,72.0,1431,5.0,17.68,1.68,266.5,28.6,0.1,Intact (Good),None (0-1%),None,PASS,Normal,Normal,Safe,None (Passed All Thresholds),53.1,38.2,15.0,Severe (>0.035%/cycle),Tier 4: Highly Degraded (<65%),Good / Balanced,BMS Protection Lock / Blown MOSFET,Accurate / Responsive,Clean & Firm,Clean (No Cracks),BMS Discharge Port Fault,High (Output Power Blocked/Erratic),Yes,850,Moderate (Modular BMS Replacement),Replace BMS Board & Calibrate,PASS (Protection Thresholds Verified),54.1,39.0,Eligible (Post-Repair),Secondary Micro-Reserve Buffer,65,"PASSED SAFETY GATE. Effective SoH: 54.1%, Available Capacity: 39.0 Wh, Peak Power: 15.0 W. Matched to 'Secondary Micro-Reserve Buffer' (Score: 65%). Rationale: Low-drain buffer storage tier. Internal resistance (266.5 mΩ) satisfies application thermal envelope. Post-repair validated: BMS Discharge Port Fault rectified (₹850)."
B199,NMC Light-EV Pack (10S),Shared E-Scooter Fleet Fleet Retire,10S,36.0,7.8,280.8,386,1.3,35.41,3.34,258.0,27.8,0.13,Intact (Good),None (0-1%),None,PASS,Normal,Normal,Safe,None (Passed All Thresholds),89.9,252.4,119.5,Low (<0.015%/cycle),Tier 1: Excellent (>85%),Good / Balanced,Operational (Healthy),Accurate / Responsive,Clean & Firm,Clean (No Cracks),None (Fully Functional),None,Not Applicable,0,None,Direct Second-Life Allocation,Not Applicable (Direct Pass),89.9,252.4,Eligible (Direct),Healthcare Clinic Backup,91,"PASSED SAFETY GATE. Effective SoH: 89.9%, Available Capacity: 252.4 Wh, Peak Power: 119.5 W. Matched to 'Healthcare Clinic Backup' (Score: 91%). Rationale: High criticality approved. Internal resistance (258.0 mΩ) satisfies application thermal envelope. Clean unit with zero component defects."
B200,NMC Light-EV Pack (10S),Shared E-Scooter Fleet Fleet Retire,10S,36.0,7.8,280.8,600,2.2,37.42,1.5,319.2,26.9,0.22,Intact (Good),None (0-1%),None,PASS,Normal,Normal,Safe,None (Passed All Thresholds),82.1,230.5,100.1,Moderate (0.018%/cycle),Tier 2: Good (75-84%),Good / Balanced,Operational (Healthy),Accurate / Responsive,Clean & Firm,Clean (No Cracks),None (Fully Functional),None,Not Applicable,0,None,Direct Second-Life Allocation,Not Applicable (Direct Pass),82.1,230.5,Eligible (Direct),Emergency Disaster Shelter,88,"PASSED SAFETY GATE. Effective SoH: 82.1%, Available Capacity: 230.5 Wh, Peak Power: 100.1 W. Matched to 'Emergency Disaster Shelter' (Score: 88%). Rationale: Robust emergency resilience match. Internal resistance (319.2 mΩ) satisfies application thermal envelope. Clean unit with zero component defects."
B201,Prismatic Li-ion Module (2S),Telecom Backup Rack Module,2S,7.4,10.0,74.0,1255,4.7,7.67,3.09,109.5,25.0,0.29,Intact (Good),None (0-1%),None,PASS,Normal,Normal,Safe,None (Passed All Thresholds),57.0,42.2,15.2,Severe (>0.035%/cycle),Tier 4: Highly Degraded (<65%),Good / Balanced,Operational (Healthy),Accurate / Responsive,Clean & Firm,Clean (No Cracks),None (Fully Functional),None,Not Applicable,0,None,De-rate Power & Direct Allocation,Not Applicable (Direct Pass),57.0,42.2,Eligible (Limited Use - Derated),Rural Off-Grid Household,72,"PASSED SAFETY GATE. Effective SoH: 57.0%, Available Capacity: 42.2 Wh, Peak Power: 15.2 W. Matched to 'Rural Off-Grid Household' (Score: 72%). Rationale: Moderate lighting & phone charging load. Internal resistance (109.5 mΩ) satisfies application thermal envelope. Post-repair validated: None (Fully Functional) rectified (₹0)."
B202,Power Tool Li-ion Pack (5S),Industrial Tool Rental Surplus,5S,18.0,4.0,72.0,317,1.3,17.94,2.05,128.6,25.8,0.23,Intact (Good),None (0-1%),None,PASS,Normal,Normal,Safe,None (Passed All Thresholds),87.8,63.2,31.6,Low (<0.015%/cycle),Tier 1: Excellent (>85%),Good / Balanced,Operational (Healthy),Accurate / Responsive,Clean & Firm,Clean (No Cracks),None (Fully Functional),None,Not Applicable,0,None,Direct Second-Life Allocation,Not Applicable (Direct Pass),87.8,63.2,Eligible (Direct),Healthcare Clinic Backup,90,"PASSED SAFETY GATE. Effective SoH: 87.8%, Available Capacity: 63.2 Wh, Peak Power: 31.6 W. Matched to 'Healthcare Clinic Backup' (Score: 90%). Rationale: High criticality approved. Internal resistance (128.6 mΩ) satisfies application thermal envelope. Clean unit with zero component defects."
B203,NMC Light-EV Pack (10S),Shared E-Scooter Fleet Fleet Retire,10S,36.0,7.8,280.8,349,1.2,35.6,2.57,263.6,25.1,0.29,Minor Hairline Crack on Corner Bracket,None (0-1%),None,PASS,Normal,Normal,Safe,None (Passed All Thresholds),90.4,253.8,135.2,Low (<0.015%/cycle),Tier 1: Excellent (>85%),Good / Balanced,Operational (Healthy),Accurate / Responsive,Clean & Firm,Damaged Mounting Bracket,Structural Enclosure Hairline Crack,Low (Non-Cell Cosmetic / Ingress Risk),No (Factory Moulded Shell),80,Minor (Epoxy / Seal Patching),Operate Under Sealed Enclosure (Limited Use),PASS (Ingress Safe in Indoor Rack),90.4,253.8,Eligible (Limited Use),Healthcare Clinic Backup,94,"PASSED SAFETY GATE. Effective SoH: 90.4%, Available Capacity: 253.8 Wh, Peak Power: 135.2 W. Matched to 'Healthcare Clinic Backup' (Score: 94%). Rationale: High criticality approved. Internal resistance (263.6 mΩ) satisfies application thermal envelope. Post-repair validated: Structural Enclosure Hairline Crack rectified (₹80)."
B204,NMC Light-EV Pack (10S),Shared E-Scooter Fleet Fleet Retire,10S,36.0,7.8,280.8,1188,4.4,18.89,2.17,375.3,27.1,0.25,Intact (Good),None (0-1%),None,FAIL,Normal,CRITICAL (Deep Discharge Under-Voltage),Safe,Copper Shunt / Dendrite Short Risk (<2.0V/cell),N/A (Unsafe),0.0,0.0,Catastrophic,Unfit / Hazardous,Dead Cell / Inversion,Operational (Healthy),Accurate / Responsive,Clean & Firm,Clean (No Cracks),Irreversible Cell Over-discharge,Critical,No (Inherent Cell Hazard),0,Impossible (Hazardous),Reject & Immediate Recycling,Not Applicable,0.0,0.0,Unfit for Reuse,None (Safety Rejected),0,"EJECTED AT SAFETY GATE: Fails mandatory screening due to Copper Shunt / Dendrite Short Risk (<2.0V/cell). Under REUSEGRID AI protocol, zero matching score can override a physical safety failure. Battery routed directly to certified closed-loop recycling."
B205,Prismatic Li-ion Module (2S),Telecom Backup Rack Module,2S,7.4,10.0,74.0,404,1.5,7.6,2.79,46.4,28.0,0.3,Intact (Good),None (0-1%),None,PASS,Normal,Normal,Safe,None (Passed All Thresholds),92.4,68.4,27.7,Low (<0.015%/cycle),Tier 1: Excellent (>85%),Good / Balanced,Operational (Healthy),Accurate / Responsive,Clean & Firm,Clean (No Cracks),None (Fully Functional),None,Not Applicable,0,None,Direct Second-Life Allocation,Not Applicable (Direct Pass),92.4,68.4,Eligible (Direct),Healthcare Clinic Backup,92,"PASSED SAFETY GATE. Effective SoH: 92.4%, Available Capacity: 68.4 Wh, Peak Power: 27.7 W. Matched to 'Healthcare Clinic Backup' (Score: 92%). Rationale: High criticality approved. Internal resistance (46.4 mΩ) satisfies application thermal envelope. Clean unit with zero component defects."
B206,NMC Light-EV Pack (10S),Shared E-Scooter Fleet Fleet Retire,10S,36.0,7.8,280.8,1054,3.8,37.2,2.19,417.3,27.2,0.27,Intact (Good),None (0-1%),None,PASS,Normal,Normal,Safe,None (Passed All Thresholds),70.7,198.5,84.2,Elevated (0.024%/cycle),Tier 3: Moderate (65-74%),Good / Balanced,Operational (Healthy),Accurate / Responsive,Clean & Firm,Clean (No Cracks),None (Fully Functional),None,Not Applicable,0,None,Direct Second-Life Allocation,Not Applicable (Direct Pass),70.7,198.5,Eligible (Direct),Community Solar Microgrid,84,"PASSED SAFETY GATE. Effective SoH: 70.7%, Available Capacity: 198.5 Wh, Peak Power: 84.2 W. Matched to 'Community Solar Microgrid' (Score: 84%). Rationale: Daily solar diurnal buffering compatible. Internal resistance (417.3 mΩ) satisfies application thermal envelope. Clean unit with zero component defects."
B207,NMC Light-EV Pack (10S),Shared E-Scooter Fleet Fleet Retire,10S,36.0,7.8,280.8,946,3.6,34.97,3.25,388.8,27.4,0.15,Intact (Good),None (0-1%),None,PASS,Normal,Normal,Safe,None (Passed All Thresholds),67.8,190.4,67.6,Elevated (0.024%/cycle),Tier 3: Moderate (65-74%),Good / Balanced,Operational (Healthy),Accurate / Responsive,Clean & Firm,Clean (No Cracks),None (Fully Functional),None,Not Applicable,0,None,De-rate Power & Direct Allocation,Not Applicable (Direct Pass),67.8,190.4,Eligible (Limited Use - Derated),Rural School Lighting & Labs,81,"PASSED SAFETY GATE. Effective SoH: 67.8%, Available Capacity: 190.4 Wh, Peak Power: 67.6 W. Matched to 'Rural School Lighting & Labs' (Score: 81%). Rationale: Daytime educational load requirement met. Internal resistance (388.8 mΩ) satisfies application thermal envelope. Post-repair validated: None (Fully Functional) rectified (₹0)."
B208,Power Tool Li-ion Pack (5S),Industrial Tool Rental Surplus,5S,18.0,4.0,72.0,868,3.0,18.26,2.59,163.7,27.6,0.17,Intact (Good),None (0-1%),None,PASS,Normal,Normal,Safe,None (Passed All Thresholds),74.1,53.4,29.2,Elevated (0.024%/cycle),Tier 3: Moderate (65-74%),Good / Balanced,Operational (Healthy),Accurate / Responsive,Clean & Firm,Clean (No Cracks),None (Fully Functional),None,Not Applicable,0,None,Direct Second-Life Allocation,Not Applicable (Direct Pass),74.1,53.4,Eligible (Direct),Community Solar Microgrid,82,"PASSED SAFETY GATE. Effective SoH: 74.1%, Available Capacity: 53.4 Wh, Peak Power: 29.2 W. Matched to 'Community Solar Microgrid' (Score: 82%). Rationale: Daily solar diurnal buffering compatible. Internal resistance (163.7 mΩ) satisfies application thermal envelope. Clean unit with zero component defects."
B209,NMC Light-EV Pack (10S),Shared E-Scooter Fleet Fleet Retire,10S,36.0,7.8,280.8,925,3.1,37.34,2.08,371.4,25.3,0.11,Intact (Good),None (0-1%),None,PASS,Normal,Normal,Safe,None (Passed All Thresholds),71.5,200.8,85.9,Elevated (0.024%/cycle),Tier 3: Moderate (65-74%),Good / Balanced,Operational (Healthy),Accurate / Responsive,Clean & Firm,Clean (No Cracks),None (Fully Functional),None,Not Applicable,0,None,Direct Second-Life Allocation,Not Applicable (Direct Pass),71.5,200.8,Eligible (Direct),Community Solar Microgrid,80,"PASSED SAFETY GATE. Effective SoH: 71.5%, Available Capacity: 200.8 Wh, Peak Power: 85.9 W. Matched to 'Community Solar Microgrid' (Score: 80%). Rationale: Daily solar diurnal buffering compatible. Internal resistance (371.4 mΩ) satisfies application thermal envelope. Clean unit with zero component defects."
B210,Prismatic Li-ion Module (2S),Telecom Backup Rack Module,2S,7.4,10.0,74.0,243,1.1,7.17,3.4,59.6,27.2,0.37,Chemical Residue & Vent Breach,None (0-1%),Active Electrolyte Leakage / Corrosion,FAIL,Normal,Normal,CRITICAL (Chemical Hazard),Safety Vent Ruptured & Toxic Chemical Egress,N/A (Unsafe),0.0,0.0,Catastrophic,Unfit / Hazardous,Good / Balanced,Operational (Healthy),Accurate / Responsive,Clean & Firm,Clean (No Cracks),Seal Rupture & Electrolyte Evaporation,Catastrophic,No (Inherent Cell Hazard),0,Impossible (Hazardous),Reject & Immediate Recycling,Not Applicable,0.0,0.0,Unfit for Reuse,None (Safety Rejected),0,"EJECTED AT SAFETY GATE: Fails mandatory screening due to Safety Vent Ruptured & Toxic Chemical Egress. Under REUSEGRID AI protocol, zero matching score can override a physical safety failure. Battery routed directly to certified closed-loop recycling."
B211,Li-ion 18650 Pack (4S),Robotics / Drone Fleet Return,4S,14.8,5.2,77.0,1109,4.3,14.85,1.55,165.9,28.9,0.26,Intact (Good),None (0-1%),None,PASS,Normal,Normal,Safe,None (Passed All Thresholds),61.2,47.1,23.7,Severe (>0.035%/cycle),Tier 4: Highly Degraded (<65%),Good / Balanced,Operational (Healthy),Accurate / Responsive,Clean & Firm,Clean (No Cracks),None (Fully Functional),None,Not Applicable,0,None,De-rate Power & Direct Allocation,Not Applicable (Direct Pass),61.2,47.1,Eligible (Limited Use - Derated),Rural Off-Grid Household,78,"PASSED SAFETY GATE. Effective SoH: 61.2%, Available Capacity: 47.1 Wh, Peak Power: 23.7 W. Matched to 'Rural Off-Grid Household' (Score: 78%). Rationale: Moderate lighting & phone charging load. Internal resistance (165.9 mΩ) satisfies application thermal envelope. Post-repair validated: None (Fully Functional) rectified (₹0)."
B212,Li-ion 18650 Pack (4S),Robotics / Drone Fleet Return,4S,14.8,5.2,77.0,679,2.3,14.61,1.82,112.3,31.8,0.27,Chemical Residue & Vent Breach,None (0-1%),Active Electrolyte Leakage / Corrosion,FAIL,Normal,Normal,CRITICAL (Chemical Hazard),Safety Vent Ruptured & Toxic Chemical Egress,N/A (Unsafe),0.0,0.0,Catastrophic,Unfit / Hazardous,Good / Balanced,Operational (Healthy),Accurate / Responsive,Clean & Firm,Clean (No Cracks),Seal Rupture & Electrolyte Evaporation,Catastrophic,No (Inherent Cell Hazard),0,Impossible (Hazardous),Reject & Immediate Recycling,Not Applicable,0.0,0.0,Unfit for Reuse,None (Safety Rejected),0,"EJECTED AT SAFETY GATE: Fails mandatory screening due to Safety Vent Ruptured & Toxic Chemical Egress. Under REUSEGRID AI protocol, zero matching score can override a physical safety failure. Battery routed directly to certified closed-loop recycling."
B213,LiFePO4 (LFP) Module (4S),Solar Street Light / Telecom Decom,4S,12.8,6.0,76.8,809,2.7,12.7,3.49,110.8,31.2,0.29,Intact (Good),None (0-1%),None,PASS,Normal,Normal,Safe,None (Passed All Thresholds),83.8,64.4,29.9,Moderate (0.018%/cycle),Tier 2: Good (75-84%),Good / Balanced,Operational (Healthy),Accurate / Responsive,Oxidized Terminals / Damaged XT60 Pin,Clean (No Cracks),High-Resistance Connector Degradation,Medium (Localized Contact Heating),Yes,180,Easy (Terminal Re-crimp & Re-soldering),Replace Connector Harness,PASS (Contact Resistance < 5 mOhm),83.8,64.4,Eligible (Post-Repair),Emergency Disaster Shelter,89,"PASSED SAFETY GATE. Effective SoH: 83.8%, Available Capacity: 64.4 Wh, Peak Power: 29.9 W. Matched to 'Emergency Disaster Shelter' (Score: 89%). Rationale: Robust emergency resilience match. Internal resistance (110.8 mΩ) satisfies application thermal envelope. Post-repair validated: High-Resistance Connector Degradation rectified (₹180)."
B214,NMC Light-EV Pack (10S),Shared E-Scooter Fleet Fleet Retire,10S,36.0,7.8,280.8,483,1.7,35.22,3.42,276.7,31.4,0.32,Minor Hairline Crack on Corner Bracket,None (0-1%),None,PASS,Normal,Normal,Safe,None (Passed All Thresholds),85.7,240.6,109.9,Low (<0.015%/cycle),Tier 1: Excellent (>85%),Good / Balanced,Operational (Healthy),Accurate / Responsive,Clean & Firm,Damaged Mounting Bracket,Structural Enclosure Hairline Crack,Low (Non-Cell Cosmetic / Ingress Risk),No (Factory Moulded Shell),80,Minor (Epoxy / Seal Patching),Operate Under Sealed Enclosure (Limited Use),PASS (Ingress Safe in Indoor Rack),85.7,240.6,Eligible (Limited Use),Healthcare Clinic Backup,96,"PASSED SAFETY GATE. Effective SoH: 85.7%, Available Capacity: 240.6 Wh, Peak Power: 109.9 W. Matched to 'Healthcare Clinic Backup' (Score: 96%). Rationale: High criticality approved. Internal resistance (276.7 mΩ) satisfies application thermal envelope. Post-repair validated: Structural Enclosure Hairline Crack rectified (₹80)."
B215,LiFePO4 (LFP) Module (4S),Solar Street Light / Telecom Decom,4S,12.8,6.0,76.8,413,1.7,13.19,3.37,96.2,26.0,0.24,Intact (Good),None (0-1%),None,PASS,Normal,Normal,Safe,None (Passed All Thresholds),88.3,67.8,37.0,Low (<0.015%/cycle),Tier 1: Excellent (>85%),Good / Balanced,Operational (Healthy),Accurate / Responsive,Clean & Firm,Clean (No Cracks),None (Fully Functional),None,Not Applicable,0,None,Direct Second-Life Allocation,Not Applicable (Direct Pass),88.3,67.8,Eligible (Direct),Healthcare Clinic Backup,93,"PASSED SAFETY GATE. Effective SoH: 88.3%, Available Capacity: 67.8 Wh, Peak Power: 37.0 W. Matched to 'Healthcare Clinic Backup' (Score: 93%). Rationale: High criticality approved. Internal resistance (96.2 mΩ) satisfies application thermal envelope. Clean unit with zero component defects."
B216,NMC Light-EV Pack (10S),Shared E-Scooter Fleet Fleet Retire,10S,36.0,7.8,280.8,1170,4.3,25.92,2.09,1581.6,50.6,0.25,Intact (Good),None (0-1%),None,FAIL,Normal,Micro-Short Detected,Safe,Localized Internal Cell Micro-Short Circuit,N/A (Unsafe),0.0,0.0,Catastrophic,Unfit / Hazardous,Micro-Dendrite Internal Short,Operational (Healthy),Accurate / Responsive,Clean & Firm,Clean (No Cracks),Internal Short Circuit,Critical,No (Inherent Cell Hazard),0,Impossible (Hazardous),Reject & Immediate Recycling,Not Applicable,0.0,0.0,Unfit for Reuse,None (Safety Rejected),0,"EJECTED AT SAFETY GATE: Fails mandatory screening due to Localized Internal Cell Micro-Short Circuit. Under REUSEGRID AI protocol, zero matching score can override a physical safety failure. Battery routed directly to certified closed-loop recycling."
B217,Li-ion 18650 Pack (3S),Portable Medical / Tech Return,3S,11.1,4.4,48.8,1469,5.2,11.5,1.66,147.0,25.8,0.36,Intact (Good),None (0-1%),None,PASS,Normal,Normal,Safe,None (Passed All Thresholds),58.6,28.6,12.5,Severe (>0.035%/cycle),Tier 4: Highly Degraded (<65%),Good / Balanced,Operational (Healthy),Accurate / Responsive,Clean & Firm,Clean (No Cracks),None (Fully Functional),None,Not Applicable,0,None,De-rate Power & Direct Allocation,Not Applicable (Direct Pass),58.6,28.6,Eligible (Limited Use - Derated),Rural Off-Grid Household,78,"PASSED SAFETY GATE. Effective SoH: 58.6%, Available Capacity: 28.6 Wh, Peak Power: 12.5 W. Matched to 'Rural Off-Grid Household' (Score: 78%). Rationale: Moderate lighting & phone charging load. Internal resistance (147.0 mΩ) satisfies application thermal envelope. Post-repair validated: None (Fully Functional) rectified (₹0)."
B218,LiFePO4 (LFP) Module (4S),Solar Street Light / Telecom Decom,4S,12.8,6.0,76.8,1225,4.1,12.93,3.33,175.8,25.1,0.24,Intact (Good),None (0-1%),None,PASS,Normal,Normal,Safe,None (Passed All Thresholds),64.0,49.2,24.3,Severe (>0.035%/cycle),Tier 4: Highly Degraded (<65%),Good / Balanced,BMS Protection Lock / Blown MOSFET,Accurate / Responsive,Clean & Firm,Clean (No Cracks),BMS Discharge Port Fault,High (Output Power Blocked/Erratic),Yes,1100,Moderate (Modular BMS Replacement),Replace BMS Board & Calibrate,PASS (Protection Thresholds Verified),66.3,50.9,Eligible (Post-Repair),Rural School Lighting & Labs,81,"PASSED SAFETY GATE. Effective SoH: 66.3%, Available Capacity: 50.9 Wh, Peak Power: 24.3 W. Matched to 'Rural School Lighting & Labs' (Score: 81%). Rationale: Daytime educational load requirement met. Internal resistance (175.8 mΩ) satisfies application thermal envelope. Post-repair validated: BMS Discharge Port Fault rectified (₹1100)."
B219,Li-ion 18650 Pack (3S),Portable Medical / Tech Return,3S,11.1,4.4,48.8,417,1.4,10.84,3.4,65.7,25.1,0.4,Intact (Good),None (0-1%),None,PASS,Normal,Normal,Safe,None (Passed All Thresholds),91.9,44.8,21.7,Low (<0.015%/cycle),Tier 1: Excellent (>85%),Good / Balanced,Operational (Healthy),Accurate / Responsive,Clean & Firm,Clean (No Cracks),None (Fully Functional),None,Not Applicable,0,None,Direct Second-Life Allocation,Not Applicable (Direct Pass),91.9,44.8,Eligible (Direct),Community Solar Microgrid,87,"PASSED SAFETY GATE. Effective SoH: 91.9%, Available Capacity: 44.8 Wh, Peak Power: 21.7 W. Matched to 'Community Solar Microgrid' (Score: 87%). Rationale: Daily solar diurnal buffering compatible. Internal resistance (65.7 mΩ) satisfies application thermal envelope. Clean unit with zero component defects."
B220,Li-ion 18650 Pack (4S),Robotics / Drone Fleet Return,4S,14.8,5.2,77.0,560,1.7,14.38,2.93,117.5,30.4,0.3,Intact (Good),None (0-1%),None,PASS,Normal,Normal,Safe,None (Passed All Thresholds),86.6,66.7,33.6,Low (<0.015%/cycle),Tier 1: Excellent (>85%),Good / Balanced,Operational (Healthy),Accurate / Responsive,Clean & Firm,Clean (No Cracks),None (Fully Functional),None,Not Applicable,0,None,Direct Second-Life Allocation,Not Applicable (Direct Pass),86.6,66.7,Eligible (Direct),Healthcare Clinic Backup,96,"PASSED SAFETY GATE. Effective SoH: 86.6%, Available Capacity: 66.7 Wh, Peak Power: 33.6 W. Matched to 'Healthcare Clinic Backup' (Score: 96%). Rationale: High criticality approved. Internal resistance (117.5 mΩ) satisfies application thermal envelope. Clean unit with zero component defects."
B221,Power Tool Li-ion Pack (5S),Industrial Tool Rental Surplus,5S,18.0,4.0,72.0,843,2.8,17.87,1.35,176.1,27.4,0.13,Intact (Good),None (0-1%),None,PASS,Normal,Normal,Safe,None (Passed All Thresholds),72.7,52.3,26.8,Elevated (0.024%/cycle),Tier 3: Moderate (65-74%),Good / Balanced,Operational (Healthy),Faulty / Open Circuit Drift,Clean & Firm,Clean (No Cracks),Temperature Sensor Lead Detachment,Medium (Impaired Thermal Monitoring),Yes,320,Easy (Plug-in NTC Thermistor Swap),Repair & Retest Sensor,PASS (Thermal Loop Verified),72.7,52.3,Eligible (Post-Repair),Community Solar Microgrid,88,"PASSED SAFETY GATE. Effective SoH: 72.7%, Available Capacity: 52.3 Wh, Peak Power: 26.8 W. Matched to 'Community Solar Microgrid' (Score: 88%). Rationale: Daily solar diurnal buffering compatible. Internal resistance (176.1 mΩ) satisfies application thermal envelope. Post-repair validated: Temperature Sensor Lead Detachment rectified (₹320)."
B222,Power Tool Li-ion Pack (5S),Industrial Tool Rental Surplus,5S,18.0,4.0,72.0,338,1.6,18.0,3.03,130.4,29.9,0.12,Intact (Good),None (0-1%),None,PASS,Normal,Normal,Safe,None (Passed All Thresholds),82.6,59.5,21.7,Moderate (0.018%/cycle),Tier 2: Good (75-84%),Good / Balanced,Operational (Healthy),Accurate / Responsive,Clean & Firm,Clean (No Cracks),None (Fully Functional),None,Not Applicable,0,None,Direct Second-Life Allocation,Not Applicable (Direct Pass),82.6,59.5,Eligible (Direct),Emergency Disaster Shelter,88,"PASSED SAFETY GATE. Effective SoH: 82.6%, Available Capacity: 59.5 Wh, Peak Power: 21.7 W. Matched to 'Emergency Disaster Shelter' (Score: 88%). Rationale: Robust emergency resilience match. Internal resistance (130.4 mΩ) satisfies application thermal envelope. Clean unit with zero component defects."
B223,NMC Light-EV Pack (10S),Shared E-Scooter Fleet Fleet Retire,10S,36.0,7.8,280.8,560,1.9,35.73,3.28,300.0,27.3,0.24,Intact (Good),None (0-1%),None,PASS,Normal,Normal,Safe,None (Passed All Thresholds),86.7,243.5,96.2,Low (<0.015%/cycle),Tier 1: Excellent (>85%),Good / Balanced,Operational (Healthy),Accurate / Responsive,Clean & Firm,Clean (No Cracks),None (Fully Functional),None,Not Applicable,0,None,Direct Second-Life Allocation,Not Applicable (Direct Pass),86.7,243.5,Eligible (Direct),Healthcare Clinic Backup,94,"PASSED SAFETY GATE. Effective SoH: 86.7%, Available Capacity: 243.5 Wh, Peak Power: 96.2 W. Matched to 'Healthcare Clinic Backup' (Score: 94%). Rationale: High criticality approved. Internal resistance (300.0 mΩ) satisfies application thermal envelope. Clean unit with zero component defects."
B224,LiFePO4 (LFP) Module (4S),Solar Street Light / Telecom Decom,4S,12.8,6.0,76.8,1461,5.3,13.2,2.36,154.6,28.1,0.28,Intact (Good),None (0-1%),None,PASS,Normal,Normal,Safe,None (Passed All Thresholds),61.5,47.2,22.4,Severe (>0.035%/cycle),Tier 4: Highly Degraded (<65%),Good / Balanced,BMS Protection Lock / Blown MOSFET,Accurate / Responsive,Clean & Firm,Clean (No Cracks),BMS Discharge Port Fault,High (Output Power Blocked/Erratic),Yes,650,Moderate (Modular BMS Replacement),Replace BMS Board & Calibrate,FAIL (Damaged Cell Voltage Taps),0.0,0.0,Unfit for Reuse,None (Post-Repair Fail),0,UNFIT: New BMS installed but cell sensing taps detected unrecoverable internal cell imbalance. Recycled.
B225,Li-ion 18650 Pack (3S),Portable Medical / Tech Return,3S,11.1,4.4,48.8,337,1.4,11.37,2.47,74.2,28.6,0.14,Intact (Good),None (0-1%),None,PASS,Normal,Normal,Safe,None (Passed All Thresholds),92.5,45.1,22.8,Low (<0.015%/cycle),Tier 1: Excellent (>85%),Good / Balanced,Operational (Healthy),Accurate / Responsive,Clean & Firm,Clean (No Cracks),None (Fully Functional),None,Not Applicable,0,None,Direct Second-Life Allocation,Not Applicable (Direct Pass),92.5,45.1,Eligible (Direct),Telecom Cell Tower Backup,85,"PASSED SAFETY GATE. Effective SoH: 92.5%, Available Capacity: 45.1 Wh, Peak Power: 22.8 W. Matched to 'Telecom Cell Tower Backup' (Score: 85%). Rationale: Steady high-reliability discharge profile. Internal resistance (74.2 mΩ) satisfies application thermal envelope. Clean unit with zero component defects."
B226,LiFePO4 (LFP) Module (4S),Solar Street Light / Telecom Decom,4S,12.8,6.0,76.8,729,2.5,13.05,1.93,105.2,25.0,0.25,Intact (Good),None (0-1%),None,PASS,Normal,Normal,Safe,None (Passed All Thresholds),79.9,61.4,22.1,Moderate (0.018%/cycle),Tier 2: Good (75-84%),Good / Balanced,Operational (Healthy),Accurate / Responsive,Clean & Firm,Clean (No Cracks),None (Fully Functional),None,Not Applicable,0,None,Direct Second-Life Allocation,Not Applicable (Direct Pass),79.9,61.4,Eligible (Direct),Emergency Disaster Shelter,87,"PASSED SAFETY GATE. Effective SoH: 79.9%, Available Capacity: 61.4 Wh, Peak Power: 22.1 W. Matched to 'Emergency Disaster Shelter' (Score: 87%). Rationale: Robust emergency resilience match. Internal resistance (105.2 mΩ) satisfies application thermal envelope. Clean unit with zero component defects."
B227,NMC Light-EV Pack (10S),Shared E-Scooter Fleet Fleet Retire,10S,36.0,7.8,280.8,947,3.1,34.85,2.03,320.4,26.9,0.35,Intact (Good),None (0-1%),None,PASS,Normal,Normal,Safe,None (Passed All Thresholds),75.5,212.0,87.5,Moderate (0.018%/cycle),Tier 2: Good (75-84%),Good / Balanced,Operational (Healthy),Faulty / Open Circuit Drift,Clean & Firm,Clean (No Cracks),Temperature Sensor Lead Detachment,Medium (Impaired Thermal Monitoring),Yes,250,Easy (Plug-in NTC Thermistor Swap),Repair & Retest Sensor,PASS (Thermal Loop Verified),75.5,212.0,Eligible (Post-Repair),Telecom Cell Tower Backup,89,"PASSED SAFETY GATE. Effective SoH: 75.5%, Available Capacity: 212.0 Wh, Peak Power: 87.5 W. Matched to 'Telecom Cell Tower Backup' (Score: 89%). Rationale: Steady high-reliability discharge profile. Internal resistance (320.4 mΩ) satisfies application thermal envelope. Post-repair validated: Temperature Sensor Lead Detachment rectified (₹250)."
B228,Prismatic Li-ion Module (2S),Telecom Backup Rack Module,2S,7.4,10.0,74.0,1223,4.4,7.16,2.78,101.6,28.5,0.22,Intact (Good),None (0-1%),None,PASS,Normal,Normal,Safe,None (Passed All Thresholds),63.1,46.7,22.3,Severe (>0.035%/cycle),Tier 4: Highly Degraded (<65%),Good / Balanced,Operational (Healthy),Accurate / Responsive,Oxidized Terminals / Damaged XT60 Pin,Clean (No Cracks),High-Resistance Connector Degradation,Medium (Localized Contact Heating),Yes,220,Easy (Terminal Re-crimp & Re-soldering),Replace Connector Harness,PASS (Contact Resistance < 5 mOhm),63.1,46.7,Eligible (Post-Repair),Rural Off-Grid Household,76,"PASSED SAFETY GATE. Effective SoH: 63.1%, Available Capacity: 46.7 Wh, Peak Power: 22.3 W. Matched to 'Rural Off-Grid Household' (Score: 76%). Rationale: Moderate lighting & phone charging load. Internal resistance (101.6 mΩ) satisfies application thermal envelope. Post-repair validated: High-Resistance Connector Degradation rectified (₹220)."
B229,Power Tool Li-ion Pack (5S),Industrial Tool Rental Surplus,5S,18.0,4.0,72.0,173,0.6,18.38,3.39,128.8,29.9,0.19,Intact (Good),None (0-1%),None,PASS,Normal,Normal,Safe,None (Passed All Thresholds),97.0,69.8,25.9,Low (<0.015%/cycle),Tier 1: Excellent (>85%),Good / Balanced,Operational (Healthy),Accurate / Responsive,Clean & Firm,Clean (No Cracks),None (Fully Functional),None,Not Applicable,0,None,Direct Second-Life Allocation,Not Applicable (Direct Pass),97.0,69.8,Eligible (Direct),Healthcare Clinic Backup,96,"PASSED SAFETY GATE. Effective SoH: 97.0%, Available Capacity: 69.8 Wh, Peak Power: 25.9 W. Matched to 'Healthcare Clinic Backup' (Score: 96%). Rationale: High criticality approved. Internal resistance (128.8 mΩ) satisfies application thermal envelope. Clean unit with zero component defects."
B230,Power Tool Li-ion Pack (5S),Industrial Tool Rental Surplus,5S,18.0,4.0,72.0,876,2.9,17.9,2.25,168.6,26.5,0.21,Intact (Good),None (0-1%),None,PASS,Normal,Normal,Safe,None (Passed All Thresholds),76.1,54.8,23.2,Moderate (0.018%/cycle),Tier 2: Good (75-84%),Good / Balanced,Operational (Healthy),Accurate / Responsive,Clean & Firm,Clean (No Cracks),None (Fully Functional),None,Not Applicable,0,None,Direct Second-Life Allocation,Not Applicable (Direct Pass),76.1,54.8,Eligible (Direct),Telecom Cell Tower Backup,83,"PASSED SAFETY GATE. Effective SoH: 76.1%, Available Capacity: 54.8 Wh, Peak Power: 23.2 W. Matched to 'Telecom Cell Tower Backup' (Score: 83%). Rationale: Steady high-reliability discharge profile. Internal resistance (168.6 mΩ) satisfies application thermal envelope. Clean unit with zero component defects."
B231,LiFePO4 (LFP) Module (4S),Solar Street Light / Telecom Decom,4S,12.8,6.0,76.8,1024,3.6,12.96,2.29,138.5,31.2,0.16,Intact (Good),None (0-1%),None,PASS,Normal,Normal,Safe,None (Passed All Thresholds),71.1,54.6,26.5,Elevated (0.024%/cycle),Tier 3: Moderate (65-74%),Good / Balanced,Operational (Healthy),Accurate / Responsive,Clean & Firm,Clean (No Cracks),None (Fully Functional),None,Not Applicable,0,None,Direct Second-Life Allocation,Not Applicable (Direct Pass),71.1,54.6,Eligible (Direct),Community Solar Microgrid,84,"PASSED SAFETY GATE. Effective SoH: 71.1%, Available Capacity: 54.6 Wh, Peak Power: 26.5 W. Matched to 'Community Solar Microgrid' (Score: 84%). Rationale: Daily solar diurnal buffering compatible. Internal resistance (138.5 mΩ) satisfies application thermal envelope. Clean unit with zero component defects."
B232,Prismatic Li-ion Module (2S),Telecom Backup Rack Module,2S,7.4,10.0,74.0,560,1.8,7.49,2.11,52.5,30.0,0.16,Intact (Good),None (0-1%),None,PASS,Normal,Normal,Safe,None (Passed All Thresholds),88.4,65.4,34.5,Low (<0.015%/cycle),Tier 1: Excellent (>85%),Good / Balanced,Operational (Healthy),Accurate / Responsive,Oxidized Terminals / Damaged XT60 Pin,Clean (No Cracks),High-Resistance Connector Degradation,Medium (Localized Contact Heating),Yes,120,Easy (Terminal Re-crimp & Re-soldering),Replace Connector Harness,PASS (Contact Resistance < 5 mOhm),88.4,65.4,Eligible (Post-Repair),Healthcare Clinic Backup,92,"PASSED SAFETY GATE. Effective SoH: 88.4%, Available Capacity: 65.4 Wh, Peak Power: 34.5 W. Matched to 'Healthcare Clinic Backup' (Score: 92%). Rationale: High criticality approved. Internal resistance (52.5 mΩ) satisfies application thermal envelope. Post-repair validated: High-Resistance Connector Degradation rectified (₹120)."
B233,NMC Light-EV Pack (10S),Shared E-Scooter Fleet Fleet Retire,10S,36.0,7.8,280.8,618,1.9,36.97,1.23,271.3,27.7,0.2,Intact (Good),None (0-1%),None,PASS,Normal,Normal,Safe,None (Passed All Thresholds),82.6,231.9,82.1,Moderate (0.018%/cycle),Tier 2: Good (75-84%),Good / Balanced,Operational (Healthy),Accurate / Responsive,Clean & Firm,Clean (No Cracks),None (Fully Functional),None,Not Applicable,0,None,Direct Second-Life Allocation,Not Applicable (Direct Pass),82.6,231.9,Eligible (Direct),Emergency Disaster Shelter,86,"PASSED SAFETY GATE. Effective SoH: 82.6%, Available Capacity: 231.9 Wh, Peak Power: 82.1 W. Matched to 'Emergency Disaster Shelter' (Score: 86%). Rationale: Robust emergency resilience match. Internal resistance (271.3 mΩ) satisfies application thermal envelope. Clean unit with zero component defects."
B234,Li-ion 18650 Pack (3S),Portable Medical / Tech Return,3S,11.1,4.4,48.8,656,2.4,10.66,2.27,79.9,31.7,0.26,Intact (Good),None (0-1%),None,PASS,Normal,Normal,Safe,None (Passed All Thresholds),83.3,40.7,19.8,Moderate (0.018%/cycle),Tier 2: Good (75-84%),Good / Balanced,Operational (Healthy),Accurate / Responsive,Clean & Firm,Clean (No Cracks),None (Fully Functional),None,Not Applicable,0,None,Direct Second-Life Allocation,Not Applicable (Direct Pass),83.3,40.7,Eligible (Direct),Community Solar Microgrid,82,"PASSED SAFETY GATE. Effective SoH: 83.3%, Available Capacity: 40.7 Wh, Peak Power: 19.8 W. Matched to 'Community Solar Microgrid' (Score: 82%). Rationale: Daily solar diurnal buffering compatible. Internal resistance (79.9 mΩ) satisfies application thermal envelope. Clean unit with zero component defects."
B235,LiFePO4 (LFP) Module (4S),Solar Street Light / Telecom Decom,4S,12.8,6.0,76.8,1033,3.9,12.31,2.97,134.8,30.7,0.14,Intact (Good),None (0-1%),None,PASS,Normal,Normal,Safe,None (Passed All Thresholds),70.6,54.2,21.8,Elevated (0.024%/cycle),Tier 3: Moderate (65-74%),Good / Balanced,Operational (Healthy),Accurate / Responsive,Clean & Firm,Clean (No Cracks),None (Fully Functional),None,Not Applicable,0,None,Direct Second-Life Allocation,Not Applicable (Direct Pass),70.6,54.2,Eligible (Direct),Community Solar Microgrid,79,"PASSED SAFETY GATE. Effective SoH: 70.6%, Available Capacity: 54.2 Wh, Peak Power: 21.8 W. Matched to 'Community Solar Microgrid' (Score: 79%). Rationale: Daily solar diurnal buffering compatible. Internal resistance (134.8 mΩ) satisfies application thermal envelope. Clean unit with zero component defects."
B236,NMC Light-EV Pack (10S),Shared E-Scooter Fleet Fleet Retire,10S,36.0,7.8,280.8,559,2.2,34.56,1.89,330.5,29.5,0.39,Intact (Good),None (0-1%),None,PASS,Normal,Normal,Safe,None (Passed All Thresholds),75.5,212.0,110.1,Moderate (0.018%/cycle),Tier 2: Good (75-84%),Good / Balanced,Operational (Healthy),Accurate / Responsive,Clean & Firm,Clean (No Cracks),None (Fully Functional),None,Not Applicable,0,None,Direct Second-Life Allocation,Not Applicable (Direct Pass),75.5,212.0,Eligible (Direct),Telecom Cell Tower Backup,83,"PASSED SAFETY GATE. Effective SoH: 75.5%, Available Capacity: 212.0 Wh, Peak Power: 110.1 W. Matched to 'Telecom Cell Tower Backup' (Score: 83%). Rationale: Steady high-reliability discharge profile. Internal resistance (330.5 mΩ) satisfies application thermal envelope. Clean unit with zero component defects."
B237,NMC Light-EV Pack (10S),Shared E-Scooter Fleet Fleet Retire,10S,36.0,7.8,280.8,1236,4.7,35.43,1.35,435.5,26.6,0.17,Intact (Good),None (0-1%),None,PASS,Normal,Normal,Safe,None (Passed All Thresholds),62.2,174.7,78.1,Severe (>0.035%/cycle),Tier 4: Highly Degraded (<65%),Good / Balanced,Operational (Healthy),Accurate / Responsive,Oxidized Terminals / Damaged XT60 Pin,Clean (No Cracks),High-Resistance Connector Degradation,Medium (Localized Contact Heating),Yes,220,Easy (Terminal Re-crimp & Re-soldering),Replace Connector Harness,PASS (Contact Resistance < 5 mOhm),62.2,174.7,Eligible (Post-Repair),Rural Off-Grid Household,77,"PASSED SAFETY GATE. Effective SoH: 62.2%, Available Capacity: 174.7 Wh, Peak Power: 78.1 W. Matched to 'Rural Off-Grid Household' (Score: 77%). Rationale: Moderate lighting & phone charging load. Internal resistance (435.5 mΩ) satisfies application thermal envelope. Post-repair validated: High-Resistance Connector Degradation rectified (₹220)."
B238,Power Tool Li-ion Pack (5S),Industrial Tool Rental Surplus,5S,18.0,4.0,72.0,708,2.3,17.81,1.72,132.8,26.4,0.14,Intact (Good),None (0-1%),None,PASS,Normal,Normal,Safe,None (Passed All Thresholds),81.5,58.7,27.9,Moderate (0.018%/cycle),Tier 2: Good (75-84%),Good / Balanced,Operational (Healthy),Accurate / Responsive,Clean & Firm,Clean (No Cracks),None (Fully Functional),None,Not Applicable,0,None,Direct Second-Life Allocation,Not Applicable (Direct Pass),81.5,58.7,Eligible (Direct),Emergency Disaster Shelter,91,"PASSED SAFETY GATE. Effective SoH: 81.5%, Available Capacity: 58.7 Wh, Peak Power: 27.9 W. Matched to 'Emergency Disaster Shelter' (Score: 91%). Rationale: Robust emergency resilience match. Internal resistance (132.8 mΩ) satisfies application thermal envelope. Clean unit with zero component defects."
B239,NMC Light-EV Pack (10S),Shared E-Scooter Fleet Fleet Retire,10S,36.0,7.8,280.8,807,2.7,36.5,1.8,316.9,27.4,0.38,Intact (Good),None (0-1%),None,PASS,Normal,Normal,Safe,None (Passed All Thresholds),78.3,219.9,89.7,Moderate (0.018%/cycle),Tier 2: Good (75-84%),Good / Balanced,Operational (Healthy),Accurate / Responsive,Clean & Firm,Clean (No Cracks),None (Fully Functional),None,Not Applicable,0,None,Direct Second-Life Allocation,Not Applicable (Direct Pass),78.3,219.9,Eligible (Direct),Emergency Disaster Shelter,88,"PASSED SAFETY GATE. Effective SoH: 78.3%, Available Capacity: 219.9 Wh, Peak Power: 89.7 W. Matched to 'Emergency Disaster Shelter' (Score: 88%). Rationale: Robust emergency resilience match. Internal resistance (316.9 mΩ) satisfies application thermal envelope. Clean unit with zero component defects."
B240,Prismatic Li-ion Module (2S),Telecom Backup Rack Module,2S,7.4,10.0,74.0,1220,4.6,7.42,1.76,103.9,28.5,0.3,Intact (Good),None (0-1%),None,PASS,Normal,Normal,Safe,None (Passed All Thresholds),59.7,44.2,16.1,Severe (>0.035%/cycle),Tier 4: Highly Degraded (<65%),Good / Balanced,Operational (Healthy),Accurate / Responsive,Clean & Firm,Clean (No Cracks),None (Fully Functional),None,Not Applicable,0,None,De-rate Power & Direct Allocation,Not Applicable (Direct Pass),59.7,44.2,Eligible (Limited Use - Derated),Rural Off-Grid Household,73,"PASSED SAFETY GATE. Effective SoH: 59.7%, Available Capacity: 44.2 Wh, Peak Power: 16.1 W. Matched to 'Rural Off-Grid Household' (Score: 73%). Rationale: Moderate lighting & phone charging load. Internal resistance (103.9 mΩ) satisfies application thermal envelope. Post-repair validated: None (Fully Functional) rectified (₹0)."
B241,LiFePO4 (LFP) Module (4S),Solar Street Light / Telecom Decom,4S,12.8,6.0,76.8,1080,3.9,12.46,2.22,165.2,26.5,0.11,Intact (Good),None (0-1%),None,PASS,Normal,Normal,Safe,None (Passed All Thresholds),60.3,46.3,24.0,Severe (>0.035%/cycle),Tier 4: Highly Degraded (<65%),Good / Balanced,Operational (Healthy),Accurate / Responsive,Clean & Firm,Clean (No Cracks),None (Fully Functional),None,Not Applicable,0,None,De-rate Power & Direct Allocation,Not Applicable (Direct Pass),60.3,46.3,Eligible (Limited Use - Derated),Rural Off-Grid Household,79,"PASSED SAFETY GATE. Effective SoH: 60.3%, Available Capacity: 46.3 Wh, Peak Power: 24.0 W. Matched to 'Rural Off-Grid Household' (Score: 79%). Rationale: Moderate lighting & phone charging load. Internal resistance (165.2 mΩ) satisfies application thermal envelope. Post-repair validated: None (Fully Functional) rectified (₹0)."
B242,Li-ion 18650 Pack (3S),Portable Medical / Tech Return,3S,11.1,4.4,48.8,1059,4.1,11.04,2.57,111.7,25.5,0.29,Minor Hairline Crack on Corner Bracket,None (0-1%),None,PASS,Normal,Normal,Safe,None (Passed All Thresholds),68.3,33.3,18.2,Elevated (0.024%/cycle),Tier 3: Moderate (65-74%),Good / Balanced,Operational (Healthy),Accurate / Responsive,Clean & Firm,Damaged Mounting Bracket,Structural Enclosure Hairline Crack,Low (Non-Cell Cosmetic / Ingress Risk),No (Factory Moulded Shell),80,Minor (Epoxy / Seal Patching),Operate Under Sealed Enclosure (Limited Use),PASS (Ingress Safe in Indoor Rack),68.3,33.3,Eligible (Limited Use),Rural School Lighting & Labs,77,"PASSED SAFETY GATE. Effective SoH: 68.3%, Available Capacity: 33.3 Wh, Peak Power: 18.2 W. Matched to 'Rural School Lighting & Labs' (Score: 77%). Rationale: Daytime educational load requirement met. Internal resistance (111.7 mΩ) satisfies application thermal envelope. Post-repair validated: Structural Enclosure Hairline Crack rectified (₹80)."
B243,Li-ion 18650 Pack (4S),Robotics / Drone Fleet Return,4S,14.8,5.2,77.0,1059,4.1,14.4,2.3,165.4,30.0,0.17,Intact (Good),None (0-1%),None,PASS,Normal,Normal,Safe,None (Passed All Thresholds),69.6,53.6,25.6,Elevated (0.024%/cycle),Tier 3: Moderate (65-74%),Good / Balanced,Operational (Healthy),Accurate / Responsive,Clean & Firm,Clean (No Cracks),None (Fully Functional),None,Not Applicable,0,None,De-rate Power & Direct Allocation,Not Applicable (Direct Pass),69.6,53.6,Eligible (Limited Use - Derated),Rural School Lighting & Labs,81,"PASSED SAFETY GATE. Effective SoH: 69.6%, Available Capacity: 53.6 Wh, Peak Power: 25.6 W. Matched to 'Rural School Lighting & Labs' (Score: 81%). Rationale: Daytime educational load requirement met. Internal resistance (165.4 mΩ) satisfies application thermal envelope. Post-repair validated: None (Fully Functional) rectified (₹0)."
B244,Power Tool Li-ion Pack (5S),Industrial Tool Rental Surplus,5S,18.0,4.0,72.0,447,1.7,17.29,2.02,122.6,31.5,0.17,Intact (Good),None (0-1%),None,PASS,Normal,Normal,Safe,None (Passed All Thresholds),86.6,62.4,29.8,Low (<0.015%/cycle),Tier 1: Excellent (>85%),Good / Balanced,Operational (Healthy),Accurate / Responsive,Clean & Firm,Clean (No Cracks),None (Fully Functional),None,Not Applicable,0,None,Direct Second-Life Allocation,Not Applicable (Direct Pass),86.6,62.4,Eligible (Direct),Healthcare Clinic Backup,91,"PASSED SAFETY GATE. Effective SoH: 86.6%, Available Capacity: 62.4 Wh, Peak Power: 29.8 W. Matched to 'Healthcare Clinic Backup' (Score: 91%). Rationale: High criticality approved. Internal resistance (122.6 mΩ) satisfies application thermal envelope. Clean unit with zero component defects."
B245,NMC Light-EV Pack (10S),Shared E-Scooter Fleet Fleet Retire,10S,36.0,7.8,280.8,581,2.4,34.64,2.31,302.7,29.6,0.14,Minor Hairline Crack on Corner Bracket,None (0-1%),None,PASS,Normal,Normal,Safe,None (Passed All Thresholds),80.5,226.0,92.2,Moderate (0.018%/cycle),Tier 2: Good (75-84%),Good / Balanced,Operational (Healthy),Accurate / Responsive,Clean & Firm,Damaged Mounting Bracket,Structural Enclosure Hairline Crack,Low (Non-Cell Cosmetic / Ingress Risk),No (Factory Moulded Shell),80,Minor (Epoxy / Seal Patching),Operate Under Sealed Enclosure (Limited Use),PASS (Ingress Safe in Indoor Rack),80.5,226.0,Eligible (Limited Use),Emergency Disaster Shelter,88,"PASSED SAFETY GATE. Effective SoH: 80.5%, Available Capacity: 226.0 Wh, Peak Power: 92.2 W. Matched to 'Emergency Disaster Shelter' (Score: 88%). Rationale: Robust emergency resilience match. Internal resistance (302.7 mΩ) satisfies application thermal envelope. Post-repair validated: Structural Enclosure Hairline Crack rectified (₹80)."
B246,LiFePO4 (LFP) Module (4S),Solar Street Light / Telecom Decom,4S,12.8,6.0,76.8,1281,5.0,13.23,3.39,202.8,29.0,0.21,Intact (Good),None (0-1%),None,PASS,Normal,Normal,Safe,None (Passed All Thresholds),56.6,43.5,22.1,Severe (>0.035%/cycle),Tier 4: Highly Degraded (<65%),Good / Balanced,Operational (Healthy),Faulty / Open Circuit Drift,Clean & Firm,Clean (No Cracks),Temperature Sensor Lead Detachment,Medium (Impaired Thermal Monitoring),Yes,320,Easy (Plug-in NTC Thermistor Swap),Repair & Retest Sensor,PASS (Thermal Loop Verified),56.6,43.5,Eligible (Post-Repair),Rural Off-Grid Household,72,"PASSED SAFETY GATE. Effective SoH: 56.6%, Available Capacity: 43.5 Wh, Peak Power: 22.1 W. Matched to 'Rural Off-Grid Household' (Score: 72%). Rationale: Moderate lighting & phone charging load. Internal resistance (202.8 mΩ) satisfies application thermal envelope. Post-repair validated: Temperature Sensor Lead Detachment rectified (₹320)."
B247,LiFePO4 (LFP) Module (4S),Solar Street Light / Telecom Decom,4S,12.8,6.0,76.8,793,2.8,13.23,1.43,135.7,28.5,0.17,Intact (Good),None (0-1%),None,PASS,Normal,Normal,Safe,None (Passed All Thresholds),72.4,55.6,19.9,Elevated (0.024%/cycle),Tier 3: Moderate (65-74%),Good / Balanced,Operational (Healthy),Accurate / Responsive,Oxidized Terminals / Damaged XT60 Pin,Clean (No Cracks),High-Resistance Connector Degradation,Medium (Localized Contact Heating),Yes,220,Easy (Terminal Re-crimp & Re-soldering),Replace Connector Harness,PASS (Contact Resistance < 5 mOhm),72.4,55.6,Eligible (Post-Repair),Community Solar Microgrid,79,"PASSED SAFETY GATE. Effective SoH: 72.4%, Available Capacity: 55.6 Wh, Peak Power: 19.9 W. Matched to 'Community Solar Microgrid' (Score: 79%). Rationale: Daily solar diurnal buffering compatible. Internal resistance (135.7 mΩ) satisfies application thermal envelope. Post-repair validated: High-Resistance Connector Degradation rectified (₹220)."
B248,Li-ion 18650 Pack (3S),Portable Medical / Tech Return,3S,11.1,4.4,48.8,459,1.9,11.11,2.95,102.5,27.0,0.21,Intact (Good),None (0-1%),None,PASS,Normal,Normal,Safe,None (Passed All Thresholds),80.5,39.3,20.8,Moderate (0.018%/cycle),Tier 2: Good (75-84%),Good / Balanced,Operational (Healthy),Accurate / Responsive,Clean & Firm,Clean (No Cracks),None (Fully Functional),None,Not Applicable,0,None,Direct Second-Life Allocation,Not Applicable (Direct Pass),80.5,39.3,Eligible (Direct),Community Solar Microgrid,88,"PASSED SAFETY GATE. Effective SoH: 80.5%, Available Capacity: 39.3 Wh, Peak Power: 20.8 W. Matched to 'Community Solar Microgrid' (Score: 88%). Rationale: Daily solar diurnal buffering compatible. Internal resistance (102.5 mΩ) satisfies application thermal envelope. Clean unit with zero component defects."
B249,Li-ion 18650 Pack (4S),Robotics / Drone Fleet Return,4S,14.8,5.2,77.0,1224,4.4,14.45,2.56,179.0,26.3,0.2,Chemical Residue & Vent Breach,None (0-1%),Active Electrolyte Leakage / Corrosion,FAIL,Normal,Normal,CRITICAL (Chemical Hazard),Safety Vent Ruptured & Toxic Chemical Egress,N/A (Unsafe),0.0,0.0,Catastrophic,Unfit / Hazardous,Good / Balanced,Operational (Healthy),Accurate / Responsive,Clean & Firm,Clean (No Cracks),Seal Rupture & Electrolyte Evaporation,Catastrophic,No (Inherent Cell Hazard),0,Impossible (Hazardous),Reject & Immediate Recycling,Not Applicable,0.0,0.0,Unfit for Reuse,None (Safety Rejected),0,"EJECTED AT SAFETY GATE: Fails mandatory screening due to Safety Vent Ruptured & Toxic Chemical Egress. Under REUSEGRID AI protocol, zero matching score can override a physical safety failure. Battery routed directly to certified closed-loop recycling."
B250,NMC Light-EV Pack (10S),Shared E-Scooter Fleet Fleet Retire,10S,36.0,7.8,280.8,489,1.5,36.97,1.96,362.1,29.9,0.33,Intact (Good),None (0-1%),None,PASS,Normal,Normal,Safe,None (Passed All Thresholds),77.0,216.2,104.0,Moderate (0.018%/cycle),Tier 2: Good (75-84%),Good / Balanced,Operational (Healthy),Accurate / Responsive,Clean & Firm,Clean (No Cracks),None (Fully Functional),None,Not Applicable,0,None,Direct Second-Life Allocation,Not Applicable (Direct Pass),77.0,216.2,Eligible (Direct),Telecom Cell Tower Backup,84,"PASSED SAFETY GATE. Effective SoH: 77.0%, Available Capacity: 216.2 Wh, Peak Power: 104.0 W. Matched to 'Telecom Cell Tower Backup' (Score: 84%). Rationale: Steady high-reliability discharge profile. Internal resistance (362.1 mΩ) satisfies application thermal envelope. Clean unit with zero component defects."
B251,Li-ion 18650 Pack (4S),Robotics / Drone Fleet Return,4S,14.8,5.2,77.0,1192,4.3,14.36,2.96,145.3,25.0,0.22,Intact (Good),None (0-1%),None,PASS,Normal,Normal,Safe,None (Passed All Thresholds),62.7,48.3,22.0,Severe (>0.035%/cycle),Tier 4: Highly Degraded (<65%),Good / Balanced,Operational (Healthy),Accurate / Responsive,Clean & Firm,Clean (No Cracks),None (Fully Functional),None,Not Applicable,0,None,De-rate Power & Direct Allocation,Not Applicable (Direct Pass),62.7,48.3,Eligible (Limited Use - Derated),Rural Off-Grid Household,70,"PASSED SAFETY GATE. Effective SoH: 62.7%, Available Capacity: 48.3 Wh, Peak Power: 22.0 W. Matched to 'Rural Off-Grid Household' (Score: 70%). Rationale: Moderate lighting & phone charging load. Internal resistance (145.3 mΩ) satisfies application thermal envelope. Post-repair validated: None (Fully Functional) rectified (₹0)."
B252,Prismatic Li-ion Module (2S),Telecom Backup Rack Module,2S,7.4,10.0,74.0,1437,5.0,7.1,2.88,89.6,31.8,0.17,Intact (Good),None (0-1%),None,PASS,Normal,Normal,Safe,None (Passed All Thresholds),54.1,40.0,19.3,Severe (>0.035%/cycle),Tier 4: Highly Degraded (<65%),Good / Balanced,Operational (Healthy),Accurate / Responsive,Clean & Firm,Clean (No Cracks),None (Fully Functional),None,Not Applicable,0,None,De-rate Power & Direct Allocation,Not Applicable (Direct Pass),54.1,40.0,Eligible (Limited Use - Derated),Secondary Micro-Reserve Buffer,71,"PASSED SAFETY GATE. Effective SoH: 54.1%, Available Capacity: 40.0 Wh, Peak Power: 19.3 W. Matched to 'Secondary Micro-Reserve Buffer' (Score: 71%). Rationale: Low-drain buffer storage tier. Internal resistance (89.6 mΩ) satisfies application thermal envelope. Post-repair validated: None (Fully Functional) rectified (₹0)."
B253,NMC Light-EV Pack (10S),Shared E-Scooter Fleet Fleet Retire,10S,36.0,7.8,280.8,1144,4.1,36.91,1.62,461.6,27.6,0.37,Intact (Good),None (0-1%),None,PASS,Normal,Normal,Safe,None (Passed All Thresholds),62.5,175.5,89.7,Severe (>0.035%/cycle),Tier 4: Highly Degraded (<65%),Good / Balanced,Operational (Healthy),Accurate / Responsive,Clean & Firm,Clean (No Cracks),None (Fully Functional),None,Not Applicable,0,None,De-rate Power & Direct Allocation,Not Applicable (Direct Pass),62.5,175.5,Eligible (Limited Use - Derated),Rural Off-Grid Household,79,"PASSED SAFETY GATE. Effective SoH: 62.5%, Available Capacity: 175.5 Wh, Peak Power: 89.7 W. Matched to 'Rural Off-Grid Household' (Score: 79%). Rationale: Moderate lighting & phone charging load. Internal resistance (461.6 mΩ) satisfies application thermal envelope. Post-repair validated: None (Fully Functional) rectified (₹0)."
B254,Li-ion 18650 Pack (3S),Portable Medical / Tech Return,3S,11.1,4.4,48.8,1006,3.6,11.14,2.83,92.5,26.2,0.33,Minor Hairline Crack on Corner Bracket,None (0-1%),None,PASS,Normal,Normal,Safe,None (Passed All Thresholds),76.4,37.3,17.4,Moderate (0.018%/cycle),Tier 2: Good (75-84%),Good / Balanced,Operational (Healthy),Accurate / Responsive,Clean & Firm,Damaged Mounting Bracket,Structural Enclosure Hairline Crack,Low (Non-Cell Cosmetic / Ingress Risk),No (Factory Moulded Shell),80,Minor (Epoxy / Seal Patching),Operate Under Sealed Enclosure (Limited Use),PASS (Ingress Safe in Indoor Rack),76.4,37.3,Eligible (Limited Use),Community Solar Microgrid,88,"PASSED SAFETY GATE. Effective SoH: 76.4%, Available Capacity: 37.3 Wh, Peak Power: 17.4 W. Matched to 'Community Solar Microgrid' (Score: 88%). Rationale: Daily solar diurnal buffering compatible. Internal resistance (92.5 mΩ) satisfies application thermal envelope. Post-repair validated: Structural Enclosure Hairline Crack rectified (₹80)."
B255,Prismatic Li-ion Module (2S),Telecom Backup Rack Module,2S,7.4,10.0,74.0,287,0.9,7.55,1.44,61.0,28.6,0.25,Intact (Good),None (0-1%),None,PASS,Normal,Normal,Safe,None (Passed All Thresholds),86.2,63.8,27.0,Low (<0.015%/cycle),Tier 1: Excellent (>85%),Good / Balanced,Operational (Healthy),Accurate / Responsive,Oxidized Terminals / Damaged XT60 Pin,Clean (No Cracks),High-Resistance Connector Degradation,Medium (Localized Contact Heating),Yes,180,Easy (Terminal Re-crimp & Re-soldering),Replace Connector Harness,PASS (Contact Resistance < 5 mOhm),86.2,63.8,Eligible (Post-Repair),Healthcare Clinic Backup,97,"PASSED SAFETY GATE. Effective SoH: 86.2%, Available Capacity: 63.8 Wh, Peak Power: 27.0 W. Matched to 'Healthcare Clinic Backup' (Score: 97%). Rationale: High criticality approved. Internal resistance (61.0 mΩ) satisfies application thermal envelope. Post-repair validated: High-Resistance Connector Degradation rectified (₹180)."
B256,Power Tool Li-ion Pack (5S),Industrial Tool Rental Surplus,5S,18.0,4.0,72.0,1111,4.2,18.28,2.88,239.8,31.0,0.18,Intact (Good),None (0-1%),None,PASS,Normal,Normal,Safe,None (Passed All Thresholds),65.6,47.2,24.1,Elevated (0.024%/cycle),Tier 3: Moderate (65-74%),Good / Balanced,Operational (Healthy),Accurate / Responsive,Clean & Firm,Clean (No Cracks),None (Fully Functional),None,Not Applicable,0,None,De-rate Power & Direct Allocation,Not Applicable (Direct Pass),65.6,47.2,Eligible (Limited Use - Derated),Rural School Lighting & Labs,77,"PASSED SAFETY GATE. Effective SoH: 65.6%, Available Capacity: 47.2 Wh, Peak Power: 24.1 W. Matched to 'Rural School Lighting & Labs' (Score: 77%). Rationale: Daytime educational load requirement met. Internal resistance (239.8 mΩ) satisfies application thermal envelope. Post-repair validated: None (Fully Functional) rectified (₹0)."
B257,NMC Light-EV Pack (10S),Shared E-Scooter Fleet Fleet Retire,10S,36.0,7.8,280.8,600,2.1,37.29,2.34,281.9,27.7,0.15,Intact (Good),None (0-1%),None,PASS,Normal,Normal,Safe,None (Passed All Thresholds),86.1,241.8,122.7,Low (<0.015%/cycle),Tier 1: Excellent (>85%),Good / Balanced,Operational (Healthy),Accurate / Responsive,Clean & Firm,Clean (No Cracks),None (Fully Functional),None,Not Applicable,0,None,Direct Second-Life Allocation,Not Applicable (Direct Pass),86.1,241.8,Eligible (Direct),Healthcare Clinic Backup,95,"PASSED SAFETY GATE. Effective SoH: 86.1%, Available Capacity: 241.8 Wh, Peak Power: 122.7 W. Matched to 'Healthcare Clinic Backup' (Score: 95%). Rationale: High criticality approved. Internal resistance (281.9 mΩ) satisfies application thermal envelope. Clean unit with zero component defects."
B258,Power Tool Li-ion Pack (5S),Industrial Tool Rental Surplus,5S,18.0,4.0,72.0,632,2.0,18.46,2.46,175.6,31.8,0.12,Minor Hairline Crack on Corner Bracket,None (0-1%),None,PASS,Normal,Normal,Safe,None (Passed All Thresholds),76.6,55.2,24.9,Moderate (0.018%/cycle),Tier 2: Good (75-84%),Good / Balanced,Operational (Healthy),Accurate / Responsive,Clean & Firm,Damaged Mounting Bracket,Structural Enclosure Hairline Crack,Low (Non-Cell Cosmetic / Ingress Risk),No (Factory Moulded Shell),80,Minor (Epoxy / Seal Patching),Operate Under Sealed Enclosure (Limited Use),PASS (Ingress Safe in Indoor Rack),76.6,55.2,Eligible (Limited Use),Telecom Cell Tower Backup,89,"PASSED SAFETY GATE. Effective SoH: 76.6%, Available Capacity: 55.2 Wh, Peak Power: 24.9 W. Matched to 'Telecom Cell Tower Backup' (Score: 89%). Rationale: Steady high-reliability discharge profile. Internal resistance (175.6 mΩ) satisfies application thermal envelope. Post-repair validated: Structural Enclosure Hairline Crack rectified (₹80)."
B259,LiFePO4 (LFP) Module (4S),Solar Street Light / Telecom Decom,4S,12.8,6.0,76.8,1169,4.0,12.42,3.19,163.4,26.1,0.19,Intact (Good),None (0-1%),None,PASS,Normal,Normal,Safe,None (Passed All Thresholds),66.7,51.2,20.9,Elevated (0.024%/cycle),Tier 3: Moderate (65-74%),Good / Balanced,Operational (Healthy),Faulty / Open Circuit Drift,Clean & Firm,Clean (No Cracks),Temperature Sensor Lead Detachment,Medium (Impaired Thermal Monitoring),Yes,250,Easy (Plug-in NTC Thermistor Swap),Repair & Retest Sensor,PASS (Thermal Loop Verified),66.7,51.2,Eligible (Post-Repair),Rural School Lighting & Labs,83,"PASSED SAFETY GATE. Effective SoH: 66.7%, Available Capacity: 51.2 Wh, Peak Power: 20.9 W. Matched to 'Rural School Lighting & Labs' (Score: 83%). Rationale: Daytime educational load requirement met. Internal resistance (163.4 mΩ) satisfies application thermal envelope. Post-repair validated: Temperature Sensor Lead Detachment rectified (₹250)."
B260,LiFePO4 (LFP) Module (4S),Solar Street Light / Telecom Decom,4S,12.8,6.0,76.8,907,3.5,9.22,3.28,514.5,46.4,0.3,Intact (Good),None (0-1%),None,FAIL,Normal,Micro-Short Detected,Safe,Localized Internal Cell Micro-Short Circuit,N/A (Unsafe),0.0,0.0,Catastrophic,Unfit / Hazardous,Micro-Dendrite Internal Short,Operational (Healthy),Accurate / Responsive,Clean & Firm,Clean (No Cracks),Internal Short Circuit,Critical,No (Inherent Cell Hazard),0,Impossible (Hazardous),Reject & Immediate Recycling,Not Applicable,0.0,0.0,Unfit for Reuse,None (Safety Rejected),0,"EJECTED AT SAFETY GATE: Fails mandatory screening due to Localized Internal Cell Micro-Short Circuit. Under REUSEGRID AI protocol, zero matching score can override a physical safety failure. Battery routed directly to certified closed-loop recycling."
B261,Prismatic Li-ion Module (2S),Telecom Backup Rack Module,2S,7.4,10.0,74.0,555,1.9,7.54,2.13,43.7,25.5,0.34,Intact (Good),None (0-1%),None,PASS,Normal,Normal,Safe,None (Passed All Thresholds),88.2,65.3,26.6,Low (<0.015%/cycle),Tier 1: Excellent (>85%),Good / Balanced,Operational (Healthy),Faulty / Open Circuit Drift,Clean & Firm,Clean (No Cracks),Temperature Sensor Lead Detachment,Medium (Impaired Thermal Monitoring),Yes,400,Easy (Plug-in NTC Thermistor Swap),Repair & Retest Sensor,PASS (Thermal Loop Verified),88.2,65.3,Eligible (Post-Repair),Healthcare Clinic Backup,92,"PASSED SAFETY GATE. Effective SoH: 88.2%, Available Capacity: 65.3 Wh, Peak Power: 26.6 W. Matched to 'Healthcare Clinic Backup' (Score: 92%). Rationale: High criticality approved. Internal resistance (43.7 mΩ) satisfies application thermal envelope. Post-repair validated: Temperature Sensor Lead Detachment rectified (₹400)."
B262,Prismatic Li-ion Module (2S),Telecom Backup Rack Module,2S,7.4,10.0,74.0,922,3.2,7.48,2.74,79.8,29.4,0.16,Intact (Good),None (0-1%),None,PASS,Normal,Normal,Safe,None (Passed All Thresholds),72.5,53.6,23.2,Elevated (0.024%/cycle),Tier 3: Moderate (65-74%),Good / Balanced,Operational (Healthy),Accurate / Responsive,Clean & Firm,Clean (No Cracks),None (Fully Functional),None,Not Applicable,0,None,Direct Second-Life Allocation,Not Applicable (Direct Pass),72.5,53.6,Eligible (Direct),Community Solar Microgrid,86,"PASSED SAFETY GATE. Effective SoH: 72.5%, Available Capacity: 53.6 Wh, Peak Power: 23.2 W. Matched to 'Community Solar Microgrid' (Score: 86%). Rationale: Daily solar diurnal buffering compatible. Internal resistance (79.8 mΩ) satisfies application thermal envelope. Clean unit with zero component defects."
B263,Power Tool Li-ion Pack (5S),Industrial Tool Rental Surplus,5S,18.0,4.0,72.0,378,1.2,17.38,2.39,144.4,26.3,0.39,Intact (Good),None (0-1%),None,PASS,Normal,Normal,Safe,None (Passed All Thresholds),87.4,62.9,23.4,Low (<0.015%/cycle),Tier 1: Excellent (>85%),Good / Balanced,Operational (Healthy),Accurate / Responsive,Clean & Firm,Clean (No Cracks),None (Fully Functional),None,Not Applicable,0,None,Direct Second-Life Allocation,Not Applicable (Direct Pass),87.4,62.9,Eligible (Direct),Healthcare Clinic Backup,92,"PASSED SAFETY GATE. Effective SoH: 87.4%, Available Capacity: 62.9 Wh, Peak Power: 23.4 W. Matched to 'Healthcare Clinic Backup' (Score: 92%). Rationale: High criticality approved. Internal resistance (144.4 mΩ) satisfies application thermal envelope. Clean unit with zero component defects."
B264,Li-ion 18650 Pack (3S),Portable Medical / Tech Return,3S,11.1,4.4,48.8,985,3.7,10.89,1.67,120.7,28.4,0.18,Intact (Good),None (0-1%),None,PASS,Normal,Normal,Safe,None (Passed All Thresholds),64.1,31.3,12.8,Severe (>0.035%/cycle),Tier 4: Highly Degraded (<65%),Good / Balanced,Operational (Healthy),Accurate / Responsive,Clean & Firm,Clean (No Cracks),None (Fully Functional),None,Not Applicable,0,None,De-rate Power & Direct Allocation,Not Applicable (Direct Pass),64.1,31.3,Eligible (Limited Use - Derated),Rural School Lighting & Labs,81,"PASSED SAFETY GATE. Effective SoH: 64.1%, Available Capacity: 31.3 Wh, Peak Power: 12.8 W. Matched to 'Rural School Lighting & Labs' (Score: 81%). Rationale: Daytime educational load requirement met. Internal resistance (120.7 mΩ) satisfies application thermal envelope. Post-repair validated: None (Fully Functional) rectified (₹0)."
B265,LiFePO4 (LFP) Module (4S),Solar Street Light / Telecom Decom,4S,12.8,6.0,76.8,1419,5.2,12.9,2.63,170.3,29.5,0.18,Intact (Good),None (0-1%),None,PASS,Normal,Normal,Safe,None (Passed All Thresholds),57.6,44.2,15.6,Severe (>0.035%/cycle),Tier 4: Highly Degraded (<65%),Good / Balanced,Operational (Healthy),Faulty / Open Circuit Drift,Clean & Firm,Clean (No Cracks),Temperature Sensor Lead Detachment,Medium (Impaired Thermal Monitoring),Yes,320,Easy (Plug-in NTC Thermistor Swap),Repair & Retest Sensor,PASS (Thermal Loop Verified),57.6,44.2,Eligible (Post-Repair),Rural Off-Grid Household,79,"PASSED SAFETY GATE. Effective SoH: 57.6%, Available Capacity: 44.2 Wh, Peak Power: 15.6 W. Matched to 'Rural Off-Grid Household' (Score: 79%). Rationale: Moderate lighting & phone charging load. Internal resistance (170.3 mΩ) satisfies application thermal envelope. Post-repair validated: Temperature Sensor Lead Detachment rectified (₹320)."
B266,Power Tool Li-ion Pack (5S),Industrial Tool Rental Surplus,5S,18.0,4.0,72.0,526,2.1,17.67,2.57,133.3,54.6,2.6,Intact (Good),None (0-1%),None,FAIL,CRITICAL (>50°C rapid rise),Normal,Safe,Thermal Runaway Imminent: Extreme Heat & Temp Velocity,N/A (Unsafe),0.0,0.0,Catastrophic,Unfit / Hazardous,Severe Thermal Stress,Operational (Healthy),Accurate / Responsive,Clean & Firm,Clean (No Cracks),Uncontrolled Cell Overheating,Catastrophic,No (Inherent Cell Hazard),0,Impossible (Hazardous),Reject & Immediate Recycling,Not Applicable,0.0,0.0,Unfit for Reuse,None (Safety Rejected),0,"EJECTED AT SAFETY GATE: Fails mandatory screening due to Thermal Runaway Imminent: Extreme Heat & Temp Velocity. Under REUSEGRID AI protocol, zero matching score can override a physical safety failure. Battery routed directly to certified closed-loop recycling."
B267,Li-ion 18650 Pack (3S),Portable Medical / Tech Return,3S,11.1,4.4,48.8,984,3.8,11.26,2.14,111.8,25.1,0.27,Intact (Good),None (0-1%),None,PASS,Normal,Normal,Safe,None (Passed All Thresholds),71.7,35.0,14.0,Elevated (0.024%/cycle),Tier 3: Moderate (65-74%),Good / Balanced,Operational (Healthy),Accurate / Responsive,Clean & Firm,Clean (No Cracks),None (Fully Functional),None,Not Applicable,0,None,Direct Second-Life Allocation,Not Applicable (Direct Pass),71.7,35.0,Eligible (Direct),Community Solar Microgrid,82,"PASSED SAFETY GATE. Effective SoH: 71.7%, Available Capacity: 35.0 Wh, Peak Power: 14.0 W. Matched to 'Community Solar Microgrid' (Score: 82%). Rationale: Daily solar diurnal buffering compatible. Internal resistance (111.8 mΩ) satisfies application thermal envelope. Clean unit with zero component defects."
B268,Prismatic Li-ion Module (2S),Telecom Backup Rack Module,2S,7.4,10.0,74.0,1382,4.9,7.68,1.43,101.7,25.1,0.23,Intact (Good),None (0-1%),None,PASS,Normal,Normal,Safe,None (Passed All Thresholds),58.0,42.9,15.8,Severe (>0.035%/cycle),Tier 4: Highly Degraded (<65%),Good / Balanced,Operational (Healthy),Accurate / Responsive,Clean & Firm,Clean (No Cracks),None (Fully Functional),None,Not Applicable,0,None,De-rate Power & Direct Allocation,Not Applicable (Direct Pass),58.0,42.9,Eligible (Limited Use - Derated),Rural Off-Grid Household,77,"PASSED SAFETY GATE. Effective SoH: 58.0%, Available Capacity: 42.9 Wh, Peak Power: 15.8 W. Matched to 'Rural Off-Grid Household' (Score: 77%). Rationale: Moderate lighting & phone charging load. Internal resistance (101.7 mΩ) satisfies application thermal envelope. Post-repair validated: None (Fully Functional) rectified (₹0)."
B269,Prismatic Li-ion Module (2S),Telecom Backup Rack Module,2S,7.4,10.0,74.0,1270,4.5,7.11,2.56,89.5,29.3,0.29,Intact (Good),None (0-1%),None,PASS,Normal,Normal,Safe,None (Passed All Thresholds),61.1,45.2,18.0,Severe (>0.035%/cycle),Tier 4: Highly Degraded (<65%),Good / Balanced,Operational (Healthy),Accurate / Responsive,Clean & Firm,Clean (No Cracks),None (Fully Functional),None,Not Applicable,0,None,De-rate Power & Direct Allocation,Not Applicable (Direct Pass),61.1,45.2,Eligible (Limited Use - Derated),Rural Off-Grid Household,76,"PASSED SAFETY GATE. Effective SoH: 61.1%, Available Capacity: 45.2 Wh, Peak Power: 18.0 W. Matched to 'Rural Off-Grid Household' (Score: 76%). Rationale: Moderate lighting & phone charging load. Internal resistance (89.5 mΩ) satisfies application thermal envelope. Post-repair validated: None (Fully Functional) rectified (₹0)."
B270,NMC Light-EV Pack (10S),Shared E-Scooter Fleet Fleet Retire,10S,36.0,7.8,280.8,365,1.1,35.28,1.69,214.4,53.9,3.39,Intact (Good),None (0-1%),None,FAIL,CRITICAL (>50°C rapid rise),Normal,Safe,Thermal Runaway Imminent: Extreme Heat & Temp Velocity,N/A (Unsafe),0.0,0.0,Catastrophic,Unfit / Hazardous,Severe Thermal Stress,Operational (Healthy),Accurate / Responsive,Clean & Firm,Clean (No Cracks),Uncontrolled Cell Overheating,Catastrophic,No (Inherent Cell Hazard),0,Impossible (Hazardous),Reject & Immediate Recycling,Not Applicable,0.0,0.0,Unfit for Reuse,None (Safety Rejected),0,"EJECTED AT SAFETY GATE: Fails mandatory screening due to Thermal Runaway Imminent: Extreme Heat & Temp Velocity. Under REUSEGRID AI protocol, zero matching score can override a physical safety failure. Battery routed directly to certified closed-loop recycling."
B271,Power Tool Li-ion Pack (5S),Industrial Tool Rental Surplus,5S,18.0,4.0,72.0,836,3.2,18.62,2.45,185.5,26.4,0.29,Minor Hairline Crack on Corner Bracket,None (0-1%),None,PASS,Normal,Normal,Safe,None (Passed All Thresholds),76.3,54.9,27.4,Moderate (0.018%/cycle),Tier 2: Good (75-84%),Good / Balanced,Operational (Healthy),Accurate / Responsive,Clean & Firm,Damaged Mounting Bracket,Structural Enclosure Hairline Crack,Low (Non-Cell Cosmetic / Ingress Risk),No (Factory Moulded Shell),80,Minor (Epoxy / Seal Patching),Operate Under Sealed Enclosure (Limited Use),PASS (Ingress Safe in Indoor Rack),76.3,54.9,Eligible (Limited Use),Telecom Cell Tower Backup,89,"PASSED SAFETY GATE. Effective SoH: 76.3%, Available Capacity: 54.9 Wh, Peak Power: 27.4 W. Matched to 'Telecom Cell Tower Backup' (Score: 89%). Rationale: Steady high-reliability discharge profile. Internal resistance (185.5 mΩ) satisfies application thermal envelope. Post-repair validated: Structural Enclosure Hairline Crack rectified (₹80)."
B272,NMC Light-EV Pack (10S),Shared E-Scooter Fleet Fleet Retire,10S,36.0,7.8,280.8,752,2.4,36.11,1.82,312.7,27.6,0.37,Intact (Good),None (0-1%),None,PASS,Normal,Normal,Safe,None (Passed All Thresholds),80.8,226.9,109.7,Moderate (0.018%/cycle),Tier 2: Good (75-84%),Good / Balanced,BMS Protection Lock / Blown MOSFET,Accurate / Responsive,Clean & Firm,Clean (No Cracks),BMS Discharge Port Fault,High (Output Power Blocked/Erratic),Yes,850,Moderate (Modular BMS Replacement),Replace BMS Board & Calibrate,FAIL (Damaged Cell Voltage Taps),0.0,0.0,Unfit for Reuse,None (Post-Repair Fail),0,UNFIT: New BMS installed but cell sensing taps detected unrecoverable internal cell imbalance. Recycled.
B273,NMC Light-EV Pack (10S),Shared E-Scooter Fleet Fleet Retire,10S,36.0,7.8,280.8,1051,3.8,35.79,2.22,453.9,54.0,4.34,Intact (Good),None (0-1%),None,FAIL,CRITICAL (>50°C rapid rise),Normal,Safe,Thermal Runaway Imminent: Extreme Heat & Temp Velocity,N/A (Unsafe),0.0,0.0,Catastrophic,Unfit / Hazardous,Severe Thermal Stress,Operational (Healthy),Accurate / Responsive,Clean & Firm,Clean (No Cracks),Uncontrolled Cell Overheating,Catastrophic,No (Inherent Cell Hazard),0,Impossible (Hazardous),Reject & Immediate Recycling,Not Applicable,0.0,0.0,Unfit for Reuse,None (Safety Rejected),0,"EJECTED AT SAFETY GATE: Fails mandatory screening due to Thermal Runaway Imminent: Extreme Heat & Temp Velocity. Under REUSEGRID AI protocol, zero matching score can override a physical safety failure. Battery routed directly to certified closed-loop recycling."
B274,NMC Light-EV Pack (10S),Shared E-Scooter Fleet Fleet Retire,10S,36.0,7.8,280.8,682,2.2,35.97,3.33,261.6,25.7,0.33,Intact (Good),None (0-1%),None,PASS,Normal,Normal,Safe,None (Passed All Thresholds),80.5,226.0,97.6,Moderate (0.018%/cycle),Tier 2: Good (75-84%),Good / Balanced,Operational (Healthy),Accurate / Responsive,Clean & Firm,Clean (No Cracks),None (Fully Functional),None,Not Applicable,0,None,Direct Second-Life Allocation,Not Applicable (Direct Pass),80.5,226.0,Eligible (Direct),Emergency Disaster Shelter,89,"PASSED SAFETY GATE. Effective SoH: 80.5%, Available Capacity: 226.0 Wh, Peak Power: 97.6 W. Matched to 'Emergency Disaster Shelter' (Score: 89%). Rationale: Robust emergency resilience match. Internal resistance (261.6 mΩ) satisfies application thermal envelope. Clean unit with zero component defects."
B275,Power Tool Li-ion Pack (5S),Industrial Tool Rental Surplus,5S,18.0,4.0,72.0,533,1.7,18.45,2.78,145.7,25.8,0.19,Intact (Good),None (0-1%),None,PASS,Normal,Normal,Safe,None (Passed All Thresholds),86.6,62.4,25.7,Low (<0.015%/cycle),Tier 1: Excellent (>85%),Good / Balanced,Operational (Healthy),Accurate / Responsive,Clean & Firm,Clean (No Cracks),None (Fully Functional),None,Not Applicable,0,None,Direct Second-Life Allocation,Not Applicable (Direct Pass),86.6,62.4,Eligible (Direct),Healthcare Clinic Backup,92,"PASSED SAFETY GATE. Effective SoH: 86.6%, Available Capacity: 62.4 Wh, Peak Power: 25.7 W. Matched to 'Healthcare Clinic Backup' (Score: 92%). Rationale: High criticality approved. Internal resistance (145.7 mΩ) satisfies application thermal envelope. Clean unit with zero component defects."
B276,Li-ion 18650 Pack (3S),Portable Medical / Tech Return,3S,11.1,4.4,48.8,746,2.7,11.36,1.91,112.4,31.4,0.39,Intact (Good),None (0-1%),None,PASS,Normal,Normal,Safe,None (Passed All Thresholds),73.2,35.7,14.8,Elevated (0.024%/cycle),Tier 3: Moderate (65-74%),Good / Balanced,Operational (Healthy),Accurate / Responsive,Oxidized Terminals / Damaged XT60 Pin,Clean (No Cracks),High-Resistance Connector Degradation,Medium (Localized Contact Heating),Yes,120,Easy (Terminal Re-crimp & Re-soldering),Replace Connector Harness,PASS (Contact Resistance < 5 mOhm),73.2,35.7,Eligible (Post-Repair),Community Solar Microgrid,82,"PASSED SAFETY GATE. Effective SoH: 73.2%, Available Capacity: 35.7 Wh, Peak Power: 14.8 W. Matched to 'Community Solar Microgrid' (Score: 82%). Rationale: Daily solar diurnal buffering compatible. Internal resistance (112.4 mΩ) satisfies application thermal envelope. Post-repair validated: High-Resistance Connector Degradation rectified (₹120)."
B277,Li-ion 18650 Pack (4S),Robotics / Drone Fleet Return,4S,14.8,5.2,77.0,737,3.0,14.44,3.18,113.0,29.7,0.35,Chemical Residue & Vent Breach,None (0-1%),Active Electrolyte Leakage / Corrosion,FAIL,Normal,Normal,CRITICAL (Chemical Hazard),Safety Vent Ruptured & Toxic Chemical Egress,N/A (Unsafe),0.0,0.0,Catastrophic,Unfit / Hazardous,Good / Balanced,Operational (Healthy),Accurate / Responsive,Clean & Firm,Clean (No Cracks),Seal Rupture & Electrolyte Evaporation,Catastrophic,No (Inherent Cell Hazard),0,Impossible (Hazardous),Reject & Immediate Recycling,Not Applicable,0.0,0.0,Unfit for Reuse,None (Safety Rejected),0,"EJECTED AT SAFETY GATE: Fails mandatory screening due to Safety Vent Ruptured & Toxic Chemical Egress. Under REUSEGRID AI protocol, zero matching score can override a physical safety failure. Battery routed directly to certified closed-loop recycling."
B278,Power Tool Li-ion Pack (5S),Industrial Tool Rental Surplus,5S,18.0,4.0,72.0,999,3.6,17.54,2.8,215.3,26.6,0.14,Intact (Good),None (0-1%),None,PASS,Normal,Normal,Safe,None (Passed All Thresholds),66.6,48.0,18.4,Elevated (0.024%/cycle),Tier 3: Moderate (65-74%),Good / Balanced,Operational (Healthy),Accurate / Responsive,Clean & Firm,Clean (No Cracks),None (Fully Functional),None,Not Applicable,0,None,De-rate Power & Direct Allocation,Not Applicable (Direct Pass),66.6,48.0,Eligible (Limited Use - Derated),Rural School Lighting & Labs,76,"PASSED SAFETY GATE. Effective SoH: 66.6%, Available Capacity: 48.0 Wh, Peak Power: 18.4 W. Matched to 'Rural School Lighting & Labs' (Score: 76%). Rationale: Daytime educational load requirement met. Internal resistance (215.3 mΩ) satisfies application thermal envelope. Post-repair validated: None (Fully Functional) rectified (₹0)."
B279,Power Tool Li-ion Pack (5S),Industrial Tool Rental Surplus,5S,18.0,4.0,72.0,961,3.6,17.31,1.58,178.6,31.2,0.17,Minor Hairline Crack on Corner Bracket,None (0-1%),None,PASS,Normal,Normal,Safe,None (Passed All Thresholds),66.9,48.2,20.3,Elevated (0.024%/cycle),Tier 3: Moderate (65-74%),Good / Balanced,Operational (Healthy),Accurate / Responsive,Clean & Firm,Damaged Mounting Bracket,Structural Enclosure Hairline Crack,Low (Non-Cell Cosmetic / Ingress Risk),No (Factory Moulded Shell),80,Minor (Epoxy / Seal Patching),Operate Under Sealed Enclosure (Limited Use),PASS (Ingress Safe in Indoor Rack),66.9,48.2,Eligible (Limited Use),Rural School Lighting & Labs,77,"PASSED SAFETY GATE. Effective SoH: 66.9%, Available Capacity: 48.2 Wh, Peak Power: 20.3 W. Matched to 'Rural School Lighting & Labs' (Score: 77%). Rationale: Daytime educational load requirement met. Internal resistance (178.6 mΩ) satisfies application thermal envelope. Post-repair validated: Structural Enclosure Hairline Crack rectified (₹80)."
B280,NMC Light-EV Pack (10S),Shared E-Scooter Fleet Fleet Retire,10S,36.0,7.8,280.8,502,1.9,35.69,1.74,274.5,26.5,0.39,Intact (Good),None (0-1%),None,PASS,Normal,Normal,Safe,None (Passed All Thresholds),80.0,224.6,106.3,Moderate (0.018%/cycle),Tier 2: Good (75-84%),Good / Balanced,Operational (Healthy),Accurate / Responsive,Clean & Firm,Clean (No Cracks),None (Fully Functional),None,Not Applicable,0,None,Direct Second-Life Allocation,Not Applicable (Direct Pass),80.0,224.6,Eligible (Direct),Emergency Disaster Shelter,89,"PASSED SAFETY GATE. Effective SoH: 80.0%, Available Capacity: 224.6 Wh, Peak Power: 106.3 W. Matched to 'Emergency Disaster Shelter' (Score: 89%). Rationale: Robust emergency resilience match. Internal resistance (274.5 mΩ) satisfies application thermal envelope. Clean unit with zero component defects."
B281,LiFePO4 (LFP) Module (4S),Solar Street Light / Telecom Decom,4S,12.8,6.0,76.8,658,2.4,12.46,2.35,114.8,27.9,0.36,Intact (Good),None (0-1%),None,PASS,Normal,Normal,Safe,None (Passed All Thresholds),87.0,66.8,31.8,Low (<0.015%/cycle),Tier 1: Excellent (>85%),Good / Balanced,Operational (Healthy),Accurate / Responsive,Clean & Firm,Clean (No Cracks),None (Fully Functional),None,Not Applicable,0,None,Direct Second-Life Allocation,Not Applicable (Direct Pass),87.0,66.8,Eligible (Direct),Healthcare Clinic Backup,93,"PASSED SAFETY GATE. Effective SoH: 87.0%, Available Capacity: 66.8 Wh, Peak Power: 31.8 W. Matched to 'Healthcare Clinic Backup' (Score: 93%). Rationale: High criticality approved. Internal resistance (114.8 mΩ) satisfies application thermal envelope. Clean unit with zero component defects."
B282,NMC Light-EV Pack (10S),Shared E-Scooter Fleet Fleet Retire,10S,36.0,7.8,280.8,395,1.5,36.55,1.67,237.5,27.7,0.37,Intact (Good),None (0-1%),None,PASS,Normal,Normal,Safe,None (Passed All Thresholds),87.0,244.3,95.5,Low (<0.015%/cycle),Tier 1: Excellent (>85%),Good / Balanced,BMS Protection Lock / Blown MOSFET,Accurate / Responsive,Clean & Firm,Clean (No Cracks),BMS Discharge Port Fault,High (Output Power Blocked/Erratic),Yes,1100,Moderate (Modular BMS Replacement),Replace BMS Board & Calibrate,FAIL (Damaged Cell Voltage Taps),0.0,0.0,Unfit for Reuse,None (Post-Repair Fail),0,UNFIT: New BMS installed but cell sensing taps detected unrecoverable internal cell imbalance. Recycled.
B283,Li-ion 18650 Pack (3S),Portable Medical / Tech Return,3S,11.1,4.4,48.8,739,2.6,11.21,2.78,95.8,26.8,0.1,Intact (Good),None (0-1%),None,PASS,Normal,Normal,Safe,None (Passed All Thresholds),78.1,38.1,18.8,Moderate (0.018%/cycle),Tier 2: Good (75-84%),Good / Balanced,Operational (Healthy),Accurate / Responsive,Clean & Firm,Clean (No Cracks),None (Fully Functional),None,Not Applicable,0,None,Direct Second-Life Allocation,Not Applicable (Direct Pass),78.1,38.1,Eligible (Direct),Community Solar Microgrid,83,"PASSED SAFETY GATE. Effective SoH: 78.1%, Available Capacity: 38.1 Wh, Peak Power: 18.8 W. Matched to 'Community Solar Microgrid' (Score: 83%). Rationale: Daily solar diurnal buffering compatible. Internal resistance (95.8 mΩ) satisfies application thermal envelope. Clean unit with zero component defects."
B284,Li-ion 18650 Pack (4S),Robotics / Drone Fleet Return,4S,14.8,5.2,77.0,1124,4.3,15.15,2.24,161.8,26.3,0.36,Intact (Good),None (0-1%),None,PASS,Normal,Normal,Safe,None (Passed All Thresholds),66.1,50.9,26.8,Elevated (0.024%/cycle),Tier 3: Moderate (65-74%),Good / Balanced,Operational (Healthy),Accurate / Responsive,Clean & Firm,Clean (No Cracks),None (Fully Functional),None,Not Applicable,0,None,De-rate Power & Direct Allocation,Not Applicable (Direct Pass),66.1,50.9,Eligible (Limited Use - Derated),Rural School Lighting & Labs,79,"PASSED SAFETY GATE. Effective SoH: 66.1%, Available Capacity: 50.9 Wh, Peak Power: 26.8 W. Matched to 'Rural School Lighting & Labs' (Score: 79%). Rationale: Daytime educational load requirement met. Internal resistance (161.8 mΩ) satisfies application thermal envelope. Post-repair validated: None (Fully Functional) rectified (₹0)."
B285,LiFePO4 (LFP) Module (4S),Solar Street Light / Telecom Decom,4S,12.8,6.0,76.8,343,1.2,13.28,1.35,107.7,29.5,0.12,Intact (Good),None (0-1%),None,PASS,Normal,Normal,Safe,None (Passed All Thresholds),89.0,68.4,29.1,Low (<0.015%/cycle),Tier 1: Excellent (>85%),Good / Balanced,Operational (Healthy),Accurate / Responsive,Clean & Firm,Clean (No Cracks),None (Fully Functional),None,Not Applicable,0,None,Direct Second-Life Allocation,Not Applicable (Direct Pass),89.0,68.4,Eligible (Direct),Healthcare Clinic Backup,96,"PASSED SAFETY GATE. Effective SoH: 89.0%, Available Capacity: 68.4 Wh, Peak Power: 29.1 W. Matched to 'Healthcare Clinic Backup' (Score: 96%). Rationale: High criticality approved. Internal resistance (107.7 mΩ) satisfies application thermal envelope. Clean unit with zero component defects."
B286,Li-ion 18650 Pack (4S),Robotics / Drone Fleet Return,4S,14.8,5.2,77.0,673,2.8,14.62,2.06,135.6,25.5,0.21,Intact (Good),None (0-1%),None,PASS,Normal,Normal,Safe,None (Passed All Thresholds),72.7,56.0,27.7,Elevated (0.024%/cycle),Tier 3: Moderate (65-74%),Good / Balanced,BMS Protection Lock / Blown MOSFET,Accurate / Responsive,Clean & Firm,Clean (No Cracks),BMS Discharge Port Fault,High (Output Power Blocked/Erratic),Yes,650,Moderate (Modular BMS Replacement),Replace BMS Board & Calibrate,PASS (Protection Thresholds Verified),74.7,57.5,Eligible (Post-Repair),Community Solar Microgrid,85,"PASSED SAFETY GATE. Effective SoH: 74.7%, Available Capacity: 57.5 Wh, Peak Power: 27.7 W. Matched to 'Community Solar Microgrid' (Score: 85%). Rationale: Daily solar diurnal buffering compatible. Internal resistance (135.6 mΩ) satisfies application thermal envelope. Post-repair validated: BMS Discharge Port Fault rectified (₹650)."
B287,NMC Light-EV Pack (10S),Shared E-Scooter Fleet Fleet Retire,10S,36.0,7.8,280.8,949,3.1,34.58,3.05,340.2,30.4,0.26,Intact (Good),None (0-1%),None,PASS,Normal,Normal,Safe,None (Passed All Thresholds),74.9,210.3,76.4,Elevated (0.024%/cycle),Tier 3: Moderate (65-74%),Good / Balanced,Operational (Healthy),Accurate / Responsive,Clean & Firm,Clean (No Cracks),None (Fully Functional),None,Not Applicable,0,None,Direct Second-Life Allocation,Not Applicable (Direct Pass),74.9,210.3,Eligible (Direct),Community Solar Microgrid,86,"PASSED SAFETY GATE. Effective SoH: 74.9%, Available Capacity: 210.3 Wh, Peak Power: 76.4 W. Matched to 'Community Solar Microgrid' (Score: 86%). Rationale: Daily solar diurnal buffering compatible. Internal resistance (340.2 mΩ) satisfies application thermal envelope. Clean unit with zero component defects."
B288,NMC Light-EV Pack (10S),Shared E-Scooter Fleet Fleet Retire,10S,36.0,7.8,280.8,812,3.1,34.96,2.74,327.3,29.3,0.32,Intact (Good),None (0-1%),None,PASS,Normal,Normal,Safe,None (Passed All Thresholds),78.3,219.9,84.4,Moderate (0.018%/cycle),Tier 2: Good (75-84%),Good / Balanced,Operational (Healthy),Faulty / Open Circuit Drift,Clean & Firm,Clean (No Cracks),Temperature Sensor Lead Detachment,Medium (Impaired Thermal Monitoring),Yes,320,Easy (Plug-in NTC Thermistor Swap),Repair & Retest Sensor,PASS (Thermal Loop Verified),78.3,219.9,Eligible (Post-Repair),Emergency Disaster Shelter,86,"PASSED SAFETY GATE. Effective SoH: 78.3%, Available Capacity: 219.9 Wh, Peak Power: 84.4 W. Matched to 'Emergency Disaster Shelter' (Score: 86%). Rationale: Robust emergency resilience match. Internal resistance (327.3 mΩ) satisfies application thermal envelope. Post-repair validated: Temperature Sensor Lead Detachment rectified (₹320)."
B289,Prismatic Li-ion Module (2S),Telecom Backup Rack Module,2S,7.4,10.0,74.0,1220,4.6,7.49,3.24,88.9,29.1,0.29,Intact (Good),None (0-1%),None,PASS,Normal,Normal,Safe,None (Passed All Thresholds),64.2,47.5,18.1,Severe (>0.035%/cycle),Tier 4: Highly Degraded (<65%),Good / Balanced,Operational (Healthy),Accurate / Responsive,Clean & Firm,Clean (No Cracks),None (Fully Functional),None,Not Applicable,0,None,De-rate Power & Direct Allocation,Not Applicable (Direct Pass),64.2,47.5,Eligible (Limited Use - Derated),Rural School Lighting & Labs,79,"PASSED SAFETY GATE. Effective SoH: 64.2%, Available Capacity: 47.5 Wh, Peak Power: 18.1 W. Matched to 'Rural School Lighting & Labs' (Score: 79%). Rationale: Daytime educational load requirement met. Internal resistance (88.9 mΩ) satisfies application thermal envelope. Post-repair validated: None (Fully Functional) rectified (₹0)."
B290,Li-ion 18650 Pack (3S),Portable Medical / Tech Return,3S,11.1,4.4,48.8,959,3.3,10.85,2.18,102.6,31.4,0.25,Intact (Good),None (0-1%),None,PASS,Normal,Normal,Safe,None (Passed All Thresholds),69.8,34.1,13.2,Elevated (0.024%/cycle),Tier 3: Moderate (65-74%),Good / Balanced,Operational (Healthy),Accurate / Responsive,Clean & Firm,Clean (No Cracks),None (Fully Functional),None,Not Applicable,0,None,De-rate Power & Direct Allocation,Not Applicable (Direct Pass),69.8,34.1,Eligible (Limited Use - Derated),Rural School Lighting & Labs,76,"PASSED SAFETY GATE. Effective SoH: 69.8%, Available Capacity: 34.1 Wh, Peak Power: 13.2 W. Matched to 'Rural School Lighting & Labs' (Score: 76%). Rationale: Daytime educational load requirement met. Internal resistance (102.6 mΩ) satisfies application thermal envelope. Post-repair validated: None (Fully Functional) rectified (₹0)."
B291,LiFePO4 (LFP) Module (4S),Solar Street Light / Telecom Decom,4S,12.8,6.0,76.8,934,3.3,12.57,2.79,156.2,26.8,0.38,Intact (Good),None (0-1%),None,PASS,Normal,Normal,Safe,None (Passed All Thresholds),74.3,57.1,27.3,Elevated (0.024%/cycle),Tier 3: Moderate (65-74%),Good / Balanced,Operational (Healthy),Accurate / Responsive,Clean & Firm,Clean (No Cracks),None (Fully Functional),None,Not Applicable,0,None,Direct Second-Life Allocation,Not Applicable (Direct Pass),74.3,57.1,Eligible (Direct),Community Solar Microgrid,82,"PASSED SAFETY GATE. Effective SoH: 74.3%, Available Capacity: 57.1 Wh, Peak Power: 27.3 W. Matched to 'Community Solar Microgrid' (Score: 82%). Rationale: Daily solar diurnal buffering compatible. Internal resistance (156.2 mΩ) satisfies application thermal envelope. Clean unit with zero component defects."
B292,Prismatic Li-ion Module (2S),Telecom Backup Rack Module,2S,7.4,10.0,74.0,541,1.8,7.26,2.72,65.8,30.7,0.33,Intact (Good),None (0-1%),None,PASS,Normal,Normal,Safe,None (Passed All Thresholds),80.8,59.8,30.0,Moderate (0.018%/cycle),Tier 2: Good (75-84%),Good / Balanced,Operational (Healthy),Accurate / Responsive,Clean & Firm,Clean (No Cracks),None (Fully Functional),None,Not Applicable,0,None,Direct Second-Life Allocation,Not Applicable (Direct Pass),80.8,59.8,Eligible (Direct),Emergency Disaster Shelter,86,"PASSED SAFETY GATE. Effective SoH: 80.8%, Available Capacity: 59.8 Wh, Peak Power: 30.0 W. Matched to 'Emergency Disaster Shelter' (Score: 86%). Rationale: Robust emergency resilience match. Internal resistance (65.8 mΩ) satisfies application thermal envelope. Clean unit with zero component defects."
B293,Li-ion 18650 Pack (4S),Robotics / Drone Fleet Return,4S,14.8,5.2,77.0,361,1.5,14.52,1.28,88.3,31.2,0.17,Intact (Good),None (0-1%),None,PASS,Normal,Normal,Safe,None (Passed All Thresholds),85.4,65.8,30.4,Low (<0.015%/cycle),Tier 1: Excellent (>85%),Good / Balanced,Operational (Healthy),Accurate / Responsive,Clean & Firm,Clean (No Cracks),None (Fully Functional),None,Not Applicable,0,None,Direct Second-Life Allocation,Not Applicable (Direct Pass),85.4,65.8,Eligible (Direct),Healthcare Clinic Backup,90,"PASSED SAFETY GATE. Effective SoH: 85.4%, Available Capacity: 65.8 Wh, Peak Power: 30.4 W. Matched to 'Healthcare Clinic Backup' (Score: 90%). Rationale: High criticality approved. Internal resistance (88.3 mΩ) satisfies application thermal envelope. Clean unit with zero component defects."
B294,Power Tool Li-ion Pack (5S),Industrial Tool Rental Surplus,5S,18.0,4.0,72.0,901,3.1,18.47,3.14,192.1,26.7,0.27,Intact (Good),None (0-1%),None,PASS,Normal,Normal,Safe,None (Passed All Thresholds),76.0,54.7,19.9,Moderate (0.018%/cycle),Tier 2: Good (75-84%),Good / Balanced,Operational (Healthy),Faulty / Open Circuit Drift,Clean & Firm,Clean (No Cracks),Temperature Sensor Lead Detachment,Medium (Impaired Thermal Monitoring),Yes,320,Easy (Plug-in NTC Thermistor Swap),Repair & Retest Sensor,PASS (Thermal Loop Verified),76.0,54.7,Eligible (Post-Repair),Telecom Cell Tower Backup,83,"PASSED SAFETY GATE. Effective SoH: 76.0%, Available Capacity: 54.7 Wh, Peak Power: 19.9 W. Matched to 'Telecom Cell Tower Backup' (Score: 83%). Rationale: Steady high-reliability discharge profile. Internal resistance (192.1 mΩ) satisfies application thermal envelope. Post-repair validated: Temperature Sensor Lead Detachment rectified (₹320)."
B295,Li-ion 18650 Pack (3S),Portable Medical / Tech Return,3S,11.1,4.4,48.8,1606,5.7,5.0,1.76,167.2,25.3,0.22,Intact (Good),None (0-1%),None,FAIL,Normal,CRITICAL (Deep Discharge Under-Voltage),Safe,Copper Shunt / Dendrite Short Risk (<2.0V/cell),N/A (Unsafe),0.0,0.0,Catastrophic,Unfit / Hazardous,Dead Cell / Inversion,Operational (Healthy),Accurate / Responsive,Clean & Firm,Clean (No Cracks),Irreversible Cell Over-discharge,Critical,No (Inherent Cell Hazard),0,Impossible (Hazardous),Reject & Immediate Recycling,Not Applicable,0.0,0.0,Unfit for Reuse,None (Safety Rejected),0,"EJECTED AT SAFETY GATE: Fails mandatory screening due to Copper Shunt / Dendrite Short Risk (<2.0V/cell). Under REUSEGRID AI protocol, zero matching score can override a physical safety failure. Battery routed directly to certified closed-loop recycling."
B296,Power Tool Li-ion Pack (5S),Industrial Tool Rental Surplus,5S,18.0,4.0,72.0,612,2.4,17.61,1.23,182.4,30.4,0.29,Intact (Good),None (0-1%),None,PASS,Normal,Normal,Safe,None (Passed All Thresholds),75.2,54.1,27.2,Moderate (0.018%/cycle),Tier 2: Good (75-84%),Good / Balanced,Operational (Healthy),Accurate / Responsive,Clean & Firm,Clean (No Cracks),None (Fully Functional),None,Not Applicable,0,None,Direct Second-Life Allocation,Not Applicable (Direct Pass),75.2,54.1,Eligible (Direct),Telecom Cell Tower Backup,83,"PASSED SAFETY GATE. Effective SoH: 75.2%, Available Capacity: 54.1 Wh, Peak Power: 27.2 W. Matched to 'Telecom Cell Tower Backup' (Score: 83%). Rationale: Steady high-reliability discharge profile. Internal resistance (182.4 mΩ) satisfies application thermal envelope. Clean unit with zero component defects."
B297,Power Tool Li-ion Pack (5S),Industrial Tool Rental Surplus,5S,18.0,4.0,72.0,1126,4.2,18.13,2.54,201.0,31.9,0.33,Intact (Good),None (0-1%),None,PASS,Normal,Normal,Safe,None (Passed All Thresholds),73.5,52.9,23.2,Elevated (0.024%/cycle),Tier 3: Moderate (65-74%),Good / Balanced,Operational (Healthy),Accurate / Responsive,Clean & Firm,Clean (No Cracks),None (Fully Functional),None,Not Applicable,0,None,Direct Second-Life Allocation,Not Applicable (Direct Pass),73.5,52.9,Eligible (Direct),Community Solar Microgrid,85,"PASSED SAFETY GATE. Effective SoH: 73.5%, Available Capacity: 52.9 Wh, Peak Power: 23.2 W. Matched to 'Community Solar Microgrid' (Score: 85%). Rationale: Daily solar diurnal buffering compatible. Internal resistance (201.0 mΩ) satisfies application thermal envelope. Clean unit with zero component defects."
B298,NMC Light-EV Pack (10S),Shared E-Scooter Fleet Fleet Retire,10S,36.0,7.8,280.8,636,2.1,20.91,2.41,321.2,26.5,0.4,Intact (Good),None (0-1%),None,FAIL,Normal,CRITICAL (Deep Discharge Under-Voltage),Safe,Copper Shunt / Dendrite Short Risk (<2.0V/cell),N/A (Unsafe),0.0,0.0,Catastrophic,Unfit / Hazardous,Dead Cell / Inversion,Operational (Healthy),Accurate / Responsive,Clean & Firm,Clean (No Cracks),Irreversible Cell Over-discharge,Critical,No (Inherent Cell Hazard),0,Impossible (Hazardous),Reject & Immediate Recycling,Not Applicable,0.0,0.0,Unfit for Reuse,None (Safety Rejected),0,"EJECTED AT SAFETY GATE: Fails mandatory screening due to Copper Shunt / Dendrite Short Risk (<2.0V/cell). Under REUSEGRID AI protocol, zero matching score can override a physical safety failure. Battery routed directly to certified closed-loop recycling."
B299,Prismatic Li-ion Module (2S),Telecom Backup Rack Module,2S,7.4,10.0,74.0,1076,4.0,7.5,2.76,82.1,27.6,0.38,Intact (Good),None (0-1%),None,PASS,Normal,Normal,Safe,None (Passed All Thresholds),65.9,48.8,18.7,Elevated (0.024%/cycle),Tier 3: Moderate (65-74%),Good / Balanced,Operational (Healthy),Accurate / Responsive,Clean & Firm,Clean (No Cracks),None (Fully Functional),None,Not Applicable,0,None,De-rate Power & Direct Allocation,Not Applicable (Direct Pass),65.9,48.8,Eligible (Limited Use - Derated),Rural School Lighting & Labs,80,"PASSED SAFETY GATE. Effective SoH: 65.9%, Available Capacity: 48.8 Wh, Peak Power: 18.7 W. Matched to 'Rural School Lighting & Labs' (Score: 80%). Rationale: Daytime educational load requirement met. Internal resistance (82.1 mΩ) satisfies application thermal envelope. Post-repair validated: None (Fully Functional) rectified (₹0)."
B300,LiFePO4 (LFP) Module (4S),Solar Street Light / Telecom Decom,4S,12.8,6.0,76.8,928,3.5,12.94,2.58,147.6,26.3,0.31,Intact (Good),None (0-1%),None,PASS,Normal,Normal,Safe,None (Passed All Thresholds),67.6,51.9,22.9,Elevated (0.024%/cycle),Tier 3: Moderate (65-74%),Good / Balanced,Operational (Healthy),Accurate / Responsive,Clean & Firm,Clean (No Cracks),None (Fully Functional),None,Not Applicable,0,None,De-rate Power & Direct Allocation,Not Applicable (Direct Pass),67.6,51.9,Eligible (Limited Use - Derated),Rural School Lighting & Labs,81,"PASSED SAFETY GATE. Effective SoH: 67.6%, Available Capacity: 51.9 Wh, Peak Power: 22.9 W. Matched to 'Rural School Lighting & Labs' (Score: 81%). Rationale: Daytime educational load requirement met. Internal resistance (147.6 mΩ) satisfies application thermal envelope. Post-repair validated: None (Fully Functional) rectified (₹0)."
B301,NMC Light-EV Pack (10S),Shared E-Scooter Fleet Fleet Retire,10S,36.0,7.8,280.8,1126,3.8,36.87,3.41,400.5,28.8,0.25,Intact (Good),None (0-1%),None,PASS,Normal,Normal,Safe,None (Passed All Thresholds),72.7,204.1,87.8,Elevated (0.024%/cycle),Tier 3: Moderate (65-74%),Good / Balanced,Operational (Healthy),Accurate / Responsive,Clean & Firm,Clean (No Cracks),None (Fully Functional),None,Not Applicable,0,None,Direct Second-Life Allocation,Not Applicable (Direct Pass),72.7,204.1,Eligible (Direct),Community Solar Microgrid,80,"PASSED SAFETY GATE. Effective SoH: 72.7%, Available Capacity: 204.1 Wh, Peak Power: 87.8 W. Matched to 'Community Solar Microgrid' (Score: 80%). Rationale: Daily solar diurnal buffering compatible. Internal resistance (400.5 mΩ) satisfies application thermal envelope. Clean unit with zero component defects."
B302,Power Tool Li-ion Pack (5S),Industrial Tool Rental Surplus,5S,18.0,4.0,72.0,801,2.8,17.79,1.32,173.2,25.2,0.23,Chemical Residue & Vent Breach,None (0-1%),Active Electrolyte Leakage / Corrosion,FAIL,Normal,Normal,CRITICAL (Chemical Hazard),Safety Vent Ruptured & Toxic Chemical Egress,N/A (Unsafe),0.0,0.0,Catastrophic,Unfit / Hazardous,Good / Balanced,Operational (Healthy),Accurate / Responsive,Clean & Firm,Clean (No Cracks),Seal Rupture & Electrolyte Evaporation,Catastrophic,No (Inherent Cell Hazard),0,Impossible (Hazardous),Reject & Immediate Recycling,Not Applicable,0.0,0.0,Unfit for Reuse,None (Safety Rejected),0,"EJECTED AT SAFETY GATE: Fails mandatory screening due to Safety Vent Ruptured & Toxic Chemical Egress. Under REUSEGRID AI protocol, zero matching score can override a physical safety failure. Battery routed directly to certified closed-loop recycling."
B303,Prismatic Li-ion Module (2S),Telecom Backup Rack Module,2S,7.4,10.0,74.0,836,3.3,7.61,3.24,65.5,26.4,0.32,Intact (Good),None (0-1%),None,PASS,Normal,Normal,Safe,None (Passed All Thresholds),75.8,56.1,22.8,Moderate (0.018%/cycle),Tier 2: Good (75-84%),Good / Balanced,Operational (Healthy),Accurate / Responsive,Oxidized Terminals / Damaged XT60 Pin,Clean (No Cracks),High-Resistance Connector Degradation,Medium (Localized Contact Heating),Yes,120,Easy (Terminal Re-crimp & Re-soldering),Replace Connector Harness,PASS (Contact Resistance < 5 mOhm),75.8,56.1,Eligible (Post-Repair),Telecom Cell Tower Backup,90,"PASSED SAFETY GATE. Effective SoH: 75.8%, Available Capacity: 56.1 Wh, Peak Power: 22.8 W. Matched to 'Telecom Cell Tower Backup' (Score: 90%). Rationale: Steady high-reliability discharge profile. Internal resistance (65.5 mΩ) satisfies application thermal envelope. Post-repair validated: High-Resistance Connector Degradation rectified (₹120)."
B304,Li-ion 18650 Pack (3S),Portable Medical / Tech Return,3S,11.1,4.4,48.8,1581,5.4,11.07,3.15,174.6,25.4,0.2,Intact (Good),None (0-1%),None,PASS,Normal,Normal,Safe,None (Passed All Thresholds),54.8,26.7,14.6,Severe (>0.035%/cycle),Tier 4: Highly Degraded (<65%),Good / Balanced,BMS Protection Lock / Blown MOSFET,Accurate / Responsive,Clean & Firm,Clean (No Cracks),BMS Discharge Port Fault,High (Output Power Blocked/Erratic),Yes,1100,Moderate (Modular BMS Replacement),Replace BMS Board & Calibrate,PASS (Protection Thresholds Verified),55.9,27.3,Eligible (Post-Repair),Rural Off-Grid Household,77,"PASSED SAFETY GATE. Effective SoH: 55.9%, Available Capacity: 27.3 Wh, Peak Power: 14.6 W. Matched to 'Rural Off-Grid Household' (Score: 77%). Rationale: Moderate lighting & phone charging load. Internal resistance (174.6 mΩ) satisfies application thermal envelope. Post-repair validated: BMS Discharge Port Fault rectified (₹1100)."
B305,Power Tool Li-ion Pack (5S),Industrial Tool Rental Surplus,5S,18.0,4.0,72.0,1151,4.5,17.58,1.73,183.0,28.3,0.18,Severely Distorted / Puffed,Severe Swelling (>6%),None,FAIL,Normal,Normal,CRITICAL (Pouch/Can Deformed),Mechanical Instability: Internal Delamination / Gas Build-up,N/A (Unsafe),0.0,0.0,Catastrophic,Unfit / Hazardous,Gassing / Cell Swelling,Operational (Healthy),Accurate / Responsive,Clean & Firm,Clean (No Cracks),Severe Cell Deformation,Catastrophic,No (Inherent Cell Hazard),0,Impossible (Hazardous),Reject & Immediate Recycling,Not Applicable,0.0,0.0,Unfit for Reuse,None (Safety Rejected),0,"EJECTED AT SAFETY GATE: Fails mandatory screening due to Mechanical Instability: Internal Delamination / Gas Build-up. Under REUSEGRID AI protocol, zero matching score can override a physical safety failure. Battery routed directly to certified closed-loop recycling."
B306,NMC Light-EV Pack (10S),Shared E-Scooter Fleet Fleet Retire,10S,36.0,7.8,280.8,451,1.4,36.86,1.95,253.3,27.1,0.17,Intact (Good),None (0-1%),None,PASS,Normal,Normal,Safe,None (Passed All Thresholds),86.9,244.0,91.7,Low (<0.015%/cycle),Tier 1: Excellent (>85%),Good / Balanced,Operational (Healthy),Accurate / Responsive,Clean & Firm,Clean (No Cracks),None (Fully Functional),None,Not Applicable,0,None,Direct Second-Life Allocation,Not Applicable (Direct Pass),86.9,244.0,Eligible (Direct),Healthcare Clinic Backup,92,"PASSED SAFETY GATE. Effective SoH: 86.9%, Available Capacity: 244.0 Wh, Peak Power: 91.7 W. Matched to 'Healthcare Clinic Backup' (Score: 92%). Rationale: High criticality approved. Internal resistance (253.3 mΩ) satisfies application thermal envelope. Clean unit with zero component defects."
B307,NMC Light-EV Pack (10S),Shared E-Scooter Fleet Fleet Retire,10S,36.0,7.8,280.8,608,2.3,37.05,1.56,295.9,25.6,0.25,Intact (Good),None (0-1%),None,PASS,Normal,Normal,Safe,None (Passed All Thresholds),80.5,226.0,92.8,Moderate (0.018%/cycle),Tier 2: Good (75-84%),Good / Balanced,Operational (Healthy),Accurate / Responsive,Clean & Firm,Clean (No Cracks),None (Fully Functional),None,Not Applicable,0,None,Direct Second-Life Allocation,Not Applicable (Direct Pass),80.5,226.0,Eligible (Direct),Emergency Disaster Shelter,89,"PASSED SAFETY GATE. Effective SoH: 80.5%, Available Capacity: 226.0 Wh, Peak Power: 92.8 W. Matched to 'Emergency Disaster Shelter' (Score: 89%). Rationale: Robust emergency resilience match. Internal resistance (295.9 mΩ) satisfies application thermal envelope. Clean unit with zero component defects."
B308,Li-ion 18650 Pack (4S),Robotics / Drone Fleet Return,4S,14.8,5.2,77.0,1075,3.6,14.95,1.83,149.5,28.4,0.12,Intact (Good),None (0-1%),None,PASS,Normal,Normal,Safe,None (Passed All Thresholds),69.4,53.4,23.6,Elevated (0.024%/cycle),Tier 3: Moderate (65-74%),Good / Balanced,Operational (Healthy),Accurate / Responsive,Clean & Firm,Clean (No Cracks),None (Fully Functional),None,Not Applicable,0,None,De-rate Power & Direct Allocation,Not Applicable (Direct Pass),69.4,53.4,Eligible (Limited Use - Derated),Rural School Lighting & Labs,79,"PASSED SAFETY GATE. Effective SoH: 69.4%, Available Capacity: 53.4 Wh, Peak Power: 23.6 W. Matched to 'Rural School Lighting & Labs' (Score: 79%). Rationale: Daytime educational load requirement met. Internal resistance (149.5 mΩ) satisfies application thermal envelope. Post-repair validated: None (Fully Functional) rectified (₹0)."
B309,NMC Light-EV Pack (10S),Shared E-Scooter Fleet Fleet Retire,10S,36.0,7.8,280.8,1103,3.7,36.21,2.73,447.6,30.4,0.36,Intact (Good),None (0-1%),None,PASS,Normal,Normal,Safe,None (Passed All Thresholds),63.8,179.2,74.0,Severe (>0.035%/cycle),Tier 4: Highly Degraded (<65%),Good / Balanced,Operational (Healthy),Accurate / Responsive,Clean & Firm,Clean (No Cracks),None (Fully Functional),None,Not Applicable,0,None,De-rate Power & Direct Allocation,Not Applicable (Direct Pass),63.8,179.2,Eligible (Limited Use - Derated),Rural Off-Grid Household,74,"PASSED SAFETY GATE. Effective SoH: 63.8%, Available Capacity: 179.2 Wh, Peak Power: 74.0 W. Matched to 'Rural Off-Grid Household' (Score: 74%). Rationale: Moderate lighting & phone charging load. Internal resistance (447.6 mΩ) satisfies application thermal envelope. Post-repair validated: None (Fully Functional) rectified (₹0)."
B310,NMC Light-EV Pack (10S),Shared E-Scooter Fleet Fleet Retire,10S,36.0,7.8,280.8,1131,4.4,35.97,2.91,387.5,28.4,0.24,Intact (Good),None (0-1%),None,PASS,Normal,Normal,Safe,None (Passed All Thresholds),64.9,182.2,94.3,Severe (>0.035%/cycle),Tier 4: Highly Degraded (<65%),Good / Balanced,Operational (Healthy),Accurate / Responsive,Clean & Firm,Clean (No Cracks),None (Fully Functional),None,Not Applicable,0,None,De-rate Power & Direct Allocation,Not Applicable (Direct Pass),64.9,182.2,Eligible (Limited Use - Derated),Rural School Lighting & Labs,79,"PASSED SAFETY GATE. Effective SoH: 64.9%, Available Capacity: 182.2 Wh, Peak Power: 94.3 W. Matched to 'Rural School Lighting & Labs' (Score: 79%). Rationale: Daytime educational load requirement met. Internal resistance (387.5 mΩ) satisfies application thermal envelope. Post-repair validated: None (Fully Functional) rectified (₹0)."
B311,NMC Light-EV Pack (10S),Shared E-Scooter Fleet Fleet Retire,10S,36.0,7.8,280.8,1164,4.1,34.92,1.65,452.6,31.7,0.15,Intact (Good),None (0-1%),None,PASS,Normal,Normal,Safe,None (Passed All Thresholds),63.9,179.4,83.2,Severe (>0.035%/cycle),Tier 4: Highly Degraded (<65%),Good / Balanced,Operational (Healthy),Accurate / Responsive,Oxidized Terminals / Damaged XT60 Pin,Clean (No Cracks),High-Resistance Connector Degradation,Medium (Localized Contact Heating),Yes,180,Easy (Terminal Re-crimp & Re-soldering),Replace Connector Harness,PASS (Contact Resistance < 5 mOhm),63.9,179.4,Eligible (Post-Repair),Rural Off-Grid Household,75,"PASSED SAFETY GATE. Effective SoH: 63.9%, Available Capacity: 179.4 Wh, Peak Power: 83.2 W. Matched to 'Rural Off-Grid Household' (Score: 75%). Rationale: Moderate lighting & phone charging load. Internal resistance (452.6 mΩ) satisfies application thermal envelope. Post-repair validated: High-Resistance Connector Degradation rectified (₹180)."
B312,Prismatic Li-ion Module (2S),Telecom Backup Rack Module,2S,7.4,10.0,74.0,723,2.7,7.5,1.52,54.6,29.0,0.16,Severely Distorted / Puffed,Severe Swelling (>6%),None,FAIL,Normal,Normal,CRITICAL (Pouch/Can Deformed),Mechanical Instability: Internal Delamination / Gas Build-up,N/A (Unsafe),0.0,0.0,Catastrophic,Unfit / Hazardous,Gassing / Cell Swelling,Operational (Healthy),Accurate / Responsive,Clean & Firm,Clean (No Cracks),Severe Cell Deformation,Catastrophic,No (Inherent Cell Hazard),0,Impossible (Hazardous),Reject & Immediate Recycling,Not Applicable,0.0,0.0,Unfit for Reuse,None (Safety Rejected),0,"EJECTED AT SAFETY GATE: Fails mandatory screening due to Mechanical Instability: Internal Delamination / Gas Build-up. Under REUSEGRID AI protocol, zero matching score can override a physical safety failure. Battery routed directly to certified closed-loop recycling."
B313,LiFePO4 (LFP) Module (4S),Solar Street Light / Telecom Decom,4S,12.8,6.0,76.8,499,1.6,13.28,2.51,132.4,26.0,0.21,Intact (Good),None (0-1%),None,PASS,Normal,Normal,Safe,None (Passed All Thresholds),83.7,64.3,32.8,Moderate (0.018%/cycle),Tier 2: Good (75-84%),Good / Balanced,Operational (Healthy),Accurate / Responsive,Clean & Firm,Clean (No Cracks),None (Fully Functional),None,Not Applicable,0,None,Direct Second-Life Allocation,Not Applicable (Direct Pass),83.7,64.3,Eligible (Direct),Emergency Disaster Shelter,88,"PASSED SAFETY GATE. Effective SoH: 83.7%, Available Capacity: 64.3 Wh, Peak Power: 32.8 W. Matched to 'Emergency Disaster Shelter' (Score: 88%). Rationale: Robust emergency resilience match. Internal resistance (132.4 mΩ) satisfies application thermal envelope. Clean unit with zero component defects."
B314,NMC Light-EV Pack (10S),Shared E-Scooter Fleet Fleet Retire,10S,36.0,7.8,280.8,359,1.4,36.5,1.71,227.0,26.5,0.36,Minor Hairline Crack on Corner Bracket,None (0-1%),None,PASS,Normal,Normal,Safe,None (Passed All Thresholds),90.6,254.4,101.7,Low (<0.015%/cycle),Tier 1: Excellent (>85%),Good / Balanced,Operational (Healthy),Accurate / Responsive,Clean & Firm,Damaged Mounting Bracket,Structural Enclosure Hairline Crack,Low (Non-Cell Cosmetic / Ingress Risk),No (Factory Moulded Shell),80,Minor (Epoxy / Seal Patching),Operate Under Sealed Enclosure (Limited Use),PASS (Ingress Safe in Indoor Rack),90.6,254.4,Eligible (Limited Use),Healthcare Clinic Backup,92,"PASSED SAFETY GATE. Effective SoH: 90.6%, Available Capacity: 254.4 Wh, Peak Power: 101.7 W. Matched to 'Healthcare Clinic Backup' (Score: 92%). Rationale: High criticality approved. Internal resistance (227.0 mΩ) satisfies application thermal envelope. Post-repair validated: Structural Enclosure Hairline Crack rectified (₹80)."
B315,Power Tool Li-ion Pack (5S),Industrial Tool Rental Surplus,5S,18.0,4.0,72.0,140,0.8,17.5,2.25,122.0,60.3,4.59,Intact (Good),None (0-1%),None,FAIL,CRITICAL (>50°C rapid rise),Normal,Safe,Thermal Runaway Imminent: Extreme Heat & Temp Velocity,N/A (Unsafe),0.0,0.0,Catastrophic,Unfit / Hazardous,Severe Thermal Stress,Operational (Healthy),Accurate / Responsive,Clean & Firm,Clean (No Cracks),Uncontrolled Cell Overheating,Catastrophic,No (Inherent Cell Hazard),0,Impossible (Hazardous),Reject & Immediate Recycling,Not Applicable,0.0,0.0,Unfit for Reuse,None (Safety Rejected),0,"EJECTED AT SAFETY GATE: Fails mandatory screening due to Thermal Runaway Imminent: Extreme Heat & Temp Velocity. Under REUSEGRID AI protocol, zero matching score can override a physical safety failure. Battery routed directly to certified closed-loop recycling."
B316,LiFePO4 (LFP) Module (4S),Solar Street Light / Telecom Decom,4S,12.8,6.0,76.8,557,1.8,12.77,2.95,110.2,26.1,0.25,Intact (Good),None (0-1%),None,PASS,Normal,Normal,Safe,None (Passed All Thresholds),85.0,65.3,30.7,Low (<0.015%/cycle),Tier 1: Excellent (>85%),Good / Balanced,BMS Protection Lock / Blown MOSFET,Accurate / Responsive,Clean & Firm,Clean (No Cracks),BMS Discharge Port Fault,High (Output Power Blocked/Erratic),Yes,850,Moderate (Modular BMS Replacement),Replace BMS Board & Calibrate,PASS (Protection Thresholds Verified),86.8,66.7,Eligible (Post-Repair),Healthcare Clinic Backup,97,"PASSED SAFETY GATE. Effective SoH: 86.8%, Available Capacity: 66.7 Wh, Peak Power: 30.7 W. Matched to 'Healthcare Clinic Backup' (Score: 97%). Rationale: High criticality approved. Internal resistance (110.2 mΩ) satisfies application thermal envelope. Post-repair validated: BMS Discharge Port Fault rectified (₹850)."
B317,Li-ion 18650 Pack (3S),Portable Medical / Tech Return,3S,11.1,4.4,48.8,1027,3.6,10.84,1.98,103.6,28.6,0.28,Intact (Good),None (0-1%),None,PASS,Normal,Normal,Safe,None (Passed All Thresholds),68.5,33.4,17.8,Elevated (0.024%/cycle),Tier 3: Moderate (65-74%),Good / Balanced,Operational (Healthy),Accurate / Responsive,Clean & Firm,Clean (No Cracks),None (Fully Functional),None,Not Applicable,0,None,De-rate Power & Direct Allocation,Not Applicable (Direct Pass),68.5,33.4,Eligible (Limited Use - Derated),Rural School Lighting & Labs,80,"PASSED SAFETY GATE. Effective SoH: 68.5%, Available Capacity: 33.4 Wh, Peak Power: 17.8 W. Matched to 'Rural School Lighting & Labs' (Score: 80%). Rationale: Daytime educational load requirement met. Internal resistance (103.6 mΩ) satisfies application thermal envelope. Post-repair validated: None (Fully Functional) rectified (₹0)."
B318,Power Tool Li-ion Pack (5S),Industrial Tool Rental Surplus,5S,18.0,4.0,72.0,733,2.4,18.49,1.57,154.1,25.2,0.23,Intact (Good),None (0-1%),None,PASS,Normal,Normal,Safe,None (Passed All Thresholds),79.0,56.9,22.6,Moderate (0.018%/cycle),Tier 2: Good (75-84%),Good / Balanced,Operational (Healthy),Accurate / Responsive,Clean & Firm,Clean (No Cracks),None (Fully Functional),None,Not Applicable,0,None,Direct Second-Life Allocation,Not Applicable (Direct Pass),79.0,56.9,Eligible (Direct),Emergency Disaster Shelter,85,"PASSED SAFETY GATE. Effective SoH: 79.0%, Available Capacity: 56.9 Wh, Peak Power: 22.6 W. Matched to 'Emergency Disaster Shelter' (Score: 85%). Rationale: Robust emergency resilience match. Internal resistance (154.1 mΩ) satisfies application thermal envelope. Clean unit with zero component defects."
B319,Li-ion 18650 Pack (3S),Portable Medical / Tech Return,3S,11.1,4.4,48.8,969,3.2,10.99,3.04,113.8,27.7,0.33,Intact (Good),None (0-1%),None,PASS,Normal,Normal,Safe,None (Passed All Thresholds),66.7,32.5,12.2,Elevated (0.024%/cycle),Tier 3: Moderate (65-74%),Good / Balanced,Operational (Healthy),Accurate / Responsive,Oxidized Terminals / Damaged XT60 Pin,Clean (No Cracks),High-Resistance Connector Degradation,Medium (Localized Contact Heating),Yes,220,Easy (Terminal Re-crimp & Re-soldering),Replace Connector Harness,PASS (Contact Resistance < 5 mOhm),66.7,32.5,Eligible (Post-Repair),Rural School Lighting & Labs,82,"PASSED SAFETY GATE. Effective SoH: 66.7%, Available Capacity: 32.5 Wh, Peak Power: 12.2 W. Matched to 'Rural School Lighting & Labs' (Score: 82%). Rationale: Daytime educational load requirement met. Internal resistance (113.8 mΩ) satisfies application thermal envelope. Post-repair validated: High-Resistance Connector Degradation rectified (₹220)."
B320,NMC Light-EV Pack (10S),Shared E-Scooter Fleet Fleet Retire,10S,36.0,7.8,280.8,514,2.0,34.75,1.24,259.3,30.8,0.26,Intact (Good),None (0-1%),None,PASS,Normal,Normal,Safe,None (Passed All Thresholds),87.1,244.6,123.5,Low (<0.015%/cycle),Tier 1: Excellent (>85%),Good / Balanced,Operational (Healthy),Accurate / Responsive,Clean & Firm,Clean (No Cracks),None (Fully Functional),None,Not Applicable,0,None,Direct Second-Life Allocation,Not Applicable (Direct Pass),87.1,244.6,Eligible (Direct),Healthcare Clinic Backup,92,"PASSED SAFETY GATE. Effective SoH: 87.1%, Available Capacity: 244.6 Wh, Peak Power: 123.5 W. Matched to 'Healthcare Clinic Backup' (Score: 92%). Rationale: High criticality approved. Internal resistance (259.3 mΩ) satisfies application thermal envelope. Clean unit with zero component defects."
B321,Li-ion 18650 Pack (3S),Portable Medical / Tech Return,3S,11.1,4.4,48.8,600,1.9,10.89,2.61,99.2,29.7,0.2,Intact (Good),None (0-1%),None,PASS,Normal,Normal,Safe,None (Passed All Thresholds),83.1,40.6,21.1,Moderate (0.018%/cycle),Tier 2: Good (75-84%),Good / Balanced,Operational (Healthy),Faulty / Open Circuit Drift,Clean & Firm,Clean (No Cracks),Temperature Sensor Lead Detachment,Medium (Impaired Thermal Monitoring),Yes,320,Easy (Plug-in NTC Thermistor Swap),Repair & Retest Sensor,PASS (Thermal Loop Verified),83.1,40.6,Eligible (Post-Repair),Community Solar Microgrid,88,"PASSED SAFETY GATE. Effective SoH: 83.1%, Available Capacity: 40.6 Wh, Peak Power: 21.1 W. Matched to 'Community Solar Microgrid' (Score: 88%). Rationale: Daily solar diurnal buffering compatible. Internal resistance (99.2 mΩ) satisfies application thermal envelope. Post-repair validated: Temperature Sensor Lead Detachment rectified (₹320)."
B322,Prismatic Li-ion Module (2S),Telecom Backup Rack Module,2S,7.4,10.0,74.0,1209,4.5,7.11,2.85,99.1,29.9,0.29,Intact (Good),None (0-1%),None,PASS,Normal,Normal,Safe,None (Passed All Thresholds),60.6,44.8,24.6,Severe (>0.035%/cycle),Tier 4: Highly Degraded (<65%),Good / Balanced,Operational (Healthy),Accurate / Responsive,Clean & Firm,Clean (No Cracks),None (Fully Functional),None,Not Applicable,0,None,De-rate Power & Direct Allocation,Not Applicable (Direct Pass),60.6,44.8,Eligible (Limited Use - Derated),Rural Off-Grid Household,73,"PASSED SAFETY GATE. Effective SoH: 60.6%, Available Capacity: 44.8 Wh, Peak Power: 24.6 W. Matched to 'Rural Off-Grid Household' (Score: 73%). Rationale: Moderate lighting & phone charging load. Internal resistance (99.1 mΩ) satisfies application thermal envelope. Post-repair validated: None (Fully Functional) rectified (₹0)."
B323,Li-ion 18650 Pack (3S),Portable Medical / Tech Return,3S,11.1,4.4,48.8,596,1.9,11.4,3.35,93.2,26.3,0.21,Intact (Good),None (0-1%),None,PASS,Normal,Normal,Safe,None (Passed All Thresholds),77.2,37.7,20.2,Moderate (0.018%/cycle),Tier 2: Good (75-84%),Good / Balanced,Operational (Healthy),Accurate / Responsive,Clean & Firm,Clean (No Cracks),None (Fully Functional),None,Not Applicable,0,None,Direct Second-Life Allocation,Not Applicable (Direct Pass),77.2,37.7,Eligible (Direct),Community Solar Microgrid,79,"PASSED SAFETY GATE. Effective SoH: 77.2%, Available Capacity: 37.7 Wh, Peak Power: 20.2 W. Matched to 'Community Solar Microgrid' (Score: 79%). Rationale: Daily solar diurnal buffering compatible. Internal resistance (93.2 mΩ) satisfies application thermal envelope. Clean unit with zero component defects."
B324,Power Tool Li-ion Pack (5S),Industrial Tool Rental Surplus,5S,18.0,4.0,72.0,366,1.1,17.92,2.35,157.1,26.7,0.24,Intact (Good),None (0-1%),None,PASS,Normal,Normal,Safe,None (Passed All Thresholds),85.8,61.8,29.8,Low (<0.015%/cycle),Tier 1: Excellent (>85%),Good / Balanced,Operational (Healthy),Accurate / Responsive,Clean & Firm,Clean (No Cracks),None (Fully Functional),None,Not Applicable,0,None,Direct Second-Life Allocation,Not Applicable (Direct Pass),85.8,61.8,Eligible (Direct),Healthcare Clinic Backup,95,"PASSED SAFETY GATE. Effective SoH: 85.8%, Available Capacity: 61.8 Wh, Peak Power: 29.8 W. Matched to 'Healthcare Clinic Backup' (Score: 95%). Rationale: High criticality approved. Internal resistance (157.1 mΩ) satisfies application thermal envelope. Clean unit with zero component defects."
B325,Prismatic Li-ion Module (2S),Telecom Backup Rack Module,2S,7.4,10.0,74.0,1006,3.7,7.63,3.26,86.0,31.4,0.19,Intact (Good),None (0-1%),None,PASS,Normal,Normal,Safe,None (Passed All Thresholds),66.8,49.4,20.0,Elevated (0.024%/cycle),Tier 3: Moderate (65-74%),Good / Balanced,BMS Protection Lock / Blown MOSFET,Accurate / Responsive,Clean & Firm,Clean (No Cracks),BMS Discharge Port Fault,High (Output Power Blocked/Erratic),Yes,1100,Moderate (Modular BMS Replacement),Replace BMS Board & Calibrate,PASS (Protection Thresholds Verified),69.2,51.2,Eligible (Post-Repair),Rural School Lighting & Labs,77,"PASSED SAFETY GATE. Effective SoH: 69.2%, Available Capacity: 51.2 Wh, Peak Power: 20.0 W. Matched to 'Rural School Lighting & Labs' (Score: 77%). Rationale: Daytime educational load requirement met. Internal resistance (86.0 mΩ) satisfies application thermal envelope. Post-repair validated: BMS Discharge Port Fault rectified (₹1100)."
B326,Li-ion 18650 Pack (4S),Robotics / Drone Fleet Return,4S,14.8,5.2,77.0,468,1.6,15.08,2.42,87.4,27.0,0.25,Intact (Good),None (0-1%),None,PASS,Normal,Normal,Safe,None (Passed All Thresholds),90.6,69.8,28.6,Low (<0.015%/cycle),Tier 1: Excellent (>85%),Good / Balanced,Operational (Healthy),Accurate / Responsive,Clean & Firm,Clean (No Cracks),None (Fully Functional),None,Not Applicable,0,None,Direct Second-Life Allocation,Not Applicable (Direct Pass),90.6,69.8,Eligible (Direct),Healthcare Clinic Backup,94,"PASSED SAFETY GATE. Effective SoH: 90.6%, Available Capacity: 69.8 Wh, Peak Power: 28.6 W. Matched to 'Healthcare Clinic Backup' (Score: 94%). Rationale: High criticality approved. Internal resistance (87.4 mΩ) satisfies application thermal envelope. Clean unit with zero component defects."
B327,Li-ion 18650 Pack (3S),Portable Medical / Tech Return,3S,11.1,4.4,48.8,673,2.2,10.96,2.89,97.9,29.6,0.38,Intact (Good),None (0-1%),None,PASS,Normal,Normal,Safe,None (Passed All Thresholds),81.0,39.5,20.3,Moderate (0.018%/cycle),Tier 2: Good (75-84%),Good / Balanced,Operational (Healthy),Accurate / Responsive,Clean & Firm,Clean (No Cracks),None (Fully Functional),None,Not Applicable,0,None,Direct Second-Life Allocation,Not Applicable (Direct Pass),81.0,39.5,Eligible (Direct),Community Solar Microgrid,84,"PASSED SAFETY GATE. Effective SoH: 81.0%, Available Capacity: 39.5 Wh, Peak Power: 20.3 W. Matched to 'Community Solar Microgrid' (Score: 84%). Rationale: Daily solar diurnal buffering compatible. Internal resistance (97.9 mΩ) satisfies application thermal envelope. Clean unit with zero component defects."
B328,Li-ion 18650 Pack (3S),Portable Medical / Tech Return,3S,11.1,4.4,48.8,890,3.5,11.39,3.04,100.0,25.7,0.27,Intact (Good),None (0-1%),None,PASS,Normal,Normal,Safe,None (Passed All Thresholds),67.3,32.8,14.5,Elevated (0.024%/cycle),Tier 3: Moderate (65-74%),Good / Balanced,Operational (Healthy),Accurate / Responsive,Clean & Firm,Clean (No Cracks),None (Fully Functional),None,Not Applicable,0,None,De-rate Power & Direct Allocation,Not Applicable (Direct Pass),67.3,32.8,Eligible (Limited Use - Derated),Rural School Lighting & Labs,77,"PASSED SAFETY GATE. Effective SoH: 67.3%, Available Capacity: 32.8 Wh, Peak Power: 14.5 W. Matched to 'Rural School Lighting & Labs' (Score: 77%). Rationale: Daytime educational load requirement met. Internal resistance (100.0 mΩ) satisfies application thermal envelope. Post-repair validated: None (Fully Functional) rectified (₹0)."
B329,Li-ion 18650 Pack (4S),Robotics / Drone Fleet Return,4S,14.8,5.2,77.0,1469,5.1,14.25,2.72,202.5,28.7,0.13,Intact (Good),None (0-1%),None,PASS,Normal,Normal,Safe,None (Passed All Thresholds),57.5,44.3,17.0,Severe (>0.035%/cycle),Tier 4: Highly Degraded (<65%),Good / Balanced,Operational (Healthy),Accurate / Responsive,Clean & Firm,Clean (No Cracks),None (Fully Functional),None,Not Applicable,0,None,De-rate Power & Direct Allocation,Not Applicable (Direct Pass),57.5,44.3,Eligible (Limited Use - Derated),Rural Off-Grid Household,75,"PASSED SAFETY GATE. Effective SoH: 57.5%, Available Capacity: 44.3 Wh, Peak Power: 17.0 W. Matched to 'Rural Off-Grid Household' (Score: 75%). Rationale: Moderate lighting & phone charging load. Internal resistance (202.5 mΩ) satisfies application thermal envelope. Post-repair validated: None (Fully Functional) rectified (₹0)."
B330,Prismatic Li-ion Module (2S),Telecom Backup Rack Module,2S,7.4,10.0,74.0,561,2.4,7.14,2.79,55.6,28.2,0.17,Intact (Good),None (0-1%),None,PASS,Normal,Normal,Safe,None (Passed All Thresholds),75.9,56.2,26.6,Moderate (0.018%/cycle),Tier 2: Good (75-84%),Good / Balanced,Operational (Healthy),Accurate / Responsive,Oxidized Terminals / Damaged XT60 Pin,Clean (No Cracks),High-Resistance Connector Degradation,Medium (Localized Contact Heating),Yes,180,Easy (Terminal Re-crimp & Re-soldering),Replace Connector Harness,PASS (Contact Resistance < 5 mOhm),75.9,56.2,Eligible (Post-Repair),Telecom Cell Tower Backup,85,"PASSED SAFETY GATE. Effective SoH: 75.9%, Available Capacity: 56.2 Wh, Peak Power: 26.6 W. Matched to 'Telecom Cell Tower Backup' (Score: 85%). Rationale: Steady high-reliability discharge profile. Internal resistance (55.6 mΩ) satisfies application thermal envelope. Post-repair validated: High-Resistance Connector Degradation rectified (₹180)."
B331,NMC Light-EV Pack (10S),Shared E-Scooter Fleet Fleet Retire,10S,36.0,7.8,280.8,806,2.8,35.57,2.03,325.2,30.6,0.2,Intact (Good),None (0-1%),None,PASS,Normal,Normal,Safe,None (Passed All Thresholds),77.9,218.7,85.7,Moderate (0.018%/cycle),Tier 2: Good (75-84%),Good / Balanced,Operational (Healthy),Accurate / Responsive,Clean & Firm,Clean (No Cracks),None (Fully Functional),None,Not Applicable,0,None,Direct Second-Life Allocation,Not Applicable (Direct Pass),77.9,218.7,Eligible (Direct),Telecom Cell Tower Backup,83,"PASSED SAFETY GATE. Effective SoH: 77.9%, Available Capacity: 218.7 Wh, Peak Power: 85.7 W. Matched to 'Telecom Cell Tower Backup' (Score: 83%). Rationale: Steady high-reliability discharge profile. Internal resistance (325.2 mΩ) satisfies application thermal envelope. Clean unit with zero component defects."
B332,Li-ion 18650 Pack (4S),Robotics / Drone Fleet Return,4S,14.8,5.2,77.0,702,2.5,15.17,3.09,128.4,27.7,0.24,Intact (Good),None (0-1%),None,PASS,Normal,Normal,Safe,None (Passed All Thresholds),77.7,59.8,24.6,Moderate (0.018%/cycle),Tier 2: Good (75-84%),Good / Balanced,Operational (Healthy),Accurate / Responsive,Clean & Firm,Clean (No Cracks),None (Fully Functional),None,Not Applicable,0,None,Direct Second-Life Allocation,Not Applicable (Direct Pass),77.7,59.8,Eligible (Direct),Telecom Cell Tower Backup,91,"PASSED SAFETY GATE. Effective SoH: 77.7%, Available Capacity: 59.8 Wh, Peak Power: 24.6 W. Matched to 'Telecom Cell Tower Backup' (Score: 91%). Rationale: Steady high-reliability discharge profile. Internal resistance (128.4 mΩ) satisfies application thermal envelope. Clean unit with zero component defects."
B333,Li-ion 18650 Pack (4S),Robotics / Drone Fleet Return,4S,14.8,5.2,77.0,399,1.8,14.77,2.14,97.5,26.1,0.3,Intact (Good),None (0-1%),None,PASS,Normal,Normal,Safe,None (Passed All Thresholds),88.6,68.2,37.1,Low (<0.015%/cycle),Tier 1: Excellent (>85%),Good / Balanced,Operational (Healthy),Faulty / Open Circuit Drift,Clean & Firm,Clean (No Cracks),Temperature Sensor Lead Detachment,Medium (Impaired Thermal Monitoring),Yes,250,Easy (Plug-in NTC Thermistor Swap),Repair & Retest Sensor,PASS (Thermal Loop Verified),88.6,68.2,Eligible (Post-Repair),Healthcare Clinic Backup,94,"PASSED SAFETY GATE. Effective SoH: 88.6%, Available Capacity: 68.2 Wh, Peak Power: 37.1 W. Matched to 'Healthcare Clinic Backup' (Score: 94%). Rationale: High criticality approved. Internal resistance (97.5 mΩ) satisfies application thermal envelope. Post-repair validated: Temperature Sensor Lead Detachment rectified (₹250)."
B334,NMC Light-EV Pack (10S),Shared E-Scooter Fleet Fleet Retire,10S,36.0,7.8,280.8,957,3.2,37.26,2.72,402.2,25.5,0.21,Intact (Good),None (0-1%),None,PASS,Normal,Normal,Safe,None (Passed All Thresholds),68.9,193.5,89.0,Elevated (0.024%/cycle),Tier 3: Moderate (65-74%),Good / Balanced,Operational (Healthy),Accurate / Responsive,Oxidized Terminals / Damaged XT60 Pin,Clean (No Cracks),High-Resistance Connector Degradation,Medium (Localized Contact Heating),Yes,120,Easy (Terminal Re-crimp & Re-soldering),Replace Connector Harness,PASS (Contact Resistance < 5 mOhm),68.9,193.5,Eligible (Post-Repair),Rural School Lighting & Labs,79,"PASSED SAFETY GATE. Effective SoH: 68.9%, Available Capacity: 193.5 Wh, Peak Power: 89.0 W. Matched to 'Rural School Lighting & Labs' (Score: 79%). Rationale: Daytime educational load requirement met. Internal resistance (402.2 mΩ) satisfies application thermal envelope. Post-repair validated: High-Resistance Connector Degradation rectified (₹120)."
B335,LiFePO4 (LFP) Module (4S),Solar Street Light / Telecom Decom,4S,12.8,6.0,76.8,1120,4.3,12.4,2.02,174.0,27.9,0.3,Intact (Good),None (0-1%),None,PASS,Normal,Normal,Safe,None (Passed All Thresholds),60.9,46.8,22.5,Severe (>0.035%/cycle),Tier 4: Highly Degraded (<65%),Good / Balanced,Operational (Healthy),Accurate / Responsive,Clean & Firm,Clean (No Cracks),None (Fully Functional),None,Not Applicable,0,None,De-rate Power & Direct Allocation,Not Applicable (Direct Pass),60.9,46.8,Eligible (Limited Use - Derated),Rural Off-Grid Household,70,"PASSED SAFETY GATE. Effective SoH: 60.9%, Available Capacity: 46.8 Wh, Peak Power: 22.5 W. Matched to 'Rural Off-Grid Household' (Score: 70%). Rationale: Moderate lighting & phone charging load. Internal resistance (174.0 mΩ) satisfies application thermal envelope. Post-repair validated: None (Fully Functional) rectified (₹0)."
B336,Power Tool Li-ion Pack (5S),Industrial Tool Rental Surplus,5S,18.0,4.0,72.0,641,2.1,17.88,1.59,126.7,31.2,0.27,Intact (Good),None (0-1%),None,PASS,Normal,Normal,Safe,None (Passed All Thresholds),82.6,59.5,23.6,Moderate (0.018%/cycle),Tier 2: Good (75-84%),Good / Balanced,Operational (Healthy),Accurate / Responsive,Clean & Firm,Clean (No Cracks),None (Fully Functional),None,Not Applicable,0,None,Direct Second-Life Allocation,Not Applicable (Direct Pass),82.6,59.5,Eligible (Direct),Emergency Disaster Shelter,88,"PASSED SAFETY GATE. Effective SoH: 82.6%, Available Capacity: 59.5 Wh, Peak Power: 23.6 W. Matched to 'Emergency Disaster Shelter' (Score: 88%). Rationale: Robust emergency resilience match. Internal resistance (126.7 mΩ) satisfies application thermal envelope. Clean unit with zero component defects."
B337,Prismatic Li-ion Module (2S),Telecom Backup Rack Module,2S,7.4,10.0,74.0,977,3.9,7.65,2.66,82.2,29.4,0.22,Intact (Good),None (0-1%),None,PASS,Normal,Normal,Safe,None (Passed All Thresholds),71.6,53.0,26.5,Elevated (0.024%/cycle),Tier 3: Moderate (65-74%),Good / Balanced,Operational (Healthy),Accurate / Responsive,Clean & Firm,Clean (No Cracks),None (Fully Functional),None,Not Applicable,0,None,Direct Second-Life Allocation,Not Applicable (Direct Pass),71.6,53.0,Eligible (Direct),Community Solar Microgrid,83,"PASSED SAFETY GATE. Effective SoH: 71.6%, Available Capacity: 53.0 Wh, Peak Power: 26.5 W. Matched to 'Community Solar Microgrid' (Score: 83%). Rationale: Daily solar diurnal buffering compatible. Internal resistance (82.2 mΩ) satisfies application thermal envelope. Clean unit with zero component defects."
B338,Li-ion 18650 Pack (4S),Robotics / Drone Fleet Return,4S,14.8,5.2,77.0,913,3.3,15.19,2.44,124.7,30.9,0.23,Intact (Good),None (0-1%),None,PASS,Normal,Normal,Safe,None (Passed All Thresholds),75.7,58.3,24.8,Moderate (0.018%/cycle),Tier 2: Good (75-84%),Good / Balanced,Operational (Healthy),Accurate / Responsive,Clean & Firm,Clean (No Cracks),None (Fully Functional),None,Not Applicable,0,None,Direct Second-Life Allocation,Not Applicable (Direct Pass),75.7,58.3,Eligible (Direct),Telecom Cell Tower Backup,91,"PASSED SAFETY GATE. Effective SoH: 75.7%, Available Capacity: 58.3 Wh, Peak Power: 24.8 W. Matched to 'Telecom Cell Tower Backup' (Score: 91%). Rationale: Steady high-reliability discharge profile. Internal resistance (124.7 mΩ) satisfies application thermal envelope. Clean unit with zero component defects."
B339,NMC Light-EV Pack (10S),Shared E-Scooter Fleet Fleet Retire,10S,36.0,7.8,280.8,526,2.2,36.21,1.95,216.8,25.3,0.18,Minor Hairline Crack on Corner Bracket,None (0-1%),None,PASS,Normal,Normal,Safe,None (Passed All Thresholds),92.0,258.3,90.7,Low (<0.015%/cycle),Tier 1: Excellent (>85%),Good / Balanced,Operational (Healthy),Accurate / Responsive,Clean & Firm,Damaged Mounting Bracket,Structural Enclosure Hairline Crack,Low (Non-Cell Cosmetic / Ingress Risk),No (Factory Moulded Shell),80,Minor (Epoxy / Seal Patching),Operate Under Sealed Enclosure (Limited Use),PASS (Ingress Safe in Indoor Rack),92.0,258.3,Eligible (Limited Use),Healthcare Clinic Backup,97,"PASSED SAFETY GATE. Effective SoH: 92.0%, Available Capacity: 258.3 Wh, Peak Power: 90.7 W. Matched to 'Healthcare Clinic Backup' (Score: 97%). Rationale: High criticality approved. Internal resistance (216.8 mΩ) satisfies application thermal envelope. Post-repair validated: Structural Enclosure Hairline Crack rectified (₹80)."
B340,NMC Light-EV Pack (10S),Shared E-Scooter Fleet Fleet Retire,10S,36.0,7.8,280.8,1409,5.0,36.88,3.38,526.5,27.8,0.33,Intact (Good),None (0-1%),None,PASS,Normal,Normal,Safe,None (Passed All Thresholds),55.5,155.8,62.8,Severe (>0.035%/cycle),Tier 4: Highly Degraded (<65%),Good / Balanced,Operational (Healthy),Accurate / Responsive,Clean & Firm,Clean (No Cracks),None (Fully Functional),None,Not Applicable,0,None,De-rate Power & Direct Allocation,Not Applicable (Direct Pass),55.5,155.8,Eligible (Limited Use - Derated),Rural Off-Grid Household,79,"PASSED SAFETY GATE. Effective SoH: 55.5%, Available Capacity: 155.8 Wh, Peak Power: 62.8 W. Matched to 'Rural Off-Grid Household' (Score: 79%). Rationale: Moderate lighting & phone charging load. Internal resistance (526.5 mΩ) satisfies application thermal envelope. Post-repair validated: None (Fully Functional) rectified (₹0)."
B341,Li-ion 18650 Pack (4S),Robotics / Drone Fleet Return,4S,14.8,5.2,77.0,250,1.0,15.32,1.62,82.5,29.4,0.17,Intact (Good),None (0-1%),None,PASS,Normal,Normal,Safe,None (Passed All Thresholds),96.9,74.6,30.7,Low (<0.015%/cycle),Tier 1: Excellent (>85%),Good / Balanced,Operational (Healthy),Accurate / Responsive,Clean & Firm,Clean (No Cracks),None (Fully Functional),None,Not Applicable,0,None,Direct Second-Life Allocation,Not Applicable (Direct Pass),96.9,74.6,Eligible (Direct),Healthcare Clinic Backup,93,"PASSED SAFETY GATE. Effective SoH: 96.9%, Available Capacity: 74.6 Wh, Peak Power: 30.7 W. Matched to 'Healthcare Clinic Backup' (Score: 93%). Rationale: High criticality approved. Internal resistance (82.5 mΩ) satisfies application thermal envelope. Clean unit with zero component defects."
B342,Li-ion 18650 Pack (4S),Robotics / Drone Fleet Return,4S,14.8,5.2,77.0,659,2.2,15.27,1.39,129.4,27.8,0.13,Intact (Good),None (0-1%),None,PASS,Normal,Normal,Safe,None (Passed All Thresholds),79.8,61.4,21.7,Moderate (0.018%/cycle),Tier 2: Good (75-84%),Good / Balanced,Operational (Healthy),Accurate / Responsive,Clean & Firm,Clean (No Cracks),None (Fully Functional),None,Not Applicable,0,None,Direct Second-Life Allocation,Not Applicable (Direct Pass),79.8,61.4,Eligible (Direct),Emergency Disaster Shelter,89,"PASSED SAFETY GATE. Effective SoH: 79.8%, Available Capacity: 61.4 Wh, Peak Power: 21.7 W. Matched to 'Emergency Disaster Shelter' (Score: 89%). Rationale: Robust emergency resilience match. Internal resistance (129.4 mΩ) satisfies application thermal envelope. Clean unit with zero component defects."
B343,Li-ion 18650 Pack (4S),Robotics / Drone Fleet Return,4S,14.8,5.2,77.0,832,2.8,15.3,2.17,152.3,25.4,0.11,Intact (Good),None (0-1%),None,PASS,Normal,Normal,Safe,None (Passed All Thresholds),74.5,57.4,26.7,Elevated (0.024%/cycle),Tier 3: Moderate (65-74%),Good / Balanced,Operational (Healthy),Accurate / Responsive,Clean & Firm,Clean (No Cracks),None (Fully Functional),None,Not Applicable,0,None,Direct Second-Life Allocation,Not Applicable (Direct Pass),74.5,57.4,Eligible (Direct),Community Solar Microgrid,82,"PASSED SAFETY GATE. Effective SoH: 74.5%, Available Capacity: 57.4 Wh, Peak Power: 26.7 W. Matched to 'Community Solar Microgrid' (Score: 82%). Rationale: Daily solar diurnal buffering compatible. Internal resistance (152.3 mΩ) satisfies application thermal envelope. Clean unit with zero component defects."
B344,NMC Light-EV Pack (10S),Shared E-Scooter Fleet Fleet Retire,10S,36.0,7.8,280.8,257,1.0,35.71,3.44,247.1,28.8,0.18,Chemical Residue & Vent Breach,None (0-1%),Active Electrolyte Leakage / Corrosion,FAIL,Normal,Normal,CRITICAL (Chemical Hazard),Safety Vent Ruptured & Toxic Chemical Egress,N/A (Unsafe),0.0,0.0,Catastrophic,Unfit / Hazardous,Good / Balanced,Operational (Healthy),Accurate / Responsive,Clean & Firm,Clean (No Cracks),Seal Rupture & Electrolyte Evaporation,Catastrophic,No (Inherent Cell Hazard),0,Impossible (Hazardous),Reject & Immediate Recycling,Not Applicable,0.0,0.0,Unfit for Reuse,None (Safety Rejected),0,"EJECTED AT SAFETY GATE: Fails mandatory screening due to Safety Vent Ruptured & Toxic Chemical Egress. Under REUSEGRID AI protocol, zero matching score can override a physical safety failure. Battery routed directly to certified closed-loop recycling."
B345,Prismatic Li-ion Module (2S),Telecom Backup Rack Module,2S,7.4,10.0,74.0,542,2.3,7.36,3.11,39.0,30.6,0.17,Intact (Good),None (0-1%),None,PASS,Normal,Normal,Safe,None (Passed All Thresholds),86.2,63.8,25.2,Low (<0.015%/cycle),Tier 1: Excellent (>85%),Good / Balanced,Operational (Healthy),Accurate / Responsive,Clean & Firm,Clean (No Cracks),None (Fully Functional),None,Not Applicable,0,None,Direct Second-Life Allocation,Not Applicable (Direct Pass),86.2,63.8,Eligible (Direct),Healthcare Clinic Backup,96,"PASSED SAFETY GATE. Effective SoH: 86.2%, Available Capacity: 63.8 Wh, Peak Power: 25.2 W. Matched to 'Healthcare Clinic Backup' (Score: 96%). Rationale: High criticality approved. Internal resistance (39.0 mΩ) satisfies application thermal envelope. Clean unit with zero component defects."
B346,NMC Light-EV Pack (10S),Shared E-Scooter Fleet Fleet Retire,10S,36.0,7.8,280.8,1307,4.4,34.8,1.69,551.3,30.3,0.12,Intact (Good),None (0-1%),None,PASS,Normal,Normal,Safe,None (Passed All Thresholds),55.1,154.7,69.4,Severe (>0.035%/cycle),Tier 4: Highly Degraded (<65%),Good / Balanced,Operational (Healthy),Faulty / Open Circuit Drift,Clean & Firm,Clean (No Cracks),Temperature Sensor Lead Detachment,Medium (Impaired Thermal Monitoring),Yes,320,Easy (Plug-in NTC Thermistor Swap),Secondary Re-test Failed -> Recycle,FAIL (Underlying Cell Thermal Drift),0.0,0.0,Unfit for Reuse,None (Post-Repair Fail),0,"UNFIT: Thermistor replaced, but failed mandatory post-repair thermal stability screening. Battery discarded to recycling."
B347,Li-ion 18650 Pack (4S),Robotics / Drone Fleet Return,4S,14.8,5.2,77.0,681,2.4,14.89,3.05,97.6,30.3,0.15,Intact (Good),None (0-1%),None,PASS,Normal,Normal,Safe,None (Passed All Thresholds),82.3,63.4,24.1,Moderate (0.018%/cycle),Tier 2: Good (75-84%),Good / Balanced,Operational (Healthy),Accurate / Responsive,Clean & Firm,Clean (No Cracks),None (Fully Functional),None,Not Applicable,0,None,Direct Second-Life Allocation,Not Applicable (Direct Pass),82.3,63.4,Eligible (Direct),Emergency Disaster Shelter,87,"PASSED SAFETY GATE. Effective SoH: 82.3%, Available Capacity: 63.4 Wh, Peak Power: 24.1 W. Matched to 'Emergency Disaster Shelter' (Score: 87%). Rationale: Robust emergency resilience match. Internal resistance (97.6 mΩ) satisfies application thermal envelope. Clean unit with zero component defects."
B348,Power Tool Li-ion Pack (5S),Industrial Tool Rental Surplus,5S,18.0,4.0,72.0,613,2.2,17.84,2.8,134.1,26.4,0.29,Intact (Good),None (0-1%),None,PASS,Normal,Normal,Safe,None (Passed All Thresholds),80.5,58.0,30.6,Moderate (0.018%/cycle),Tier 2: Good (75-84%),Good / Balanced,BMS Protection Lock / Blown MOSFET,Accurate / Responsive,Clean & Firm,Clean (No Cracks),BMS Discharge Port Fault,High (Output Power Blocked/Erratic),Yes,850,Moderate (Modular BMS Replacement),Replace BMS Board & Calibrate,PASS (Protection Thresholds Verified),82.0,59.0,Eligible (Post-Repair),Emergency Disaster Shelter,92,"PASSED SAFETY GATE. Effective SoH: 82.0%, Available Capacity: 59.0 Wh, Peak Power: 30.6 W. Matched to 'Emergency Disaster Shelter' (Score: 92%). Rationale: Robust emergency resilience match. Internal resistance (134.1 mΩ) satisfies application thermal envelope. Post-repair validated: BMS Discharge Port Fault rectified (₹850)."
B349,NMC Light-EV Pack (10S),Shared E-Scooter Fleet Fleet Retire,10S,36.0,7.8,280.8,562,1.9,36.94,2.75,335.2,30.8,0.22,Severely Distorted / Puffed,Severe Swelling (>6%),None,FAIL,Normal,Normal,CRITICAL (Pouch/Can Deformed),Mechanical Instability: Internal Delamination / Gas Build-up,N/A (Unsafe),0.0,0.0,Catastrophic,Unfit / Hazardous,Gassing / Cell Swelling,Operational (Healthy),Accurate / Responsive,Clean & Firm,Clean (No Cracks),Severe Cell Deformation,Catastrophic,No (Inherent Cell Hazard),0,Impossible (Hazardous),Reject & Immediate Recycling,Not Applicable,0.0,0.0,Unfit for Reuse,None (Safety Rejected),0,"EJECTED AT SAFETY GATE: Fails mandatory screening due to Mechanical Instability: Internal Delamination / Gas Build-up. Under REUSEGRID AI protocol, zero matching score can override a physical safety failure. Battery routed directly to certified closed-loop recycling."
B350,NMC Light-EV Pack (10S),Shared E-Scooter Fleet Fleet Retire,10S,36.0,7.8,280.8,985,3.5,37.42,1.56,361.1,31.9,0.39,Intact (Good),None (0-1%),None,PASS,Normal,Normal,Safe,None (Passed All Thresholds),66.8,187.6,95.4,Elevated (0.024%/cycle),Tier 3: Moderate (65-74%),Good / Balanced,Operational (Healthy),Accurate / Responsive,Clean & Firm,Clean (No Cracks),None (Fully Functional),None,Not Applicable,0,None,De-rate Power & Direct Allocation,Not Applicable (Direct Pass),66.8,187.6,Eligible (Limited Use - Derated),Rural School Lighting & Labs,81,"PASSED SAFETY GATE. Effective SoH: 66.8%, Available Capacity: 187.6 Wh, Peak Power: 95.4 W. Matched to 'Rural School Lighting & Labs' (Score: 81%). Rationale: Daytime educational load requirement met. Internal resistance (361.1 mΩ) satisfies application thermal envelope. Post-repair validated: None (Fully Functional) rectified (₹0)."
B351,Li-ion 18650 Pack (4S),Robotics / Drone Fleet Return,4S,14.8,5.2,77.0,807,3.2,8.1,2.18,137.0,27.3,0.27,Intact (Good),None (0-1%),None,FAIL,Normal,CRITICAL (Deep Discharge Under-Voltage),Safe,Copper Shunt / Dendrite Short Risk (<2.0V/cell),N/A (Unsafe),0.0,0.0,Catastrophic,Unfit / Hazardous,Dead Cell / Inversion,Operational (Healthy),Accurate / Responsive,Clean & Firm,Clean (No Cracks),Irreversible Cell Over-discharge,Critical,No (Inherent Cell Hazard),0,Impossible (Hazardous),Reject & Immediate Recycling,Not Applicable,0.0,0.0,Unfit for Reuse,None (Safety Rejected),0,"EJECTED AT SAFETY GATE: Fails mandatory screening due to Copper Shunt / Dendrite Short Risk (<2.0V/cell). Under REUSEGRID AI protocol, zero matching score can override a physical safety failure. Battery routed directly to certified closed-loop recycling."
B352,LiFePO4 (LFP) Module (4S),Solar Street Light / Telecom Decom,4S,12.8,6.0,76.8,1317,4.9,12.3,3.08,198.4,25.3,0.37,Intact (Good),None (0-1%),None,PASS,Normal,Normal,Safe,None (Passed All Thresholds),61.5,47.2,25.9,Severe (>0.035%/cycle),Tier 4: Highly Degraded (<65%),Good / Balanced,Operational (Healthy),Accurate / Responsive,Clean & Firm,Clean (No Cracks),None (Fully Functional),None,Not Applicable,0,None,De-rate Power & Direct Allocation,Not Applicable (Direct Pass),61.5,47.2,Eligible (Limited Use - Derated),Rural Off-Grid Household,73,"PASSED SAFETY GATE. Effective SoH: 61.5%, Available Capacity: 47.2 Wh, Peak Power: 25.9 W. Matched to 'Rural Off-Grid Household' (Score: 73%). Rationale: Moderate lighting & phone charging load. Internal resistance (198.4 mΩ) satisfies application thermal envelope. Post-repair validated: None (Fully Functional) rectified (₹0)."
B353,NMC Light-EV Pack (10S),Shared E-Scooter Fleet Fleet Retire,10S,36.0,7.8,280.8,491,2.0,34.92,3.45,235.7,29.7,0.35,Intact (Good),None (0-1%),None,PASS,Normal,Normal,Safe,None (Passed All Thresholds),87.1,244.6,101.5,Low (<0.015%/cycle),Tier 1: Excellent (>85%),Good / Balanced,Operational (Healthy),Accurate / Responsive,Clean & Firm,Clean (No Cracks),None (Fully Functional),None,Not Applicable,0,None,Direct Second-Life Allocation,Not Applicable (Direct Pass),87.1,244.6,Eligible (Direct),Healthcare Clinic Backup,95,"PASSED SAFETY GATE. Effective SoH: 87.1%, Available Capacity: 244.6 Wh, Peak Power: 101.5 W. Matched to 'Healthcare Clinic Backup' (Score: 95%). Rationale: High criticality approved. Internal resistance (235.7 mΩ) satisfies application thermal envelope. Clean unit with zero component defects."
B354,LiFePO4 (LFP) Module (4S),Solar Street Light / Telecom Decom,4S,12.8,6.0,76.8,823,3.1,12.57,2.97,134.5,26.6,0.31,Intact (Good),None (0-1%),None,PASS,Normal,Normal,Safe,None (Passed All Thresholds),78.0,59.9,23.8,Moderate (0.018%/cycle),Tier 2: Good (75-84%),Good / Balanced,Operational (Healthy),Accurate / Responsive,Clean & Firm,Clean (No Cracks),None (Fully Functional),None,Not Applicable,0,None,Direct Second-Life Allocation,Not Applicable (Direct Pass),78.0,59.9,Eligible (Direct),Emergency Disaster Shelter,89,"PASSED SAFETY GATE. Effective SoH: 78.0%, Available Capacity: 59.9 Wh, Peak Power: 23.8 W. Matched to 'Emergency Disaster Shelter' (Score: 89%). Rationale: Robust emergency resilience match. Internal resistance (134.5 mΩ) satisfies application thermal envelope. Clean unit with zero component defects."
B355,Power Tool Li-ion Pack (5S),Industrial Tool Rental Surplus,5S,18.0,4.0,72.0,997,3.4,18.34,1.99,152.6,28.3,0.38,Intact (Good),None (0-1%),None,PASS,Normal,Normal,Safe,None (Passed All Thresholds),74.7,53.8,22.4,Elevated (0.024%/cycle),Tier 3: Moderate (65-74%),Good / Balanced,Operational (Healthy),Accurate / Responsive,Oxidized Terminals / Damaged XT60 Pin,Clean (No Cracks),High-Resistance Connector Degradation,Medium (Localized Contact Heating),Yes,220,Easy (Terminal Re-crimp & Re-soldering),Replace Connector Harness,PASS (Contact Resistance < 5 mOhm),74.7,53.8,Eligible (Post-Repair),Community Solar Microgrid,83,"PASSED SAFETY GATE. Effective SoH: 74.7%, Available Capacity: 53.8 Wh, Peak Power: 22.4 W. Matched to 'Community Solar Microgrid' (Score: 83%). Rationale: Daily solar diurnal buffering compatible. Internal resistance (152.6 mΩ) satisfies application thermal envelope. Post-repair validated: High-Resistance Connector Degradation rectified (₹220)."
B356,Prismatic Li-ion Module (2S),Telecom Backup Rack Module,2S,7.4,10.0,74.0,214,0.6,7.21,1.88,58.3,29.6,0.39,Intact (Good),None (0-1%),None,PASS,Normal,Normal,Safe,None (Passed All Thresholds),90.3,66.8,24.1,Low (<0.015%/cycle),Tier 1: Excellent (>85%),Good / Balanced,Operational (Healthy),Accurate / Responsive,Clean & Firm,Clean (No Cracks),None (Fully Functional),None,Not Applicable,0,None,Direct Second-Life Allocation,Not Applicable (Direct Pass),90.3,66.8,Eligible (Direct),Healthcare Clinic Backup,97,"PASSED SAFETY GATE. Effective SoH: 90.3%, Available Capacity: 66.8 Wh, Peak Power: 24.1 W. Matched to 'Healthcare Clinic Backup' (Score: 97%). Rationale: High criticality approved. Internal resistance (58.3 mΩ) satisfies application thermal envelope. Clean unit with zero component defects."
B357,NMC Light-EV Pack (10S),Shared E-Scooter Fleet Fleet Retire,10S,36.0,7.8,280.8,806,3.0,36.29,1.98,316.0,31.4,0.22,Intact (Good),None (0-1%),None,PASS,Normal,Normal,Safe,None (Passed All Thresholds),73.3,205.8,77.9,Elevated (0.024%/cycle),Tier 3: Moderate (65-74%),Good / Balanced,Operational (Healthy),Accurate / Responsive,Clean & Firm,Clean (No Cracks),None (Fully Functional),None,Not Applicable,0,None,Direct Second-Life Allocation,Not Applicable (Direct Pass),73.3,205.8,Eligible (Direct),Community Solar Microgrid,85,"PASSED SAFETY GATE. Effective SoH: 73.3%, Available Capacity: 205.8 Wh, Peak Power: 77.9 W. Matched to 'Community Solar Microgrid' (Score: 85%). Rationale: Daily solar diurnal buffering compatible. Internal resistance (316.0 mΩ) satisfies application thermal envelope. Clean unit with zero component defects."
B358,Li-ion 18650 Pack (3S),Portable Medical / Tech Return,3S,11.1,4.4,48.8,559,2.1,11.26,2.76,91.3,31.6,0.19,Intact (Good),None (0-1%),None,PASS,Normal,Normal,Safe,None (Passed All Thresholds),85.4,41.7,14.6,Low (<0.015%/cycle),Tier 1: Excellent (>85%),Good / Balanced,Operational (Healthy),Accurate / Responsive,Clean & Firm,Clean (No Cracks),None (Fully Functional),None,Not Applicable,0,None,Direct Second-Life Allocation,Not Applicable (Direct Pass),85.4,41.7,Eligible (Direct),Community Solar Microgrid,81,"PASSED SAFETY GATE. Effective SoH: 85.4%, Available Capacity: 41.7 Wh, Peak Power: 14.6 W. Matched to 'Community Solar Microgrid' (Score: 81%). Rationale: Daily solar diurnal buffering compatible. Internal resistance (91.3 mΩ) satisfies application thermal envelope. Clean unit with zero component defects."
B359,Li-ion 18650 Pack (4S),Robotics / Drone Fleet Return,4S,14.8,5.2,77.0,498,1.9,15.07,1.94,94.8,29.7,0.27,Intact (Good),None (0-1%),None,PASS,Normal,Normal,Safe,None (Passed All Thresholds),89.3,68.8,28.8,Low (<0.015%/cycle),Tier 1: Excellent (>85%),Good / Balanced,Operational (Healthy),Accurate / Responsive,Clean & Firm,Clean (No Cracks),None (Fully Functional),None,Not Applicable,0,None,Direct Second-Life Allocation,Not Applicable (Direct Pass),89.3,68.8,Eligible (Direct),Healthcare Clinic Backup,91,"PASSED SAFETY GATE. Effective SoH: 89.3%, Available Capacity: 68.8 Wh, Peak Power: 28.8 W. Matched to 'Healthcare Clinic Backup' (Score: 91%). Rationale: High criticality approved. Internal resistance (94.8 mΩ) satisfies application thermal envelope. Clean unit with zero component defects."
B360,LiFePO4 (LFP) Module (4S),Solar Street Light / Telecom Decom,4S,12.8,6.0,76.8,369,1.6,12.7,2.88,93.0,30.5,0.14,Intact (Good),None (0-1%),None,PASS,Normal,Normal,Safe,None (Passed All Thresholds),89.3,68.6,24.0,Low (<0.015%/cycle),Tier 1: Excellent (>85%),Good / Balanced,Operational (Healthy),Accurate / Responsive,Clean & Firm,Clean (No Cracks),None (Fully Functional),None,Not Applicable,0,None,Direct Second-Life Allocation,Not Applicable (Direct Pass),89.3,68.6,Eligible (Direct),Healthcare Clinic Backup,95,"PASSED SAFETY GATE. Effective SoH: 89.3%, Available Capacity: 68.6 Wh, Peak Power: 24.0 W. Matched to 'Healthcare Clinic Backup' (Score: 95%). Rationale: High criticality approved. Internal resistance (93.0 mΩ) satisfies application thermal envelope. Clean unit with zero component defects."
B361,Prismatic Li-ion Module (2S),Telecom Backup Rack Module,2S,7.4,10.0,74.0,609,2.1,7.67,2.5,64.1,61.2,3.19,Intact (Good),None (0-1%),None,FAIL,CRITICAL (>50°C rapid rise),Normal,Safe,Thermal Runaway Imminent: Extreme Heat & Temp Velocity,N/A (Unsafe),0.0,0.0,Catastrophic,Unfit / Hazardous,Severe Thermal Stress,Operational (Healthy),Accurate / Responsive,Clean & Firm,Clean (No Cracks),Uncontrolled Cell Overheating,Catastrophic,No (Inherent Cell Hazard),0,Impossible (Hazardous),Reject & Immediate Recycling,Not Applicable,0.0,0.0,Unfit for Reuse,None (Safety Rejected),0,"EJECTED AT SAFETY GATE: Fails mandatory screening due to Thermal Runaway Imminent: Extreme Heat & Temp Velocity. Under REUSEGRID AI protocol, zero matching score can override a physical safety failure. Battery routed directly to certified closed-loop recycling."
B362,Prismatic Li-ion Module (2S),Telecom Backup Rack Module,2S,7.4,10.0,74.0,635,2.1,7.21,3.47,51.9,28.1,0.26,Intact (Good),None (0-1%),None,PASS,Normal,Normal,Safe,None (Passed All Thresholds),80.6,59.6,31.3,Moderate (0.018%/cycle),Tier 2: Good (75-84%),Good / Balanced,Operational (Healthy),Accurate / Responsive,Clean & Firm,Clean (No Cracks),None (Fully Functional),None,Not Applicable,0,None,Direct Second-Life Allocation,Not Applicable (Direct Pass),80.6,59.6,Eligible (Direct),Emergency Disaster Shelter,92,"PASSED SAFETY GATE. Effective SoH: 80.6%, Available Capacity: 59.6 Wh, Peak Power: 31.3 W. Matched to 'Emergency Disaster Shelter' (Score: 92%). Rationale: Robust emergency resilience match. Internal resistance (51.9 mΩ) satisfies application thermal envelope. Clean unit with zero component defects."
B363,Li-ion 18650 Pack (3S),Portable Medical / Tech Return,3S,11.1,4.4,48.8,811,3.2,11.25,2.77,104.5,27.2,0.14,Intact (Good),None (0-1%),None,PASS,Normal,Normal,Safe,None (Passed All Thresholds),71.2,34.7,16.5,Elevated (0.024%/cycle),Tier 3: Moderate (65-74%),Good / Balanced,Operational (Healthy),Accurate / Responsive,Clean & Firm,Clean (No Cracks),None (Fully Functional),None,Not Applicable,0,None,Direct Second-Life Allocation,Not Applicable (Direct Pass),71.2,34.7,Eligible (Direct),Community Solar Microgrid,80,"PASSED SAFETY GATE. Effective SoH: 71.2%, Available Capacity: 34.7 Wh, Peak Power: 16.5 W. Matched to 'Community Solar Microgrid' (Score: 80%). Rationale: Daily solar diurnal buffering compatible. Internal resistance (104.5 mΩ) satisfies application thermal envelope. Clean unit with zero component defects."
B364,Prismatic Li-ion Module (2S),Telecom Backup Rack Module,2S,7.4,10.0,74.0,807,3.1,7.4,2.88,73.1,29.3,0.16,Intact (Good),None (0-1%),None,PASS,Normal,Normal,Safe,None (Passed All Thresholds),79.4,58.8,23.9,Moderate (0.018%/cycle),Tier 2: Good (75-84%),Good / Balanced,BMS Protection Lock / Blown MOSFET,Accurate / Responsive,Clean & Firm,Clean (No Cracks),BMS Discharge Port Fault,High (Output Power Blocked/Erratic),Yes,650,Moderate (Modular BMS Replacement),Replace BMS Board & Calibrate,PASS (Protection Thresholds Verified),80.4,59.5,Eligible (Post-Repair),Emergency Disaster Shelter,88,"PASSED SAFETY GATE. Effective SoH: 80.4%, Available Capacity: 59.5 Wh, Peak Power: 23.9 W. Matched to 'Emergency Disaster Shelter' (Score: 88%). Rationale: Robust emergency resilience match. Internal resistance (73.1 mΩ) satisfies application thermal envelope. Post-repair validated: BMS Discharge Port Fault rectified (₹650)."
B365,Li-ion 18650 Pack (3S),Portable Medical / Tech Return,3S,11.1,4.4,48.8,847,3.3,10.75,2.3,120.3,29.1,0.26,Intact (Good),None (0-1%),None,PASS,Normal,Normal,Safe,None (Passed All Thresholds),73.4,35.8,13.1,Elevated (0.024%/cycle),Tier 3: Moderate (65-74%),Good / Balanced,Operational (Healthy),Accurate / Responsive,Oxidized Terminals / Damaged XT60 Pin,Clean (No Cracks),High-Resistance Connector Degradation,Medium (Localized Contact Heating),Yes,180,Easy (Terminal Re-crimp & Re-soldering),Replace Connector Harness,PASS (Contact Resistance < 5 mOhm),73.4,35.8,Eligible (Post-Repair),Community Solar Microgrid,79,"PASSED SAFETY GATE. Effective SoH: 73.4%, Available Capacity: 35.8 Wh, Peak Power: 13.1 W. Matched to 'Community Solar Microgrid' (Score: 79%). Rationale: Daily solar diurnal buffering compatible. Internal resistance (120.3 mΩ) satisfies application thermal envelope. Post-repair validated: High-Resistance Connector Degradation rectified (₹180)."
B366,Li-ion 18650 Pack (4S),Robotics / Drone Fleet Return,4S,14.8,5.2,77.0,383,1.5,15.18,1.3,122.5,28.5,0.31,Minor Hairline Crack on Corner Bracket,None (0-1%),None,PASS,Normal,Normal,Safe,None (Passed All Thresholds),83.0,63.9,25.6,Moderate (0.018%/cycle),Tier 2: Good (75-84%),Good / Balanced,Operational (Healthy),Accurate / Responsive,Clean & Firm,Damaged Mounting Bracket,Structural Enclosure Hairline Crack,Low (Non-Cell Cosmetic / Ingress Risk),No (Factory Moulded Shell),80,Minor (Epoxy / Seal Patching),Operate Under Sealed Enclosure (Limited Use),PASS (Ingress Safe in Indoor Rack),83.0,63.9,Eligible (Limited Use),Emergency Disaster Shelter,87,"PASSED SAFETY GATE. Effective SoH: 83.0%, Available Capacity: 63.9 Wh, Peak Power: 25.6 W. Matched to 'Emergency Disaster Shelter' (Score: 87%). Rationale: Robust emergency resilience match. Internal resistance (122.5 mΩ) satisfies application thermal envelope. Post-repair validated: Structural Enclosure Hairline Crack rectified (₹80)."
B367,Power Tool Li-ion Pack (5S),Industrial Tool Rental Surplus,5S,18.0,4.0,72.0,843,3.3,17.81,2.67,186.6,28.3,0.16,Intact (Good),None (0-1%),None,PASS,Normal,Normal,Safe,None (Passed All Thresholds),75.7,54.5,26.7,Moderate (0.018%/cycle),Tier 2: Good (75-84%),Good / Balanced,Operational (Healthy),Accurate / Responsive,Clean & Firm,Clean (No Cracks),None (Fully Functional),None,Not Applicable,0,None,Direct Second-Life Allocation,Not Applicable (Direct Pass),75.7,54.5,Eligible (Direct),Telecom Cell Tower Backup,87,"PASSED SAFETY GATE. Effective SoH: 75.7%, Available Capacity: 54.5 Wh, Peak Power: 26.7 W. Matched to 'Telecom Cell Tower Backup' (Score: 87%). Rationale: Steady high-reliability discharge profile. Internal resistance (186.6 mΩ) satisfies application thermal envelope. Clean unit with zero component defects."
B368,Li-ion 18650 Pack (4S),Robotics / Drone Fleet Return,4S,14.8,5.2,77.0,611,2.5,14.68,2.94,142.2,28.2,0.22,Intact (Good),None (0-1%),None,PASS,Normal,Normal,Safe,None (Passed All Thresholds),77.7,59.8,23.9,Moderate (0.018%/cycle),Tier 2: Good (75-84%),Good / Balanced,BMS Protection Lock / Blown MOSFET,Accurate / Responsive,Clean & Firm,Clean (No Cracks),BMS Discharge Port Fault,High (Output Power Blocked/Erratic),Yes,1100,Moderate (Modular BMS Replacement),Replace BMS Board & Calibrate,PASS (Protection Thresholds Verified),80.6,62.1,Eligible (Post-Repair),Emergency Disaster Shelter,86,"PASSED SAFETY GATE. Effective SoH: 80.6%, Available Capacity: 62.1 Wh, Peak Power: 23.9 W. Matched to 'Emergency Disaster Shelter' (Score: 86%). Rationale: Robust emergency resilience match. Internal resistance (142.2 mΩ) satisfies application thermal envelope. Post-repair validated: BMS Discharge Port Fault rectified (₹1100)."
B369,Power Tool Li-ion Pack (5S),Industrial Tool Rental Surplus,5S,18.0,4.0,72.0,813,3.3,18.01,1.57,170.6,29.6,0.4,Intact (Good),None (0-1%),None,PASS,Normal,Normal,Safe,None (Passed All Thresholds),73.1,52.6,23.2,Elevated (0.024%/cycle),Tier 3: Moderate (65-74%),Good / Balanced,Operational (Healthy),Accurate / Responsive,Clean & Firm,Clean (No Cracks),None (Fully Functional),None,Not Applicable,0,None,Direct Second-Life Allocation,Not Applicable (Direct Pass),73.1,52.6,Eligible (Direct),Community Solar Microgrid,82,"PASSED SAFETY GATE. Effective SoH: 73.1%, Available Capacity: 52.6 Wh, Peak Power: 23.2 W. Matched to 'Community Solar Microgrid' (Score: 82%). Rationale: Daily solar diurnal buffering compatible. Internal resistance (170.6 mΩ) satisfies application thermal envelope. Clean unit with zero component defects."
B370,NMC Light-EV Pack (10S),Shared E-Scooter Fleet Fleet Retire,10S,36.0,7.8,280.8,645,2.1,36.46,2.22,301.1,29.5,0.12,Intact (Good),None (0-1%),None,PASS,Normal,Normal,Safe,None (Passed All Thresholds),80.7,226.6,116.2,Moderate (0.018%/cycle),Tier 2: Good (75-84%),Good / Balanced,Operational (Healthy),Accurate / Responsive,Clean & Firm,Clean (No Cracks),None (Fully Functional),None,Not Applicable,0,None,Direct Second-Life Allocation,Not Applicable (Direct Pass),80.7,226.6,Eligible (Direct),Emergency Disaster Shelter,92,"PASSED SAFETY GATE. Effective SoH: 80.7%, Available Capacity: 226.6 Wh, Peak Power: 116.2 W. Matched to 'Emergency Disaster Shelter' (Score: 92%). Rationale: Robust emergency resilience match. Internal resistance (301.1 mΩ) satisfies application thermal envelope. Clean unit with zero component defects."
B371,Li-ion 18650 Pack (4S),Robotics / Drone Fleet Return,4S,14.8,5.2,77.0,881,3.5,14.9,2.12,143.4,27.4,0.14,Intact (Good),None (0-1%),None,PASS,Normal,Normal,Safe,None (Passed All Thresholds),73.0,56.2,24.1,Elevated (0.024%/cycle),Tier 3: Moderate (65-74%),Good / Balanced,Operational (Healthy),Accurate / Responsive,Oxidized Terminals / Damaged XT60 Pin,Clean (No Cracks),High-Resistance Connector Degradation,Medium (Localized Contact Heating),Yes,180,Easy (Terminal Re-crimp & Re-soldering),Replace Connector Harness,PASS (Contact Resistance < 5 mOhm),73.0,56.2,Eligible (Post-Repair),Community Solar Microgrid,80,"PASSED SAFETY GATE. Effective SoH: 73.0%, Available Capacity: 56.2 Wh, Peak Power: 24.1 W. Matched to 'Community Solar Microgrid' (Score: 80%). Rationale: Daily solar diurnal buffering compatible. Internal resistance (143.4 mΩ) satisfies application thermal envelope. Post-repair validated: High-Resistance Connector Degradation rectified (₹180)."
B372,LiFePO4 (LFP) Module (4S),Solar Street Light / Telecom Decom,4S,12.8,6.0,76.8,981,3.3,13.18,2.53,148.8,27.4,0.34,Intact (Good),None (0-1%),None,PASS,Normal,Normal,Safe,None (Passed All Thresholds),71.8,55.1,25.2,Elevated (0.024%/cycle),Tier 3: Moderate (65-74%),Good / Balanced,Operational (Healthy),Accurate / Responsive,Clean & Firm,Clean (No Cracks),None (Fully Functional),None,Not Applicable,0,None,Direct Second-Life Allocation,Not Applicable (Direct Pass),71.8,55.1,Eligible (Direct),Community Solar Microgrid,79,"PASSED SAFETY GATE. Effective SoH: 71.8%, Available Capacity: 55.1 Wh, Peak Power: 25.2 W. Matched to 'Community Solar Microgrid' (Score: 79%). Rationale: Daily solar diurnal buffering compatible. Internal resistance (148.8 mΩ) satisfies application thermal envelope. Clean unit with zero component defects."
B373,NMC Light-EV Pack (10S),Shared E-Scooter Fleet Fleet Retire,10S,36.0,7.8,280.8,795,3.2,35.0,2.2,337.9,29.2,0.12,Intact (Good),None (0-1%),None,PASS,Normal,Normal,Safe,None (Passed All Thresholds),70.3,197.4,106.2,Elevated (0.024%/cycle),Tier 3: Moderate (65-74%),Good / Balanced,Operational (Healthy),Accurate / Responsive,Clean & Firm,Clean (No Cracks),None (Fully Functional),None,Not Applicable,0,None,Direct Second-Life Allocation,Not Applicable (Direct Pass),70.3,197.4,Eligible (Direct),Community Solar Microgrid,86,"PASSED SAFETY GATE. Effective SoH: 70.3%, Available Capacity: 197.4 Wh, Peak Power: 106.2 W. Matched to 'Community Solar Microgrid' (Score: 86%). Rationale: Daily solar diurnal buffering compatible. Internal resistance (337.9 mΩ) satisfies application thermal envelope. Clean unit with zero component defects."
B374,Prismatic Li-ion Module (2S),Telecom Backup Rack Module,2S,7.4,10.0,74.0,815,3.2,7.59,3.0,68.1,26.9,0.38,Intact (Good),None (0-1%),None,PASS,Normal,Normal,Safe,None (Passed All Thresholds),75.2,55.6,20.8,Moderate (0.018%/cycle),Tier 2: Good (75-84%),Good / Balanced,Operational (Healthy),Accurate / Responsive,Clean & Firm,Clean (No Cracks),None (Fully Functional),None,Not Applicable,0,None,Direct Second-Life Allocation,Not Applicable (Direct Pass),75.2,55.6,Eligible (Direct),Telecom Cell Tower Backup,90,"PASSED SAFETY GATE. Effective SoH: 75.2%, Available Capacity: 55.6 Wh, Peak Power: 20.8 W. Matched to 'Telecom Cell Tower Backup' (Score: 90%). Rationale: Steady high-reliability discharge profile. Internal resistance (68.1 mΩ) satisfies application thermal envelope. Clean unit with zero component defects."
B375,Li-ion 18650 Pack (3S),Portable Medical / Tech Return,3S,11.1,4.4,48.8,1428,4.9,11.49,2.75,131.4,28.4,0.34,Intact (Good),None (0-1%),None,PASS,Normal,Normal,Safe,None (Passed All Thresholds),59.8,29.2,15.8,Severe (>0.035%/cycle),Tier 4: Highly Degraded (<65%),Good / Balanced,Operational (Healthy),Accurate / Responsive,Clean & Firm,Clean (No Cracks),None (Fully Functional),None,Not Applicable,0,None,De-rate Power & Direct Allocation,Not Applicable (Direct Pass),59.8,29.2,Eligible (Limited Use - Derated),Rural Off-Grid Household,70,"PASSED SAFETY GATE. Effective SoH: 59.8%, Available Capacity: 29.2 Wh, Peak Power: 15.8 W. Matched to 'Rural Off-Grid Household' (Score: 70%). Rationale: Moderate lighting & phone charging load. Internal resistance (131.4 mΩ) satisfies application thermal envelope. Post-repair validated: None (Fully Functional) rectified (₹0)."
B376,LiFePO4 (LFP) Module (4S),Solar Street Light / Telecom Decom,4S,12.8,6.0,76.8,1478,5.0,12.74,2.68,183.0,27.7,0.12,Intact (Good),None (0-1%),None,PASS,Normal,Normal,Safe,None (Passed All Thresholds),54.9,42.2,19.8,Severe (>0.035%/cycle),Tier 4: Highly Degraded (<65%),Good / Balanced,Operational (Healthy),Accurate / Responsive,Clean & Firm,Clean (No Cracks),None (Fully Functional),None,Not Applicable,0,None,De-rate Power & Direct Allocation,Not Applicable (Direct Pass),54.9,42.2,Eligible (Limited Use - Derated),Secondary Micro-Reserve Buffer,72,"PASSED SAFETY GATE. Effective SoH: 54.9%, Available Capacity: 42.2 Wh, Peak Power: 19.8 W. Matched to 'Secondary Micro-Reserve Buffer' (Score: 72%). Rationale: Low-drain buffer storage tier. Internal resistance (183.0 mΩ) satisfies application thermal envelope. Post-repair validated: None (Fully Functional) rectified (₹0)."
B377,LiFePO4 (LFP) Module (4S),Solar Street Light / Telecom Decom,4S,12.8,6.0,76.8,631,2.1,13.13,2.55,136.9,27.5,0.34,Intact (Good),None (0-1%),None,PASS,Normal,Normal,Safe,None (Passed All Thresholds),79.6,61.1,28.2,Moderate (0.018%/cycle),Tier 2: Good (75-84%),Good / Balanced,Operational (Healthy),Accurate / Responsive,Clean & Firm,Clean (No Cracks),None (Fully Functional),None,Not Applicable,0,None,Direct Second-Life Allocation,Not Applicable (Direct Pass),79.6,61.1,Eligible (Direct),Emergency Disaster Shelter,91,"PASSED SAFETY GATE. Effective SoH: 79.6%, Available Capacity: 61.1 Wh, Peak Power: 28.2 W. Matched to 'Emergency Disaster Shelter' (Score: 91%). Rationale: Robust emergency resilience match. Internal resistance (136.9 mΩ) satisfies application thermal envelope. Clean unit with zero component defects."
B378,NMC Light-EV Pack (10S),Shared E-Scooter Fleet Fleet Retire,10S,36.0,7.8,280.8,862,3.3,36.12,2.59,449.1,26.5,0.29,Intact (Good),None (0-1%),None,PASS,Normal,Normal,Safe,None (Passed All Thresholds),68.8,193.2,89.7,Elevated (0.024%/cycle),Tier 3: Moderate (65-74%),Good / Balanced,Operational (Healthy),Accurate / Responsive,Clean & Firm,Clean (No Cracks),None (Fully Functional),None,Not Applicable,0,None,De-rate Power & Direct Allocation,Not Applicable (Direct Pass),68.8,193.2,Eligible (Limited Use - Derated),Rural School Lighting & Labs,77,"PASSED SAFETY GATE. Effective SoH: 68.8%, Available Capacity: 193.2 Wh, Peak Power: 89.7 W. Matched to 'Rural School Lighting & Labs' (Score: 77%). Rationale: Daytime educational load requirement met. Internal resistance (449.1 mΩ) satisfies application thermal envelope. Post-repair validated: None (Fully Functional) rectified (₹0)."
B379,NMC Light-EV Pack (10S),Shared E-Scooter Fleet Fleet Retire,10S,36.0,7.8,280.8,317,1.3,36.48,1.38,234.1,28.1,0.15,Intact (Good),None (0-1%),None,PASS,Normal,Normal,Safe,None (Passed All Thresholds),90.8,255.0,98.7,Low (<0.015%/cycle),Tier 1: Excellent (>85%),Good / Balanced,Operational (Healthy),Accurate / Responsive,Clean & Firm,Clean (No Cracks),None (Fully Functional),None,Not Applicable,0,None,Direct Second-Life Allocation,Not Applicable (Direct Pass),90.8,255.0,Eligible (Direct),Healthcare Clinic Backup,91,"PASSED SAFETY GATE. Effective SoH: 90.8%, Available Capacity: 255.0 Wh, Peak Power: 98.7 W. Matched to 'Healthcare Clinic Backup' (Score: 91%). Rationale: High criticality approved. Internal resistance (234.1 mΩ) satisfies application thermal envelope. Clean unit with zero component defects."
B380,Li-ion 18650 Pack (4S),Robotics / Drone Fleet Return,4S,14.8,5.2,77.0,634,2.0,14.66,3.13,106.7,26.0,0.25,Intact (Good),None (0-1%),None,PASS,Normal,Normal,Safe,None (Passed All Thresholds),82.9,63.8,23.1,Moderate (0.018%/cycle),Tier 2: Good (75-84%),Good / Balanced,Operational (Healthy),Accurate / Responsive,Clean & Firm,Clean (No Cracks),None (Fully Functional),None,Not Applicable,0,None,Direct Second-Life Allocation,Not Applicable (Direct Pass),82.9,63.8,Eligible (Direct),Emergency Disaster Shelter,85,"PASSED SAFETY GATE. Effective SoH: 82.9%, Available Capacity: 63.8 Wh, Peak Power: 23.1 W. Matched to 'Emergency Disaster Shelter' (Score: 85%). Rationale: Robust emergency resilience match. Internal resistance (106.7 mΩ) satisfies application thermal envelope. Clean unit with zero component defects."
B381,NMC Light-EV Pack (10S),Shared E-Scooter Fleet Fleet Retire,10S,36.0,7.8,280.8,803,3.0,34.7,1.43,382.6,25.3,0.16,Chemical Residue & Vent Breach,None (0-1%),Active Electrolyte Leakage / Corrosion,FAIL,Normal,Normal,CRITICAL (Chemical Hazard),Safety Vent Ruptured & Toxic Chemical Egress,N/A (Unsafe),0.0,0.0,Catastrophic,Unfit / Hazardous,Good / Balanced,Operational (Healthy),Accurate / Responsive,Clean & Firm,Clean (No Cracks),Seal Rupture & Electrolyte Evaporation,Catastrophic,No (Inherent Cell Hazard),0,Impossible (Hazardous),Reject & Immediate Recycling,Not Applicable,0.0,0.0,Unfit for Reuse,None (Safety Rejected),0,"EJECTED AT SAFETY GATE: Fails mandatory screening due to Safety Vent Ruptured & Toxic Chemical Egress. Under REUSEGRID AI protocol, zero matching score can override a physical safety failure. Battery routed directly to certified closed-loop recycling."
B382,Power Tool Li-ion Pack (5S),Industrial Tool Rental Surplus,5S,18.0,4.0,72.0,877,2.9,17.46,1.48,162.0,28.6,0.17,Intact (Good),None (0-1%),None,PASS,Normal,Normal,Safe,None (Passed All Thresholds),73.0,52.6,22.2,Elevated (0.024%/cycle),Tier 3: Moderate (65-74%),Good / Balanced,Operational (Healthy),Accurate / Responsive,Oxidized Terminals / Damaged XT60 Pin,Clean (No Cracks),High-Resistance Connector Degradation,Medium (Localized Contact Heating),Yes,220,Easy (Terminal Re-crimp & Re-soldering),Replace Connector Harness,PASS (Contact Resistance < 5 mOhm),73.0,52.6,Eligible (Post-Repair),Community Solar Microgrid,88,"PASSED SAFETY GATE. Effective SoH: 73.0%, Available Capacity: 52.6 Wh, Peak Power: 22.2 W. Matched to 'Community Solar Microgrid' (Score: 88%). Rationale: Daily solar diurnal buffering compatible. Internal resistance (162.0 mΩ) satisfies application thermal envelope. Post-repair validated: High-Resistance Connector Degradation rectified (₹220)."
B383,LiFePO4 (LFP) Module (4S),Solar Street Light / Telecom Decom,4S,12.8,6.0,76.8,921,3.7,12.37,1.21,148.7,29.7,0.29,Chemical Residue & Vent Breach,None (0-1%),Active Electrolyte Leakage / Corrosion,FAIL,Normal,Normal,CRITICAL (Chemical Hazard),Safety Vent Ruptured & Toxic Chemical Egress,N/A (Unsafe),0.0,0.0,Catastrophic,Unfit / Hazardous,Good / Balanced,Operational (Healthy),Accurate / Responsive,Clean & Firm,Clean (No Cracks),Seal Rupture & Electrolyte Evaporation,Catastrophic,No (Inherent Cell Hazard),0,Impossible (Hazardous),Reject & Immediate Recycling,Not Applicable,0.0,0.0,Unfit for Reuse,None (Safety Rejected),0,"EJECTED AT SAFETY GATE: Fails mandatory screening due to Safety Vent Ruptured & Toxic Chemical Egress. Under REUSEGRID AI protocol, zero matching score can override a physical safety failure. Battery routed directly to certified closed-loop recycling."
B384,LiFePO4 (LFP) Module (4S),Solar Street Light / Telecom Decom,4S,12.8,6.0,76.8,723,2.6,12.61,2.1,137.5,55.7,4.27,Intact (Good),None (0-1%),None,FAIL,CRITICAL (>50°C rapid rise),Normal,Safe,Thermal Runaway Imminent: Extreme Heat & Temp Velocity,N/A (Unsafe),0.0,0.0,Catastrophic,Unfit / Hazardous,Severe Thermal Stress,Operational (Healthy),Accurate / Responsive,Clean & Firm,Clean (No Cracks),Uncontrolled Cell Overheating,Catastrophic,No (Inherent Cell Hazard),0,Impossible (Hazardous),Reject & Immediate Recycling,Not Applicable,0.0,0.0,Unfit for Reuse,None (Safety Rejected),0,"EJECTED AT SAFETY GATE: Fails mandatory screening due to Thermal Runaway Imminent: Extreme Heat & Temp Velocity. Under REUSEGRID AI protocol, zero matching score can override a physical safety failure. Battery routed directly to certified closed-loop recycling."
B385,Power Tool Li-ion Pack (5S),Industrial Tool Rental Surplus,5S,18.0,4.0,72.0,776,2.8,18.71,1.75,185.7,31.1,0.35,Intact (Good),None (0-1%),None,PASS,Normal,Normal,Safe,None (Passed All Thresholds),73.9,53.2,21.0,Elevated (0.024%/cycle),Tier 3: Moderate (65-74%),Good / Balanced,Operational (Healthy),Accurate / Responsive,Clean & Firm,Clean (No Cracks),None (Fully Functional),None,Not Applicable,0,None,Direct Second-Life Allocation,Not Applicable (Direct Pass),73.9,53.2,Eligible (Direct),Community Solar Microgrid,82,"PASSED SAFETY GATE. Effective SoH: 73.9%, Available Capacity: 53.2 Wh, Peak Power: 21.0 W. Matched to 'Community Solar Microgrid' (Score: 82%). Rationale: Daily solar diurnal buffering compatible. Internal resistance (185.7 mΩ) satisfies application thermal envelope. Clean unit with zero component defects."
B386,LiFePO4 (LFP) Module (4S),Solar Street Light / Telecom Decom,4S,12.8,6.0,76.8,653,2.7,13.04,2.17,112.3,29.0,0.35,Intact (Good),None (0-1%),None,PASS,Normal,Normal,Safe,None (Passed All Thresholds),81.7,62.7,32.0,Moderate (0.018%/cycle),Tier 2: Good (75-84%),Good / Balanced,Operational (Healthy),Accurate / Responsive,Clean & Firm,Clean (No Cracks),None (Fully Functional),None,Not Applicable,0,None,Direct Second-Life Allocation,Not Applicable (Direct Pass),81.7,62.7,Eligible (Direct),Emergency Disaster Shelter,91,"PASSED SAFETY GATE. Effective SoH: 81.7%, Available Capacity: 62.7 Wh, Peak Power: 32.0 W. Matched to 'Emergency Disaster Shelter' (Score: 91%). Rationale: Robust emergency resilience match. Internal resistance (112.3 mΩ) satisfies application thermal envelope. Clean unit with zero component defects."
B387,Li-ion 18650 Pack (4S),Robotics / Drone Fleet Return,4S,14.8,5.2,77.0,318,1.3,14.68,2.4,98.9,32.0,0.14,Intact (Good),None (0-1%),None,PASS,Normal,Normal,Safe,None (Passed All Thresholds),89.4,68.8,33.4,Low (<0.015%/cycle),Tier 1: Excellent (>85%),Good / Balanced,Operational (Healthy),Accurate / Responsive,Clean & Firm,Clean (No Cracks),None (Fully Functional),None,Not Applicable,0,None,Direct Second-Life Allocation,Not Applicable (Direct Pass),89.4,68.8,Eligible (Direct),Healthcare Clinic Backup,92,"PASSED SAFETY GATE. Effective SoH: 89.4%, Available Capacity: 68.8 Wh, Peak Power: 33.4 W. Matched to 'Healthcare Clinic Backup' (Score: 92%). Rationale: High criticality approved. Internal resistance (98.9 mΩ) satisfies application thermal envelope. Clean unit with zero component defects."
B388,LiFePO4 (LFP) Module (4S),Solar Street Light / Telecom Decom,4S,12.8,6.0,76.8,415,1.3,12.78,2.16,109.9,27.5,0.28,Intact (Good),None (0-1%),None,PASS,Normal,Normal,Safe,None (Passed All Thresholds),86.1,66.1,30.7,Low (<0.015%/cycle),Tier 1: Excellent (>85%),Good / Balanced,Operational (Healthy),Faulty / Open Circuit Drift,Clean & Firm,Clean (No Cracks),Temperature Sensor Lead Detachment,Medium (Impaired Thermal Monitoring),Yes,400,Easy (Plug-in NTC Thermistor Swap),Repair & Retest Sensor,PASS (Thermal Loop Verified),86.1,66.1,Eligible (Post-Repair),Healthcare Clinic Backup,91,"PASSED SAFETY GATE. Effective SoH: 86.1%, Available Capacity: 66.1 Wh, Peak Power: 30.7 W. Matched to 'Healthcare Clinic Backup' (Score: 91%). Rationale: High criticality approved. Internal resistance (109.9 mΩ) satisfies application thermal envelope. Post-repair validated: Temperature Sensor Lead Detachment rectified (₹400)."
B389,Prismatic Li-ion Module (2S),Telecom Backup Rack Module,2S,7.4,10.0,74.0,707,2.6,7.12,2.02,76.6,30.5,0.27,Intact (Good),None (0-1%),None,PASS,Normal,Normal,Safe,None (Passed All Thresholds),74.1,54.8,22.0,Elevated (0.024%/cycle),Tier 3: Moderate (65-74%),Good / Balanced,Operational (Healthy),Accurate / Responsive,Clean & Firm,Clean (No Cracks),None (Fully Functional),None,Not Applicable,0,None,Direct Second-Life Allocation,Not Applicable (Direct Pass),74.1,54.8,Eligible (Direct),Community Solar Microgrid,85,"PASSED SAFETY GATE. Effective SoH: 74.1%, Available Capacity: 54.8 Wh, Peak Power: 22.0 W. Matched to 'Community Solar Microgrid' (Score: 85%). Rationale: Daily solar diurnal buffering compatible. Internal resistance (76.6 mΩ) satisfies application thermal envelope. Clean unit with zero component defects."
B390,Prismatic Li-ion Module (2S),Telecom Backup Rack Module,2S,7.4,10.0,74.0,796,3.1,7.18,1.8,70.1,27.9,0.28,Intact (Good),None (0-1%),None,PASS,Normal,Normal,Safe,None (Passed All Thresholds),78.4,58.0,26.3,Moderate (0.018%/cycle),Tier 2: Good (75-84%),Good / Balanced,Operational (Healthy),Accurate / Responsive,Clean & Firm,Clean (No Cracks),None (Fully Functional),None,Not Applicable,0,None,Direct Second-Life Allocation,Not Applicable (Direct Pass),78.4,58.0,Eligible (Direct),Emergency Disaster Shelter,87,"PASSED SAFETY GATE. Effective SoH: 78.4%, Available Capacity: 58.0 Wh, Peak Power: 26.3 W. Matched to 'Emergency Disaster Shelter' (Score: 87%). Rationale: Robust emergency resilience match. Internal resistance (70.1 mΩ) satisfies application thermal envelope. Clean unit with zero component defects."
B391,Prismatic Li-ion Module (2S),Telecom Backup Rack Module,2S,7.4,10.0,74.0,185,0.7,7.45,3.37,34.1,54.4,3.83,Intact (Good),None (0-1%),None,FAIL,CRITICAL (>50°C rapid rise),Normal,Safe,Thermal Runaway Imminent: Extreme Heat & Temp Velocity,N/A (Unsafe),0.0,0.0,Catastrophic,Unfit / Hazardous,Severe Thermal Stress,Operational (Healthy),Accurate / Responsive,Clean & Firm,Clean (No Cracks),Uncontrolled Cell Overheating,Catastrophic,No (Inherent Cell Hazard),0,Impossible (Hazardous),Reject & Immediate Recycling,Not Applicable,0.0,0.0,Unfit for Reuse,None (Safety Rejected),0,"EJECTED AT SAFETY GATE: Fails mandatory screening due to Thermal Runaway Imminent: Extreme Heat & Temp Velocity. Under REUSEGRID AI protocol, zero matching score can override a physical safety failure. Battery routed directly to certified closed-loop recycling."
B392,LiFePO4 (LFP) Module (4S),Solar Street Light / Telecom Decom,4S,12.8,6.0,76.8,651,2.4,13.17,2.53,106.6,31.2,0.28,Intact (Good),None (0-1%),None,PASS,Normal,Normal,Safe,None (Passed All Thresholds),80.5,61.8,31.6,Moderate (0.018%/cycle),Tier 2: Good (75-84%),Good / Balanced,Operational (Healthy),Accurate / Responsive,Clean & Firm,Clean (No Cracks),None (Fully Functional),None,Not Applicable,0,None,Direct Second-Life Allocation,Not Applicable (Direct Pass),80.5,61.8,Eligible (Direct),Emergency Disaster Shelter,88,"PASSED SAFETY GATE. Effective SoH: 80.5%, Available Capacity: 61.8 Wh, Peak Power: 31.6 W. Matched to 'Emergency Disaster Shelter' (Score: 88%). Rationale: Robust emergency resilience match. Internal resistance (106.6 mΩ) satisfies application thermal envelope. Clean unit with zero component defects."
B393,Li-ion 18650 Pack (3S),Portable Medical / Tech Return,3S,11.1,4.4,48.8,1001,3.9,10.83,1.77,118.1,27.1,0.27,Intact (Good),None (0-1%),None,PASS,Normal,Normal,Safe,None (Passed All Thresholds),65.3,31.9,14.9,Elevated (0.024%/cycle),Tier 3: Moderate (65-74%),Good / Balanced,Operational (Healthy),Accurate / Responsive,Clean & Firm,Clean (No Cracks),None (Fully Functional),None,Not Applicable,0,None,De-rate Power & Direct Allocation,Not Applicable (Direct Pass),65.3,31.9,Eligible (Limited Use - Derated),Rural School Lighting & Labs,79,"PASSED SAFETY GATE. Effective SoH: 65.3%, Available Capacity: 31.9 Wh, Peak Power: 14.9 W. Matched to 'Rural School Lighting & Labs' (Score: 79%). Rationale: Daytime educational load requirement met. Internal resistance (118.1 mΩ) satisfies application thermal envelope. Post-repair validated: None (Fully Functional) rectified (₹0)."
B394,Prismatic Li-ion Module (2S),Telecom Backup Rack Module,2S,7.4,10.0,74.0,845,2.8,3.87,3.07,71.6,25.1,0.29,Intact (Good),None (0-1%),None,FAIL,Normal,CRITICAL (Deep Discharge Under-Voltage),Safe,Copper Shunt / Dendrite Short Risk (<2.0V/cell),N/A (Unsafe),0.0,0.0,Catastrophic,Unfit / Hazardous,Dead Cell / Inversion,Operational (Healthy),Accurate / Responsive,Clean & Firm,Clean (No Cracks),Irreversible Cell Over-discharge,Critical,No (Inherent Cell Hazard),0,Impossible (Hazardous),Reject & Immediate Recycling,Not Applicable,0.0,0.0,Unfit for Reuse,None (Safety Rejected),0,"EJECTED AT SAFETY GATE: Fails mandatory screening due to Copper Shunt / Dendrite Short Risk (<2.0V/cell). Under REUSEGRID AI protocol, zero matching score can override a physical safety failure. Battery routed directly to certified closed-loop recycling."
B395,LiFePO4 (LFP) Module (4S),Solar Street Light / Telecom Decom,4S,12.8,6.0,76.8,1313,4.4,12.98,3.34,154.1,32.0,0.32,Intact (Good),None (0-1%),None,PASS,Normal,Normal,Safe,None (Passed All Thresholds),69.9,53.7,21.9,Elevated (0.024%/cycle),Tier 3: Moderate (65-74%),Good / Balanced,Operational (Healthy),Accurate / Responsive,Clean & Firm,Clean (No Cracks),None (Fully Functional),None,Not Applicable,0,None,De-rate Power & Direct Allocation,Not Applicable (Direct Pass),69.9,53.7,Eligible (Limited Use - Derated),Rural School Lighting & Labs,83,"PASSED SAFETY GATE. Effective SoH: 69.9%, Available Capacity: 53.7 Wh, Peak Power: 21.9 W. Matched to 'Rural School Lighting & Labs' (Score: 83%). Rationale: Daytime educational load requirement met. Internal resistance (154.1 mΩ) satisfies application thermal envelope. Post-repair validated: None (Fully Functional) rectified (₹0)."
B396,Li-ion 18650 Pack (4S),Robotics / Drone Fleet Return,4S,14.8,5.2,77.0,299,0.9,14.37,3.18,93.2,28.5,0.3,Intact (Good),None (0-1%),None,PASS,Normal,Normal,Safe,None (Passed All Thresholds),90.6,69.8,27.8,Low (<0.015%/cycle),Tier 1: Excellent (>85%),Good / Balanced,Operational (Healthy),Accurate / Responsive,Oxidized Terminals / Damaged XT60 Pin,Clean (No Cracks),High-Resistance Connector Degradation,Medium (Localized Contact Heating),Yes,220,Easy (Terminal Re-crimp & Re-soldering),Replace Connector Harness,PASS (Contact Resistance < 5 mOhm),90.6,69.8,Eligible (Post-Repair),Healthcare Clinic Backup,95,"PASSED SAFETY GATE. Effective SoH: 90.6%, Available Capacity: 69.8 Wh, Peak Power: 27.8 W. Matched to 'Healthcare Clinic Backup' (Score: 95%). Rationale: High criticality approved. Internal resistance (93.2 mΩ) satisfies application thermal envelope. Post-repair validated: High-Resistance Connector Degradation rectified (₹220)."
B397,Power Tool Li-ion Pack (5S),Industrial Tool Rental Surplus,5S,18.0,4.0,72.0,1014,3.5,18.21,3.35,234.2,27.1,0.33,Intact (Good),None (0-1%),None,PASS,Normal,Normal,Safe,None (Passed All Thresholds),65.6,47.2,23.7,Elevated (0.024%/cycle),Tier 3: Moderate (65-74%),Good / Balanced,Operational (Healthy),Accurate / Responsive,Clean & Firm,Clean (No Cracks),None (Fully Functional),None,Not Applicable,0,None,De-rate Power & Direct Allocation,Not Applicable (Direct Pass),65.6,47.2,Eligible (Limited Use - Derated),Rural School Lighting & Labs,81,"PASSED SAFETY GATE. Effective SoH: 65.6%, Available Capacity: 47.2 Wh, Peak Power: 23.7 W. Matched to 'Rural School Lighting & Labs' (Score: 81%). Rationale: Daytime educational load requirement met. Internal resistance (234.2 mΩ) satisfies application thermal envelope. Post-repair validated: None (Fully Functional) rectified (₹0)."
B398,Li-ion 18650 Pack (4S),Robotics / Drone Fleet Return,4S,14.8,5.2,77.0,1409,5.0,14.89,1.68,193.2,28.5,0.19,Minor Hairline Crack on Corner Bracket,None (0-1%),None,PASS,Normal,Normal,Safe,None (Passed All Thresholds),59.8,46.0,20.0,Severe (>0.035%/cycle),Tier 4: Highly Degraded (<65%),Good / Balanced,Operational (Healthy),Accurate / Responsive,Clean & Firm,Damaged Mounting Bracket,Structural Enclosure Hairline Crack,Low (Non-Cell Cosmetic / Ingress Risk),No (Factory Moulded Shell),80,Minor (Epoxy / Seal Patching),Operate Under Sealed Enclosure (Limited Use),PASS (Ingress Safe in Indoor Rack),59.8,46.0,Eligible (Limited Use),Rural Off-Grid Household,76,"PASSED SAFETY GATE. Effective SoH: 59.8%, Available Capacity: 46.0 Wh, Peak Power: 20.0 W. Matched to 'Rural Off-Grid Household' (Score: 76%). Rationale: Moderate lighting & phone charging load. Internal resistance (193.2 mΩ) satisfies application thermal envelope. Post-repair validated: Structural Enclosure Hairline Crack rectified (₹80)."
B399,LiFePO4 (LFP) Module (4S),Solar Street Light / Telecom Decom,4S,12.8,6.0,76.8,995,3.4,13.09,3.29,149.4,27.6,0.33,Intact (Good),None (0-1%),None,PASS,Normal,Normal,Safe,None (Passed All Thresholds),65.6,50.4,26.7,Elevated (0.024%/cycle),Tier 3: Moderate (65-74%),Good / Balanced,Operational (Healthy),Accurate / Responsive,Clean & Firm,Clean (No Cracks),None (Fully Functional),None,Not Applicable,0,None,De-rate Power & Direct Allocation,Not Applicable (Direct Pass),65.6,50.4,Eligible (Limited Use - Derated),Rural School Lighting & Labs,83,"PASSED SAFETY GATE. Effective SoH: 65.6%, Available Capacity: 50.4 Wh, Peak Power: 26.7 W. Matched to 'Rural School Lighting & Labs' (Score: 83%). Rationale: Daytime educational load requirement met. Internal resistance (149.4 mΩ) satisfies application thermal envelope. Post-repair validated: None (Fully Functional) rectified (₹0)."
B400,LiFePO4 (LFP) Module (4S),Solar Street Light / Telecom Decom,4S,12.8,6.0,76.8,466,2.0,12.79,1.45,103.8,26.7,0.2,Intact (Good),None (0-1%),None,PASS,Normal,Normal,Safe,None (Passed All Thresholds),80.3,61.7,31.6,Moderate (0.018%/cycle),Tier 2: Good (75-84%),Good / Balanced,Operational (Healthy),Accurate / Responsive,Clean & Firm,Clean (No Cracks),None (Fully Functional),None,Not Applicable,0,None,Direct Second-Life Allocation,Not Applicable (Direct Pass),80.3,61.7,Eligible (Direct),Emergency Disaster Shelter,91,"PASSED SAFETY GATE. Effective SoH: 80.3%, Available Capacity: 61.7 Wh, Peak Power: 31.6 W. Matched to 'Emergency Disaster Shelter' (Score: 91%). Rationale: Robust emergency resilience match. Internal resistance (103.8 mΩ) satisfies application thermal envelope. Clean unit with zero component defects."
B401,NMC Light-EV Pack (10S),Shared E-Scooter Fleet Fleet Retire,10S,36.0,7.8,280.8,566,2.3,36.55,3.37,258.4,29.8,0.2,Intact (Good),None (0-1%),None,PASS,Normal,Normal,Safe,None (Passed All Thresholds),84.1,236.2,106.3,Moderate (0.018%/cycle),Tier 2: Good (75-84%),Good / Balanced,Operational (Healthy),Accurate / Responsive,Clean & Firm,Clean (No Cracks),None (Fully Functional),None,Not Applicable,0,None,Direct Second-Life Allocation,Not Applicable (Direct Pass),84.1,236.2,Eligible (Direct),Healthcare Clinic Backup,94,"PASSED SAFETY GATE. Effective SoH: 84.1%, Available Capacity: 236.2 Wh, Peak Power: 106.3 W. Matched to 'Healthcare Clinic Backup' (Score: 94%). Rationale: High criticality approved. Internal resistance (258.4 mΩ) satisfies application thermal envelope. Clean unit with zero component defects."
B402,Li-ion 18650 Pack (4S),Robotics / Drone Fleet Return,4S,14.8,5.2,77.0,742,2.4,14.37,3.39,129.0,27.3,0.3,Intact (Good),None (0-1%),None,PASS,Normal,Normal,Safe,None (Passed All Thresholds),82.1,63.2,31.6,Moderate (0.018%/cycle),Tier 2: Good (75-84%),Good / Balanced,Operational (Healthy),Accurate / Responsive,Clean & Firm,Clean (No Cracks),None (Fully Functional),None,Not Applicable,0,None,Direct Second-Life Allocation,Not Applicable (Direct Pass),82.1,63.2,Eligible (Direct),Emergency Disaster Shelter,91,"PASSED SAFETY GATE. Effective SoH: 82.1%, Available Capacity: 63.2 Wh, Peak Power: 31.6 W. Matched to 'Emergency Disaster Shelter' (Score: 91%). Rationale: Robust emergency resilience match. Internal resistance (129.0 mΩ) satisfies application thermal envelope. Clean unit with zero component defects."
B403,Li-ion 18650 Pack (4S),Robotics / Drone Fleet Return,4S,14.8,5.2,77.0,1347,4.7,14.51,3.21,183.0,26.2,0.12,Intact (Good),None (0-1%),None,PASS,Normal,Normal,Safe,None (Passed All Thresholds),64.1,49.4,24.4,Severe (>0.035%/cycle),Tier 4: Highly Degraded (<65%),Good / Balanced,Operational (Healthy),Accurate / Responsive,Clean & Firm,Clean (No Cracks),None (Fully Functional),None,Not Applicable,0,None,De-rate Power & Direct Allocation,Not Applicable (Direct Pass),64.1,49.4,Eligible (Limited Use - Derated),Rural School Lighting & Labs,79,"PASSED SAFETY GATE. Effective SoH: 64.1%, Available Capacity: 49.4 Wh, Peak Power: 24.4 W. Matched to 'Rural School Lighting & Labs' (Score: 79%). Rationale: Daytime educational load requirement met. Internal resistance (183.0 mΩ) satisfies application thermal envelope. Post-repair validated: None (Fully Functional) rectified (₹0)."
B404,Prismatic Li-ion Module (2S),Telecom Backup Rack Module,2S,7.4,10.0,74.0,1146,4.1,7.22,2.86,80.1,28.6,0.28,Intact (Good),None (0-1%),None,PASS,Normal,Normal,Safe,None (Passed All Thresholds),67.4,49.9,22.1,Elevated (0.024%/cycle),Tier 3: Moderate (65-74%),Good / Balanced,Operational (Healthy),Accurate / Responsive,Clean & Firm,Clean (No Cracks),None (Fully Functional),None,Not Applicable,0,None,De-rate Power & Direct Allocation,Not Applicable (Direct Pass),67.4,49.9,Eligible (Limited Use - Derated),Rural School Lighting & Labs,83,"PASSED SAFETY GATE. Effective SoH: 67.4%, Available Capacity: 49.9 Wh, Peak Power: 22.1 W. Matched to 'Rural School Lighting & Labs' (Score: 83%). Rationale: Daytime educational load requirement met. Internal resistance (80.1 mΩ) satisfies application thermal envelope. Post-repair validated: None (Fully Functional) rectified (₹0)."
B405,NMC Light-EV Pack (10S),Shared E-Scooter Fleet Fleet Retire,10S,36.0,7.8,280.8,1114,4.2,37.09,2.87,364.5,25.8,0.22,Intact (Good),None (0-1%),None,PASS,Normal,Normal,Safe,None (Passed All Thresholds),70.9,199.1,105.0,Elevated (0.024%/cycle),Tier 3: Moderate (65-74%),Good / Balanced,Operational (Healthy),Accurate / Responsive,Clean & Firm,Clean (No Cracks),None (Fully Functional),None,Not Applicable,0,None,Direct Second-Life Allocation,Not Applicable (Direct Pass),70.9,199.1,Eligible (Direct),Community Solar Microgrid,79,"PASSED SAFETY GATE. Effective SoH: 70.9%, Available Capacity: 199.1 Wh, Peak Power: 105.0 W. Matched to 'Community Solar Microgrid' (Score: 79%). Rationale: Daily solar diurnal buffering compatible. Internal resistance (364.5 mΩ) satisfies application thermal envelope. Clean unit with zero component defects."
B406,Power Tool Li-ion Pack (5S),Industrial Tool Rental Surplus,5S,18.0,4.0,72.0,1395,5.2,18.64,1.89,241.5,30.4,0.22,Minor Hairline Crack on Corner Bracket,None (0-1%),None,PASS,Normal,Normal,Safe,None (Passed All Thresholds),53.5,38.5,14.5,Severe (>0.035%/cycle),Tier 4: Highly Degraded (<65%),Good / Balanced,Operational (Healthy),Accurate / Responsive,Clean & Firm,Damaged Mounting Bracket,Structural Enclosure Hairline Crack,Low (Non-Cell Cosmetic / Ingress Risk),No (Factory Moulded Shell),80,Minor (Epoxy / Seal Patching),Operate Under Sealed Enclosure (Limited Use),PASS (Ingress Safe in Indoor Rack),53.5,38.5,Eligible (Limited Use),Secondary Micro-Reserve Buffer,65,"PASSED SAFETY GATE. Effective SoH: 53.5%, Available Capacity: 38.5 Wh, Peak Power: 14.5 W. Matched to 'Secondary Micro-Reserve Buffer' (Score: 65%). Rationale: Low-drain buffer storage tier. Internal resistance (241.5 mΩ) satisfies application thermal envelope. Post-repair validated: Structural Enclosure Hairline Crack rectified (₹80)."
B407,Li-ion 18650 Pack (3S),Portable Medical / Tech Return,3S,11.1,4.4,48.8,774,3.1,11.12,2.21,101.1,31.2,0.25,Intact (Good),None (0-1%),None,PASS,Normal,Normal,Safe,None (Passed All Thresholds),71.4,34.8,13.1,Elevated (0.024%/cycle),Tier 3: Moderate (65-74%),Good / Balanced,BMS Protection Lock / Blown MOSFET,Accurate / Responsive,Clean & Firm,Clean (No Cracks),BMS Discharge Port Fault,High (Output Power Blocked/Erratic),Yes,850,Moderate (Modular BMS Replacement),Replace BMS Board & Calibrate,PASS (Protection Thresholds Verified),73.5,35.9,Eligible (Post-Repair),Community Solar Microgrid,88,"PASSED SAFETY GATE. Effective SoH: 73.5%, Available Capacity: 35.9 Wh, Peak Power: 13.1 W. Matched to 'Community Solar Microgrid' (Score: 88%). Rationale: Daily solar diurnal buffering compatible. Internal resistance (101.1 mΩ) satisfies application thermal envelope. Post-repair validated: BMS Discharge Port Fault rectified (₹850)."
B408,Prismatic Li-ion Module (2S),Telecom Backup Rack Module,2S,7.4,10.0,74.0,525,1.6,7.35,3.01,57.4,26.4,0.35,Intact (Good),None (0-1%),None,PASS,Normal,Normal,Safe,None (Passed All Thresholds),88.6,65.6,31.5,Low (<0.015%/cycle),Tier 1: Excellent (>85%),Good / Balanced,Operational (Healthy),Accurate / Responsive,Clean & Firm,Clean (No Cracks),None (Fully Functional),None,Not Applicable,0,None,Direct Second-Life Allocation,Not Applicable (Direct Pass),88.6,65.6,Eligible (Direct),Healthcare Clinic Backup,92,"PASSED SAFETY GATE. Effective SoH: 88.6%, Available Capacity: 65.6 Wh, Peak Power: 31.5 W. Matched to 'Healthcare Clinic Backup' (Score: 92%). Rationale: High criticality approved. Internal resistance (57.4 mΩ) satisfies application thermal envelope. Clean unit with zero component defects."
B409,Power Tool Li-ion Pack (5S),Industrial Tool Rental Surplus,5S,18.0,4.0,72.0,694,2.4,18.14,3.49,154.4,28.0,0.38,Intact (Good),None (0-1%),None,PASS,Normal,Normal,Safe,None (Passed All Thresholds),80.0,57.6,24.1,Moderate (0.018%/cycle),Tier 2: Good (75-84%),Good / Balanced,Operational (Healthy),Accurate / Responsive,Oxidized Terminals / Damaged XT60 Pin,Clean (No Cracks),High-Resistance Connector Degradation,Medium (Localized Contact Heating),Yes,120,Easy (Terminal Re-crimp & Re-soldering),Replace Connector Harness,PASS (Contact Resistance < 5 mOhm),80.0,57.6,Eligible (Post-Repair),Emergency Disaster Shelter,85,"PASSED SAFETY GATE. Effective SoH: 80.0%, Available Capacity: 57.6 Wh, Peak Power: 24.1 W. Matched to 'Emergency Disaster Shelter' (Score: 85%). Rationale: Robust emergency resilience match. Internal resistance (154.4 mΩ) satisfies application thermal envelope. Post-repair validated: High-Resistance Connector Degradation rectified (₹120)."
B410,Prismatic Li-ion Module (2S),Telecom Backup Rack Module,2S,7.4,10.0,74.0,486,1.7,7.14,2.87,53.9,31.5,0.23,Intact (Good),None (0-1%),None,PASS,Normal,Normal,Safe,None (Passed All Thresholds),83.2,61.6,27.9,Moderate (0.018%/cycle),Tier 2: Good (75-84%),Good / Balanced,BMS Protection Lock / Blown MOSFET,Accurate / Responsive,Clean & Firm,Clean (No Cracks),BMS Discharge Port Fault,High (Output Power Blocked/Erratic),Yes,1100,Moderate (Modular BMS Replacement),Replace BMS Board & Calibrate,PASS (Protection Thresholds Verified),84.5,62.5,Eligible (Post-Repair),Healthcare Clinic Backup,92,"PASSED SAFETY GATE. Effective SoH: 84.5%, Available Capacity: 62.5 Wh, Peak Power: 27.9 W. Matched to 'Healthcare Clinic Backup' (Score: 92%). Rationale: High criticality approved. Internal resistance (53.9 mΩ) satisfies application thermal envelope. Post-repair validated: BMS Discharge Port Fault rectified (₹1100)."
B411,Power Tool Li-ion Pack (5S),Industrial Tool Rental Surplus,5S,18.0,4.0,72.0,624,2.4,18.71,1.74,138.7,25.4,0.16,Intact (Good),None (0-1%),None,PASS,Normal,Normal,Safe,None (Passed All Thresholds),79.2,57.0,20.4,Moderate (0.018%/cycle),Tier 2: Good (75-84%),Good / Balanced,Operational (Healthy),Faulty / Open Circuit Drift,Clean & Firm,Clean (No Cracks),Temperature Sensor Lead Detachment,Medium (Impaired Thermal Monitoring),Yes,400,Easy (Plug-in NTC Thermistor Swap),Repair & Retest Sensor,PASS (Thermal Loop Verified),79.2,57.0,Eligible (Post-Repair),Emergency Disaster Shelter,88,"PASSED SAFETY GATE. Effective SoH: 79.2%, Available Capacity: 57.0 Wh, Peak Power: 20.4 W. Matched to 'Emergency Disaster Shelter' (Score: 88%). Rationale: Robust emergency resilience match. Internal resistance (138.7 mΩ) satisfies application thermal envelope. Post-repair validated: Temperature Sensor Lead Detachment rectified (₹400)."
B412,NMC Light-EV Pack (10S),Shared E-Scooter Fleet Fleet Retire,10S,36.0,7.8,280.8,1073,3.8,37.04,3.19,343.5,25.1,0.33,Intact (Good),None (0-1%),None,PASS,Normal,Normal,Safe,None (Passed All Thresholds),75.1,210.9,93.2,Moderate (0.018%/cycle),Tier 2: Good (75-84%),Good / Balanced,Operational (Healthy),Accurate / Responsive,Clean & Firm,Clean (No Cracks),None (Fully Functional),None,Not Applicable,0,None,Direct Second-Life Allocation,Not Applicable (Direct Pass),75.1,210.9,Eligible (Direct),Telecom Cell Tower Backup,91,"PASSED SAFETY GATE. Effective SoH: 75.1%, Available Capacity: 210.9 Wh, Peak Power: 93.2 W. Matched to 'Telecom Cell Tower Backup' (Score: 91%). Rationale: Steady high-reliability discharge profile. Internal resistance (343.5 mΩ) satisfies application thermal envelope. Clean unit with zero component defects."
B413,LiFePO4 (LFP) Module (4S),Solar Street Light / Telecom Decom,4S,12.8,6.0,76.8,717,3.0,13.3,3.17,142.8,25.7,0.31,Intact (Good),None (0-1%),None,PASS,Normal,Normal,Safe,None (Passed All Thresholds),75.1,57.7,24.2,Moderate (0.018%/cycle),Tier 2: Good (75-84%),Good / Balanced,Operational (Healthy),Accurate / Responsive,Clean & Firm,Clean (No Cracks),None (Fully Functional),None,Not Applicable,0,None,Direct Second-Life Allocation,Not Applicable (Direct Pass),75.1,57.7,Eligible (Direct),Telecom Cell Tower Backup,83,"PASSED SAFETY GATE. Effective SoH: 75.1%, Available Capacity: 57.7 Wh, Peak Power: 24.2 W. Matched to 'Telecom Cell Tower Backup' (Score: 83%). Rationale: Steady high-reliability discharge profile. Internal resistance (142.8 mΩ) satisfies application thermal envelope. Clean unit with zero component defects."
B414,Li-ion 18650 Pack (3S),Portable Medical / Tech Return,3S,11.1,4.4,48.8,648,2.2,10.66,1.91,107.9,54.0,2.69,Intact (Good),None (0-1%),None,FAIL,CRITICAL (>50°C rapid rise),Normal,Safe,Thermal Runaway Imminent: Extreme Heat & Temp Velocity,N/A (Unsafe),0.0,0.0,Catastrophic,Unfit / Hazardous,Severe Thermal Stress,Operational (Healthy),Accurate / Responsive,Clean & Firm,Clean (No Cracks),Uncontrolled Cell Overheating,Catastrophic,No (Inherent Cell Hazard),0,Impossible (Hazardous),Reject & Immediate Recycling,Not Applicable,0.0,0.0,Unfit for Reuse,None (Safety Rejected),0,"EJECTED AT SAFETY GATE: Fails mandatory screening due to Thermal Runaway Imminent: Extreme Heat & Temp Velocity. Under REUSEGRID AI protocol, zero matching score can override a physical safety failure. Battery routed directly to certified closed-loop recycling."
B415,LiFePO4 (LFP) Module (4S),Solar Street Light / Telecom Decom,4S,12.8,6.0,76.8,557,2.0,12.79,1.96,119.0,25.7,0.39,Intact (Good),None (0-1%),None,PASS,Normal,Normal,Safe,None (Passed All Thresholds),86.8,66.7,24.1,Low (<0.015%/cycle),Tier 1: Excellent (>85%),Good / Balanced,Operational (Healthy),Accurate / Responsive,Clean & Firm,Clean (No Cracks),None (Fully Functional),None,Not Applicable,0,None,Direct Second-Life Allocation,Not Applicable (Direct Pass),86.8,66.7,Eligible (Direct),Healthcare Clinic Backup,92,"PASSED SAFETY GATE. Effective SoH: 86.8%, Available Capacity: 66.7 Wh, Peak Power: 24.1 W. Matched to 'Healthcare Clinic Backup' (Score: 92%). Rationale: High criticality approved. Internal resistance (119.0 mΩ) satisfies application thermal envelope. Clean unit with zero component defects."
B416,Li-ion 18650 Pack (3S),Portable Medical / Tech Return,3S,11.1,4.4,48.8,563,1.9,7.99,1.48,274.7,47.5,0.37,Intact (Good),None (0-1%),None,FAIL,Normal,Micro-Short Detected,Safe,Localized Internal Cell Micro-Short Circuit,N/A (Unsafe),0.0,0.0,Catastrophic,Unfit / Hazardous,Micro-Dendrite Internal Short,Operational (Healthy),Accurate / Responsive,Clean & Firm,Clean (No Cracks),Internal Short Circuit,Critical,No (Inherent Cell Hazard),0,Impossible (Hazardous),Reject & Immediate Recycling,Not Applicable,0.0,0.0,Unfit for Reuse,None (Safety Rejected),0,"EJECTED AT SAFETY GATE: Fails mandatory screening due to Localized Internal Cell Micro-Short Circuit. Under REUSEGRID AI protocol, zero matching score can override a physical safety failure. Battery routed directly to certified closed-loop recycling."
B417,Li-ion 18650 Pack (4S),Robotics / Drone Fleet Return,4S,14.8,5.2,77.0,774,2.5,14.22,2.38,146.9,30.4,0.38,Intact (Good),None (0-1%),None,PASS,Normal,Normal,Safe,None (Passed All Thresholds),77.0,59.3,31.5,Moderate (0.018%/cycle),Tier 2: Good (75-84%),Good / Balanced,Operational (Healthy),Accurate / Responsive,Oxidized Terminals / Damaged XT60 Pin,Clean (No Cracks),High-Resistance Connector Degradation,Medium (Localized Contact Heating),Yes,220,Easy (Terminal Re-crimp & Re-soldering),Replace Connector Harness,PASS (Contact Resistance < 5 mOhm),77.0,59.3,Eligible (Post-Repair),Telecom Cell Tower Backup,90,"PASSED SAFETY GATE. Effective SoH: 77.0%, Available Capacity: 59.3 Wh, Peak Power: 31.5 W. Matched to 'Telecom Cell Tower Backup' (Score: 90%). Rationale: Steady high-reliability discharge profile. Internal resistance (146.9 mΩ) satisfies application thermal envelope. Post-repair validated: High-Resistance Connector Degradation rectified (₹220)."
B418,Prismatic Li-ion Module (2S),Telecom Backup Rack Module,2S,7.4,10.0,74.0,1216,4.2,7.34,2.45,83.2,26.1,0.31,Intact (Good),None (0-1%),None,PASS,Normal,Normal,Safe,None (Passed All Thresholds),61.0,45.1,17.3,Severe (>0.035%/cycle),Tier 4: Highly Degraded (<65%),Good / Balanced,Operational (Healthy),Accurate / Responsive,Clean & Firm,Clean (No Cracks),None (Fully Functional),None,Not Applicable,0,None,De-rate Power & Direct Allocation,Not Applicable (Direct Pass),61.0,45.1,Eligible (Limited Use - Derated),Rural Off-Grid Household,73,"PASSED SAFETY GATE. Effective SoH: 61.0%, Available Capacity: 45.1 Wh, Peak Power: 17.3 W. Matched to 'Rural Off-Grid Household' (Score: 73%). Rationale: Moderate lighting & phone charging load. Internal resistance (83.2 mΩ) satisfies application thermal envelope. Post-repair validated: None (Fully Functional) rectified (₹0)."
B419,Power Tool Li-ion Pack (5S),Industrial Tool Rental Surplus,5S,18.0,4.0,72.0,735,2.9,18.07,1.4,144.1,27.6,0.22,Intact (Good),None (0-1%),None,PASS,Normal,Normal,Safe,None (Passed All Thresholds),80.5,58.0,20.8,Moderate (0.018%/cycle),Tier 2: Good (75-84%),Good / Balanced,Operational (Healthy),Accurate / Responsive,Clean & Firm,Clean (No Cracks),None (Fully Functional),None,Not Applicable,0,None,Direct Second-Life Allocation,Not Applicable (Direct Pass),80.5,58.0,Eligible (Direct),Emergency Disaster Shelter,87,"PASSED SAFETY GATE. Effective SoH: 80.5%, Available Capacity: 58.0 Wh, Peak Power: 20.8 W. Matched to 'Emergency Disaster Shelter' (Score: 87%). Rationale: Robust emergency resilience match. Internal resistance (144.1 mΩ) satisfies application thermal envelope. Clean unit with zero component defects."
B420,Prismatic Li-ion Module (2S),Telecom Backup Rack Module,2S,7.4,10.0,74.0,1376,5.3,7.34,3.38,87.1,26.0,0.33,Intact (Good),None (0-1%),None,PASS,Normal,Normal,Safe,None (Passed All Thresholds),57.3,42.4,15.8,Severe (>0.035%/cycle),Tier 4: Highly Degraded (<65%),Good / Balanced,Operational (Healthy),Accurate / Responsive,Clean & Firm,Clean (No Cracks),None (Fully Functional),None,Not Applicable,0,None,De-rate Power & Direct Allocation,Not Applicable (Direct Pass),57.3,42.4,Eligible (Limited Use - Derated),Rural Off-Grid Household,79,"PASSED SAFETY GATE. Effective SoH: 57.3%, Available Capacity: 42.4 Wh, Peak Power: 15.8 W. Matched to 'Rural Off-Grid Household' (Score: 79%). Rationale: Moderate lighting & phone charging load. Internal resistance (87.1 mΩ) satisfies application thermal envelope. Post-repair validated: None (Fully Functional) rectified (₹0)."
B421,NMC Light-EV Pack (10S),Shared E-Scooter Fleet Fleet Retire,10S,36.0,7.8,280.8,629,2.5,34.98,3.36,248.7,31.4,0.37,Intact (Good),None (0-1%),None,PASS,Normal,Normal,Safe,None (Passed All Thresholds),85.1,239.0,113.5,Low (<0.015%/cycle),Tier 1: Excellent (>85%),Good / Balanced,Operational (Healthy),Accurate / Responsive,Clean & Firm,Clean (No Cracks),None (Fully Functional),None,Not Applicable,0,None,Direct Second-Life Allocation,Not Applicable (Direct Pass),85.1,239.0,Eligible (Direct),Healthcare Clinic Backup,96,"PASSED SAFETY GATE. Effective SoH: 85.1%, Available Capacity: 239.0 Wh, Peak Power: 113.5 W. Matched to 'Healthcare Clinic Backup' (Score: 96%). Rationale: High criticality approved. Internal resistance (248.7 mΩ) satisfies application thermal envelope. Clean unit with zero component defects."
B422,NMC Light-EV Pack (10S),Shared E-Scooter Fleet Fleet Retire,10S,36.0,7.8,280.8,333,1.1,34.99,2.57,216.0,30.7,0.21,Intact (Good),None (0-1%),None,PASS,Normal,Normal,Safe,None (Passed All Thresholds),94.0,264.0,99.4,Low (<0.015%/cycle),Tier 1: Excellent (>85%),Good / Balanced,Operational (Healthy),Accurate / Responsive,Clean & Firm,Clean (No Cracks),None (Fully Functional),None,Not Applicable,0,None,Direct Second-Life Allocation,Not Applicable (Direct Pass),94.0,264.0,Eligible (Direct),Healthcare Clinic Backup,91,"PASSED SAFETY GATE. Effective SoH: 94.0%, Available Capacity: 264.0 Wh, Peak Power: 99.4 W. Matched to 'Healthcare Clinic Backup' (Score: 91%). Rationale: High criticality approved. Internal resistance (216.0 mΩ) satisfies application thermal envelope. Clean unit with zero component defects."
B423,LiFePO4 (LFP) Module (4S),Solar Street Light / Telecom Decom,4S,12.8,6.0,76.8,515,1.7,8.0,3.1,114.5,26.4,0.24,Intact (Good),None (0-1%),None,FAIL,Normal,CRITICAL (Deep Discharge Under-Voltage),Safe,Copper Shunt / Dendrite Short Risk (<2.0V/cell),N/A (Unsafe),0.0,0.0,Catastrophic,Unfit / Hazardous,Dead Cell / Inversion,Operational (Healthy),Accurate / Responsive,Clean & Firm,Clean (No Cracks),Irreversible Cell Over-discharge,Critical,No (Inherent Cell Hazard),0,Impossible (Hazardous),Reject & Immediate Recycling,Not Applicable,0.0,0.0,Unfit for Reuse,None (Safety Rejected),0,"EJECTED AT SAFETY GATE: Fails mandatory screening due to Copper Shunt / Dendrite Short Risk (<2.0V/cell). Under REUSEGRID AI protocol, zero matching score can override a physical safety failure. Battery routed directly to certified closed-loop recycling."
B424,Li-ion 18650 Pack (4S),Robotics / Drone Fleet Return,4S,14.8,5.2,77.0,388,1.7,15.03,1.93,78.1,25.4,0.28,Intact (Good),None (0-1%),None,PASS,Normal,Normal,Safe,None (Passed All Thresholds),92.4,71.1,28.3,Low (<0.015%/cycle),Tier 1: Excellent (>85%),Good / Balanced,Operational (Healthy),Accurate / Responsive,Clean & Firm,Clean (No Cracks),None (Fully Functional),None,Not Applicable,0,None,Direct Second-Life Allocation,Not Applicable (Direct Pass),92.4,71.1,Eligible (Direct),Healthcare Clinic Backup,92,"PASSED SAFETY GATE. Effective SoH: 92.4%, Available Capacity: 71.1 Wh, Peak Power: 28.3 W. Matched to 'Healthcare Clinic Backup' (Score: 92%). Rationale: High criticality approved. Internal resistance (78.1 mΩ) satisfies application thermal envelope. Clean unit with zero component defects."
B425,Li-ion 18650 Pack (4S),Robotics / Drone Fleet Return,4S,14.8,5.2,77.0,350,1.1,14.22,2.31,115.9,25.9,0.19,Intact (Good),None (0-1%),None,PASS,Normal,Normal,Safe,None (Passed All Thresholds),88.1,67.8,36.3,Low (<0.015%/cycle),Tier 1: Excellent (>85%),Good / Balanced,Operational (Healthy),Accurate / Responsive,Clean & Firm,Clean (No Cracks),None (Fully Functional),None,Not Applicable,0,None,Direct Second-Life Allocation,Not Applicable (Direct Pass),88.1,67.8,Eligible (Direct),Healthcare Clinic Backup,91,"PASSED SAFETY GATE. Effective SoH: 88.1%, Available Capacity: 67.8 Wh, Peak Power: 36.3 W. Matched to 'Healthcare Clinic Backup' (Score: 91%). Rationale: High criticality approved. Internal resistance (115.9 mΩ) satisfies application thermal envelope. Clean unit with zero component defects."
B426,Li-ion 18650 Pack (3S),Portable Medical / Tech Return,3S,11.1,4.4,48.8,1410,4.9,11.15,2.43,160.2,26.4,0.15,Intact (Good),None (0-1%),None,PASS,Normal,Normal,Safe,None (Passed All Thresholds),59.8,29.2,15.6,Severe (>0.035%/cycle),Tier 4: Highly Degraded (<65%),Good / Balanced,Operational (Healthy),Accurate / Responsive,Clean & Firm,Clean (No Cracks),None (Fully Functional),None,Not Applicable,0,None,De-rate Power & Direct Allocation,Not Applicable (Direct Pass),59.8,29.2,Eligible (Limited Use - Derated),Rural Off-Grid Household,73,"PASSED SAFETY GATE. Effective SoH: 59.8%, Available Capacity: 29.2 Wh, Peak Power: 15.6 W. Matched to 'Rural Off-Grid Household' (Score: 73%). Rationale: Moderate lighting & phone charging load. Internal resistance (160.2 mΩ) satisfies application thermal envelope. Post-repair validated: None (Fully Functional) rectified (₹0)."
B427,LiFePO4 (LFP) Module (4S),Solar Street Light / Telecom Decom,4S,12.8,6.0,76.8,621,2.4,12.9,3.23,125.2,25.3,0.18,Intact (Good),None (0-1%),None,PASS,Normal,Normal,Safe,None (Passed All Thresholds),82.6,63.4,28.1,Moderate (0.018%/cycle),Tier 2: Good (75-84%),Good / Balanced,Operational (Healthy),Accurate / Responsive,Clean & Firm,Clean (No Cracks),None (Fully Functional),None,Not Applicable,0,None,Direct Second-Life Allocation,Not Applicable (Direct Pass),82.6,63.4,Eligible (Direct),Emergency Disaster Shelter,87,"PASSED SAFETY GATE. Effective SoH: 82.6%, Available Capacity: 63.4 Wh, Peak Power: 28.1 W. Matched to 'Emergency Disaster Shelter' (Score: 87%). Rationale: Robust emergency resilience match. Internal resistance (125.2 mΩ) satisfies application thermal envelope. Clean unit with zero component defects."
B428,Prismatic Li-ion Module (2S),Telecom Backup Rack Module,2S,7.4,10.0,74.0,993,3.9,7.37,2.32,94.2,27.5,0.37,Minor Hairline Crack on Corner Bracket,None (0-1%),None,PASS,Normal,Normal,Safe,None (Passed All Thresholds),63.5,47.0,21.8,Severe (>0.035%/cycle),Tier 4: Highly Degraded (<65%),Good / Balanced,Operational (Healthy),Accurate / Responsive,Clean & Firm,Damaged Mounting Bracket,Structural Enclosure Hairline Crack,Low (Non-Cell Cosmetic / Ingress Risk),No (Factory Moulded Shell),80,Minor (Epoxy / Seal Patching),Operate Under Sealed Enclosure (Limited Use),PASS (Ingress Safe in Indoor Rack),63.5,47.0,Eligible (Limited Use),Rural Off-Grid Household,77,"PASSED SAFETY GATE. Effective SoH: 63.5%, Available Capacity: 47.0 Wh, Peak Power: 21.8 W. Matched to 'Rural Off-Grid Household' (Score: 77%). Rationale: Moderate lighting & phone charging load. Internal resistance (94.2 mΩ) satisfies application thermal envelope. Post-repair validated: Structural Enclosure Hairline Crack rectified (₹80)."
B429,LiFePO4 (LFP) Module (4S),Solar Street Light / Telecom Decom,4S,12.8,6.0,76.8,1087,3.8,13.1,3.36,139.9,29.4,0.32,Intact (Good),None (0-1%),None,PASS,Normal,Normal,Safe,None (Passed All Thresholds),72.1,55.4,28.8,Elevated (0.024%/cycle),Tier 3: Moderate (65-74%),Good / Balanced,BMS Protection Lock / Blown MOSFET,Accurate / Responsive,Clean & Firm,Clean (No Cracks),BMS Discharge Port Fault,High (Output Power Blocked/Erratic),Yes,850,Moderate (Modular BMS Replacement),Replace BMS Board & Calibrate,PASS (Protection Thresholds Verified),74.7,57.4,Eligible (Post-Repair),Community Solar Microgrid,82,"PASSED SAFETY GATE. Effective SoH: 74.7%, Available Capacity: 57.4 Wh, Peak Power: 28.8 W. Matched to 'Community Solar Microgrid' (Score: 82%). Rationale: Daily solar diurnal buffering compatible. Internal resistance (139.9 mΩ) satisfies application thermal envelope. Post-repair validated: BMS Discharge Port Fault rectified (₹850)."
B430,Li-ion 18650 Pack (4S),Robotics / Drone Fleet Return,4S,14.8,5.2,77.0,303,1.1,14.63,2.66,117.5,26.3,0.32,Intact (Good),None (0-1%),None,PASS,Normal,Normal,Safe,None (Passed All Thresholds),89.1,68.6,31.5,Low (<0.015%/cycle),Tier 1: Excellent (>85%),Good / Balanced,Operational (Healthy),Accurate / Responsive,Clean & Firm,Clean (No Cracks),None (Fully Functional),None,Not Applicable,0,None,Direct Second-Life Allocation,Not Applicable (Direct Pass),89.1,68.6,Eligible (Direct),Healthcare Clinic Backup,91,"PASSED SAFETY GATE. Effective SoH: 89.1%, Available Capacity: 68.6 Wh, Peak Power: 31.5 W. Matched to 'Healthcare Clinic Backup' (Score: 91%). Rationale: High criticality approved. Internal resistance (117.5 mΩ) satisfies application thermal envelope. Clean unit with zero component defects."
B431,Power Tool Li-ion Pack (5S),Industrial Tool Rental Surplus,5S,18.0,4.0,72.0,558,2.2,18.31,3.4,184.3,28.0,0.24,Intact (Good),None (0-1%),None,PASS,Normal,Normal,Safe,None (Passed All Thresholds),77.9,56.1,29.7,Moderate (0.018%/cycle),Tier 2: Good (75-84%),Good / Balanced,Operational (Healthy),Accurate / Responsive,Clean & Firm,Clean (No Cracks),None (Fully Functional),None,Not Applicable,0,None,Direct Second-Life Allocation,Not Applicable (Direct Pass),77.9,56.1,Eligible (Direct),Telecom Cell Tower Backup,87,"PASSED SAFETY GATE. Effective SoH: 77.9%, Available Capacity: 56.1 Wh, Peak Power: 29.7 W. Matched to 'Telecom Cell Tower Backup' (Score: 87%). Rationale: Steady high-reliability discharge profile. Internal resistance (184.3 mΩ) satisfies application thermal envelope. Clean unit with zero component defects."
B432,Li-ion 18650 Pack (3S),Portable Medical / Tech Return,3S,11.1,4.4,48.8,948,3.3,10.66,1.29,107.3,31.8,0.17,Intact (Good),None (0-1%),None,PASS,Normal,Normal,Safe,None (Passed All Thresholds),68.6,33.5,16.2,Elevated (0.024%/cycle),Tier 3: Moderate (65-74%),Good / Balanced,Operational (Healthy),Accurate / Responsive,Clean & Firm,Clean (No Cracks),None (Fully Functional),None,Not Applicable,0,None,De-rate Power & Direct Allocation,Not Applicable (Direct Pass),68.6,33.5,Eligible (Limited Use - Derated),Rural School Lighting & Labs,83,"PASSED SAFETY GATE. Effective SoH: 68.6%, Available Capacity: 33.5 Wh, Peak Power: 16.2 W. Matched to 'Rural School Lighting & Labs' (Score: 83%). Rationale: Daytime educational load requirement met. Internal resistance (107.3 mΩ) satisfies application thermal envelope. Post-repair validated: None (Fully Functional) rectified (₹0)."
B433,Li-ion 18650 Pack (4S),Robotics / Drone Fleet Return,4S,14.8,5.2,77.0,780,2.6,15.12,3.44,139.7,29.0,0.2,Intact (Good),None (0-1%),None,PASS,Normal,Normal,Safe,None (Passed All Thresholds),79.7,61.4,29.5,Moderate (0.018%/cycle),Tier 2: Good (75-84%),Good / Balanced,Operational (Healthy),Accurate / Responsive,Clean & Firm,Clean (No Cracks),None (Fully Functional),None,Not Applicable,0,None,Direct Second-Life Allocation,Not Applicable (Direct Pass),79.7,61.4,Eligible (Direct),Emergency Disaster Shelter,85,"PASSED SAFETY GATE. Effective SoH: 79.7%, Available Capacity: 61.4 Wh, Peak Power: 29.5 W. Matched to 'Emergency Disaster Shelter' (Score: 85%). Rationale: Robust emergency resilience match. Internal resistance (139.7 mΩ) satisfies application thermal envelope. Clean unit with zero component defects."
B434,Power Tool Li-ion Pack (5S),Industrial Tool Rental Surplus,5S,18.0,4.0,72.0,1234,4.2,17.85,2.29,203.5,31.0,0.2,Intact (Good),None (0-1%),None,PASS,Normal,Normal,Safe,None (Passed All Thresholds),67.6,48.7,25.5,Elevated (0.024%/cycle),Tier 3: Moderate (65-74%),Good / Balanced,Operational (Healthy),Faulty / Open Circuit Drift,Clean & Firm,Clean (No Cracks),Temperature Sensor Lead Detachment,Medium (Impaired Thermal Monitoring),Yes,400,Easy (Plug-in NTC Thermistor Swap),Repair & Retest Sensor,PASS (Thermal Loop Verified),67.6,48.7,Eligible (Post-Repair),Rural School Lighting & Labs,76,"PASSED SAFETY GATE. Effective SoH: 67.6%, Available Capacity: 48.7 Wh, Peak Power: 25.5 W. Matched to 'Rural School Lighting & Labs' (Score: 76%). Rationale: Daytime educational load requirement met. Internal resistance (203.5 mΩ) satisfies application thermal envelope. Post-repair validated: Temperature Sensor Lead Detachment rectified (₹400)."
B435,Li-ion 18650 Pack (4S),Robotics / Drone Fleet Return,4S,14.8,5.2,77.0,1037,4.0,15.04,2.43,139.0,29.4,0.16,Intact (Good),None (0-1%),None,PASS,Normal,Normal,Safe,None (Passed All Thresholds),67.8,52.2,20.5,Elevated (0.024%/cycle),Tier 3: Moderate (65-74%),Good / Balanced,Operational (Healthy),Faulty / Open Circuit Drift,Clean & Firm,Clean (No Cracks),Temperature Sensor Lead Detachment,Medium (Impaired Thermal Monitoring),Yes,400,Easy (Plug-in NTC Thermistor Swap),Repair & Retest Sensor,PASS (Thermal Loop Verified),67.8,52.2,Eligible (Post-Repair),Rural School Lighting & Labs,76,"PASSED SAFETY GATE. Effective SoH: 67.8%, Available Capacity: 52.2 Wh, Peak Power: 20.5 W. Matched to 'Rural School Lighting & Labs' (Score: 76%). Rationale: Daytime educational load requirement met. Internal resistance (139.0 mΩ) satisfies application thermal envelope. Post-repair validated: Temperature Sensor Lead Detachment rectified (₹400)."
B436,Li-ion 18650 Pack (4S),Robotics / Drone Fleet Return,4S,14.8,5.2,77.0,581,2.2,15.34,2.85,115.7,31.5,0.26,Intact (Good),None (0-1%),None,PASS,Normal,Normal,Safe,None (Passed All Thresholds),84.0,64.7,26.0,Moderate (0.018%/cycle),Tier 2: Good (75-84%),Good / Balanced,Operational (Healthy),Accurate / Responsive,Clean & Firm,Clean (No Cracks),None (Fully Functional),None,Not Applicable,0,None,Direct Second-Life Allocation,Not Applicable (Direct Pass),84.0,64.7,Eligible (Direct),Healthcare Clinic Backup,90,"PASSED SAFETY GATE. Effective SoH: 84.0%, Available Capacity: 64.7 Wh, Peak Power: 26.0 W. Matched to 'Healthcare Clinic Backup' (Score: 90%). Rationale: High criticality approved. Internal resistance (115.7 mΩ) satisfies application thermal envelope. Clean unit with zero component defects."
B437,Power Tool Li-ion Pack (5S),Industrial Tool Rental Surplus,5S,18.0,4.0,72.0,971,3.3,18.14,1.58,176.4,27.7,0.29,Intact (Good),None (0-1%),None,PASS,Normal,Normal,Safe,None (Passed All Thresholds),72.8,52.4,28.5,Elevated (0.024%/cycle),Tier 3: Moderate (65-74%),Good / Balanced,Operational (Healthy),Faulty / Open Circuit Drift,Clean & Firm,Clean (No Cracks),Temperature Sensor Lead Detachment,Medium (Impaired Thermal Monitoring),Yes,250,Easy (Plug-in NTC Thermistor Swap),Repair & Retest Sensor,PASS (Thermal Loop Verified),72.8,52.4,Eligible (Post-Repair),Community Solar Microgrid,86,"PASSED SAFETY GATE. Effective SoH: 72.8%, Available Capacity: 52.4 Wh, Peak Power: 28.5 W. Matched to 'Community Solar Microgrid' (Score: 86%). Rationale: Daily solar diurnal buffering compatible. Internal resistance (176.4 mΩ) satisfies application thermal envelope. Post-repair validated: Temperature Sensor Lead Detachment rectified (₹250)."
B438,Li-ion 18650 Pack (3S),Portable Medical / Tech Return,3S,11.1,4.4,48.8,1289,4.8,5.3,2.59,153.5,28.4,0.26,Intact (Good),None (0-1%),None,FAIL,Normal,CRITICAL (Deep Discharge Under-Voltage),Safe,Copper Shunt / Dendrite Short Risk (<2.0V/cell),N/A (Unsafe),0.0,0.0,Catastrophic,Unfit / Hazardous,Dead Cell / Inversion,Operational (Healthy),Accurate / Responsive,Clean & Firm,Clean (No Cracks),Irreversible Cell Over-discharge,Critical,No (Inherent Cell Hazard),0,Impossible (Hazardous),Reject & Immediate Recycling,Not Applicable,0.0,0.0,Unfit for Reuse,None (Safety Rejected),0,"EJECTED AT SAFETY GATE: Fails mandatory screening due to Copper Shunt / Dendrite Short Risk (<2.0V/cell). Under REUSEGRID AI protocol, zero matching score can override a physical safety failure. Battery routed directly to certified closed-loop recycling."
B439,Li-ion 18650 Pack (4S),Robotics / Drone Fleet Return,4S,14.8,5.2,77.0,480,2.0,14.54,2.48,91.6,27.4,0.38,Intact (Good),None (0-1%),None,PASS,Normal,Normal,Safe,None (Passed All Thresholds),92.0,70.8,37.8,Low (<0.015%/cycle),Tier 1: Excellent (>85%),Good / Balanced,Operational (Healthy),Accurate / Responsive,Clean & Firm,Clean (No Cracks),None (Fully Functional),None,Not Applicable,0,None,Direct Second-Life Allocation,Not Applicable (Direct Pass),92.0,70.8,Eligible (Direct),Healthcare Clinic Backup,93,"PASSED SAFETY GATE. Effective SoH: 92.0%, Available Capacity: 70.8 Wh, Peak Power: 37.8 W. Matched to 'Healthcare Clinic Backup' (Score: 93%). Rationale: High criticality approved. Internal resistance (91.6 mΩ) satisfies application thermal envelope. Clean unit with zero component defects."
B440,Li-ion 18650 Pack (3S),Portable Medical / Tech Return,3S,11.1,4.4,48.8,586,2.3,11.47,1.23,82.9,28.9,0.32,Intact (Good),None (0-1%),None,PASS,Normal,Normal,Safe,None (Passed All Thresholds),82.2,40.1,14.7,Moderate (0.018%/cycle),Tier 2: Good (75-84%),Good / Balanced,BMS Protection Lock / Blown MOSFET,Accurate / Responsive,Clean & Firm,Clean (No Cracks),BMS Discharge Port Fault,High (Output Power Blocked/Erratic),Yes,650,Moderate (Modular BMS Replacement),Replace BMS Board & Calibrate,PASS (Protection Thresholds Verified),84.1,41.0,Eligible (Post-Repair),Community Solar Microgrid,88,"PASSED SAFETY GATE. Effective SoH: 84.1%, Available Capacity: 41.0 Wh, Peak Power: 14.7 W. Matched to 'Community Solar Microgrid' (Score: 88%). Rationale: Daily solar diurnal buffering compatible. Internal resistance (82.9 mΩ) satisfies application thermal envelope. Post-repair validated: BMS Discharge Port Fault rectified (₹650)."
B441,Power Tool Li-ion Pack (5S),Industrial Tool Rental Surplus,5S,18.0,4.0,72.0,749,2.8,17.39,1.44,155.1,55.9,3.51,Intact (Good),None (0-1%),None,FAIL,CRITICAL (>50°C rapid rise),Normal,Safe,Thermal Runaway Imminent: Extreme Heat & Temp Velocity,N/A (Unsafe),0.0,0.0,Catastrophic,Unfit / Hazardous,Severe Thermal Stress,Operational (Healthy),Accurate / Responsive,Clean & Firm,Clean (No Cracks),Uncontrolled Cell Overheating,Catastrophic,No (Inherent Cell Hazard),0,Impossible (Hazardous),Reject & Immediate Recycling,Not Applicable,0.0,0.0,Unfit for Reuse,None (Safety Rejected),0,"EJECTED AT SAFETY GATE: Fails mandatory screening due to Thermal Runaway Imminent: Extreme Heat & Temp Velocity. Under REUSEGRID AI protocol, zero matching score can override a physical safety failure. Battery routed directly to certified closed-loop recycling."
B442,NMC Light-EV Pack (10S),Shared E-Scooter Fleet Fleet Retire,10S,36.0,7.8,280.8,321,1.3,35.77,1.29,213.3,28.1,0.27,Intact (Good),None (0-1%),None,PASS,Normal,Normal,Safe,None (Passed All Thresholds),94.3,264.8,122.9,Low (<0.015%/cycle),Tier 1: Excellent (>85%),Good / Balanced,Operational (Healthy),Accurate / Responsive,Clean & Firm,Clean (No Cracks),None (Fully Functional),None,Not Applicable,0,None,Direct Second-Life Allocation,Not Applicable (Direct Pass),94.3,264.8,Eligible (Direct),Healthcare Clinic Backup,92,"PASSED SAFETY GATE. Effective SoH: 94.3%, Available Capacity: 264.8 Wh, Peak Power: 122.9 W. Matched to 'Healthcare Clinic Backup' (Score: 92%). Rationale: High criticality approved. Internal resistance (213.3 mΩ) satisfies application thermal envelope. Clean unit with zero component defects."
B443,LiFePO4 (LFP) Module (4S),Solar Street Light / Telecom Decom,4S,12.8,6.0,76.8,576,1.8,13.28,3.43,130.7,31.1,0.28,Intact (Good),None (0-1%),None,PASS,Normal,Normal,Safe,None (Passed All Thresholds),80.8,62.1,30.4,Moderate (0.018%/cycle),Tier 2: Good (75-84%),Good / Balanced,Operational (Healthy),Accurate / Responsive,Clean & Firm,Clean (No Cracks),None (Fully Functional),None,Not Applicable,0,None,Direct Second-Life Allocation,Not Applicable (Direct Pass),80.8,62.1,Eligible (Direct),Emergency Disaster Shelter,87,"PASSED SAFETY GATE. Effective SoH: 80.8%, Available Capacity: 62.1 Wh, Peak Power: 30.4 W. Matched to 'Emergency Disaster Shelter' (Score: 87%). Rationale: Robust emergency resilience match. Internal resistance (130.7 mΩ) satisfies application thermal envelope. Clean unit with zero component defects."
B444,Li-ion 18650 Pack (3S),Portable Medical / Tech Return,3S,11.1,4.4,48.8,861,3.1,10.94,3.33,86.8,25.4,0.25,Intact (Good),None (0-1%),None,PASS,Normal,Normal,Safe,None (Passed All Thresholds),80.2,39.1,20.8,Moderate (0.018%/cycle),Tier 2: Good (75-84%),Good / Balanced,Operational (Healthy),Accurate / Responsive,Clean & Firm,Clean (No Cracks),None (Fully Functional),None,Not Applicable,0,None,Direct Second-Life Allocation,Not Applicable (Direct Pass),80.2,39.1,Eligible (Direct),Community Solar Microgrid,84,"PASSED SAFETY GATE. Effective SoH: 80.2%, Available Capacity: 39.1 Wh, Peak Power: 20.8 W. Matched to 'Community Solar Microgrid' (Score: 84%). Rationale: Daily solar diurnal buffering compatible. Internal resistance (86.8 mΩ) satisfies application thermal envelope. Clean unit with zero component defects."
B445,Li-ion 18650 Pack (4S),Robotics / Drone Fleet Return,4S,14.8,5.2,77.0,776,2.6,14.82,1.43,123.1,25.1,0.39,Intact (Good),None (0-1%),None,PASS,Normal,Normal,Safe,None (Passed All Thresholds),80.7,62.1,26.4,Moderate (0.018%/cycle),Tier 2: Good (75-84%),Good / Balanced,Operational (Healthy),Accurate / Responsive,Clean & Firm,Clean (No Cracks),None (Fully Functional),None,Not Applicable,0,None,Direct Second-Life Allocation,Not Applicable (Direct Pass),80.7,62.1,Eligible (Direct),Emergency Disaster Shelter,89,"PASSED SAFETY GATE. Effective SoH: 80.7%, Available Capacity: 62.1 Wh, Peak Power: 26.4 W. Matched to 'Emergency Disaster Shelter' (Score: 89%). Rationale: Robust emergency resilience match. Internal resistance (123.1 mΩ) satisfies application thermal envelope. Clean unit with zero component defects."
B446,Li-ion 18650 Pack (3S),Portable Medical / Tech Return,3S,11.1,4.4,48.8,349,1.4,11.17,2.96,70.4,27.8,0.36,Intact (Good),None (0-1%),None,PASS,Normal,Normal,Safe,None (Passed All Thresholds),89.8,43.8,21.0,Low (<0.015%/cycle),Tier 1: Excellent (>85%),Good / Balanced,Operational (Healthy),Accurate / Responsive,Clean & Firm,Clean (No Cracks),None (Fully Functional),None,Not Applicable,0,None,Direct Second-Life Allocation,Not Applicable (Direct Pass),89.8,43.8,Eligible (Direct),Community Solar Microgrid,87,"PASSED SAFETY GATE. Effective SoH: 89.8%, Available Capacity: 43.8 Wh, Peak Power: 21.0 W. Matched to 'Community Solar Microgrid' (Score: 87%). Rationale: Daily solar diurnal buffering compatible. Internal resistance (70.4 mΩ) satisfies application thermal envelope. Clean unit with zero component defects."
B447,Prismatic Li-ion Module (2S),Telecom Backup Rack Module,2S,7.4,10.0,74.0,853,2.8,7.55,2.76,79.7,27.1,0.16,Intact (Good),None (0-1%),None,PASS,Normal,Normal,Safe,None (Passed All Thresholds),71.9,53.2,26.7,Elevated (0.024%/cycle),Tier 3: Moderate (65-74%),Good / Balanced,Operational (Healthy),Accurate / Responsive,Clean & Firm,Clean (No Cracks),None (Fully Functional),None,Not Applicable,0,None,Direct Second-Life Allocation,Not Applicable (Direct Pass),71.9,53.2,Eligible (Direct),Community Solar Microgrid,83,"PASSED SAFETY GATE. Effective SoH: 71.9%, Available Capacity: 53.2 Wh, Peak Power: 26.7 W. Matched to 'Community Solar Microgrid' (Score: 83%). Rationale: Daily solar diurnal buffering compatible. Internal resistance (79.7 mΩ) satisfies application thermal envelope. Clean unit with zero component defects."
B448,NMC Light-EV Pack (10S),Shared E-Scooter Fleet Fleet Retire,10S,36.0,7.8,280.8,505,1.9,34.99,3.46,278.9,26.5,0.14,Intact (Good),None (0-1%),None,PASS,Normal,Normal,Safe,None (Passed All Thresholds),84.6,237.6,92.8,Moderate (0.018%/cycle),Tier 2: Good (75-84%),Good / Balanced,Operational (Healthy),Accurate / Responsive,Clean & Firm,Clean (No Cracks),None (Fully Functional),None,Not Applicable,0,None,Direct Second-Life Allocation,Not Applicable (Direct Pass),84.6,237.6,Eligible (Direct),Healthcare Clinic Backup,95,"PASSED SAFETY GATE. Effective SoH: 84.6%, Available Capacity: 237.6 Wh, Peak Power: 92.8 W. Matched to 'Healthcare Clinic Backup' (Score: 95%). Rationale: High criticality approved. Internal resistance (278.9 mΩ) satisfies application thermal envelope. Clean unit with zero component defects."
B449,Li-ion 18650 Pack (3S),Portable Medical / Tech Return,3S,11.1,4.4,48.8,666,2.5,10.73,2.44,92.9,31.4,0.22,Chemical Residue & Vent Breach,None (0-1%),Active Electrolyte Leakage / Corrosion,FAIL,Normal,Normal,CRITICAL (Chemical Hazard),Safety Vent Ruptured & Toxic Chemical Egress,N/A (Unsafe),0.0,0.0,Catastrophic,Unfit / Hazardous,Good / Balanced,Operational (Healthy),Accurate / Responsive,Clean & Firm,Clean (No Cracks),Seal Rupture & Electrolyte Evaporation,Catastrophic,No (Inherent Cell Hazard),0,Impossible (Hazardous),Reject & Immediate Recycling,Not Applicable,0.0,0.0,Unfit for Reuse,None (Safety Rejected),0,"EJECTED AT SAFETY GATE: Fails mandatory screening due to Safety Vent Ruptured & Toxic Chemical Egress. Under REUSEGRID AI protocol, zero matching score can override a physical safety failure. Battery routed directly to certified closed-loop recycling."
B450,NMC Light-EV Pack (10S),Shared E-Scooter Fleet Fleet Retire,10S,36.0,7.8,280.8,416,1.8,35.35,1.96,332.8,29.9,0.33,Intact (Good),None (0-1%),None,PASS,Normal,Normal,Safe,None (Passed All Thresholds),83.2,233.6,125.2,Moderate (0.018%/cycle),Tier 2: Good (75-84%),Good / Balanced,Operational (Healthy),Accurate / Responsive,Clean & Firm,Clean (No Cracks),None (Fully Functional),None,Not Applicable,0,None,Direct Second-Life Allocation,Not Applicable (Direct Pass),83.2,233.6,Eligible (Direct),Emergency Disaster Shelter,86,"PASSED SAFETY GATE. Effective SoH: 83.2%, Available Capacity: 233.6 Wh, Peak Power: 125.2 W. Matched to 'Emergency Disaster Shelter' (Score: 86%). Rationale: Robust emergency resilience match. Internal resistance (332.8 mΩ) satisfies application thermal envelope. Clean unit with zero component defects."
B451,Li-ion 18650 Pack (3S),Portable Medical / Tech Return,3S,11.1,4.4,48.8,1066,4.0,10.93,3.46,110.1,29.5,0.32,Intact (Good),None (0-1%),None,PASS,Normal,Normal,Safe,None (Passed All Thresholds),67.6,33.0,18.0,Elevated (0.024%/cycle),Tier 3: Moderate (65-74%),Good / Balanced,Operational (Healthy),Accurate / Responsive,Clean & Firm,Clean (No Cracks),None (Fully Functional),None,Not Applicable,0,None,De-rate Power & Direct Allocation,Not Applicable (Direct Pass),67.6,33.0,Eligible (Limited Use - Derated),Rural School Lighting & Labs,79,"PASSED SAFETY GATE. Effective SoH: 67.6%, Available Capacity: 33.0 Wh, Peak Power: 18.0 W. Matched to 'Rural School Lighting & Labs' (Score: 79%). Rationale: Daytime educational load requirement met. Internal resistance (110.1 mΩ) satisfies application thermal envelope. Post-repair validated: None (Fully Functional) rectified (₹0)."
B452,NMC Light-EV Pack (10S),Shared E-Scooter Fleet Fleet Retire,10S,36.0,7.8,280.8,1072,3.8,35.19,1.95,450.9,62.1,3.36,Intact (Good),None (0-1%),None,FAIL,CRITICAL (>50°C rapid rise),Normal,Safe,Thermal Runaway Imminent: Extreme Heat & Temp Velocity,N/A (Unsafe),0.0,0.0,Catastrophic,Unfit / Hazardous,Severe Thermal Stress,Operational (Healthy),Accurate / Responsive,Clean & Firm,Clean (No Cracks),Uncontrolled Cell Overheating,Catastrophic,No (Inherent Cell Hazard),0,Impossible (Hazardous),Reject & Immediate Recycling,Not Applicable,0.0,0.0,Unfit for Reuse,None (Safety Rejected),0,"EJECTED AT SAFETY GATE: Fails mandatory screening due to Thermal Runaway Imminent: Extreme Heat & Temp Velocity. Under REUSEGRID AI protocol, zero matching score can override a physical safety failure. Battery routed directly to certified closed-loop recycling."
B453,LiFePO4 (LFP) Module (4S),Solar Street Light / Telecom Decom,4S,12.8,6.0,76.8,507,1.6,12.65,2.12,94.5,25.4,0.27,Intact (Good),None (0-1%),None,PASS,Normal,Normal,Safe,None (Passed All Thresholds),84.6,65.0,34.2,Moderate (0.018%/cycle),Tier 2: Good (75-84%),Good / Balanced,Operational (Healthy),Accurate / Responsive,Clean & Firm,Clean (No Cracks),None (Fully Functional),None,Not Applicable,0,None,Direct Second-Life Allocation,Not Applicable (Direct Pass),84.6,65.0,Eligible (Direct),Healthcare Clinic Backup,91,"PASSED SAFETY GATE. Effective SoH: 84.6%, Available Capacity: 65.0 Wh, Peak Power: 34.2 W. Matched to 'Healthcare Clinic Backup' (Score: 91%). Rationale: High criticality approved. Internal resistance (94.5 mΩ) satisfies application thermal envelope. Clean unit with zero component defects."
B454,Li-ion 18650 Pack (3S),Portable Medical / Tech Return,3S,11.1,4.4,48.8,827,3.1,7.99,1.22,326.8,46.3,0.3,Intact (Good),None (0-1%),None,FAIL,Normal,Micro-Short Detected,Safe,Localized Internal Cell Micro-Short Circuit,N/A (Unsafe),0.0,0.0,Catastrophic,Unfit / Hazardous,Micro-Dendrite Internal Short,Operational (Healthy),Accurate / Responsive,Clean & Firm,Clean (No Cracks),Internal Short Circuit,Critical,No (Inherent Cell Hazard),0,Impossible (Hazardous),Reject & Immediate Recycling,Not Applicable,0.0,0.0,Unfit for Reuse,None (Safety Rejected),0,"EJECTED AT SAFETY GATE: Fails mandatory screening due to Localized Internal Cell Micro-Short Circuit. Under REUSEGRID AI protocol, zero matching score can override a physical safety failure. Battery routed directly to certified closed-loop recycling."
B455,Prismatic Li-ion Module (2S),Telecom Backup Rack Module,2S,7.4,10.0,74.0,1462,5.2,7.45,3.03,97.6,31.1,0.24,Intact (Good),None (0-1%),None,PASS,Normal,Normal,Safe,None (Passed All Thresholds),60.0,44.4,19.8,Severe (>0.035%/cycle),Tier 4: Highly Degraded (<65%),Good / Balanced,Operational (Healthy),Accurate / Responsive,Clean & Firm,Clean (No Cracks),None (Fully Functional),None,Not Applicable,0,None,De-rate Power & Direct Allocation,Not Applicable (Direct Pass),60.0,44.4,Eligible (Limited Use - Derated),Rural Off-Grid Household,74,"PASSED SAFETY GATE. Effective SoH: 60.0%, Available Capacity: 44.4 Wh, Peak Power: 19.8 W. Matched to 'Rural Off-Grid Household' (Score: 74%). Rationale: Moderate lighting & phone charging load. Internal resistance (97.6 mΩ) satisfies application thermal envelope. Post-repair validated: None (Fully Functional) rectified (₹0)."
B456,Prismatic Li-ion Module (2S),Telecom Backup Rack Module,2S,7.4,10.0,74.0,1413,5.2,7.35,3.22,101.0,26.4,0.35,Intact (Good),None (0-1%),None,PASS,Normal,Normal,Safe,None (Passed All Thresholds),55.3,40.9,18.9,Severe (>0.035%/cycle),Tier 4: Highly Degraded (<65%),Good / Balanced,Operational (Healthy),Accurate / Responsive,Oxidized Terminals / Damaged XT60 Pin,Clean (No Cracks),High-Resistance Connector Degradation,Medium (Localized Contact Heating),Yes,180,Easy (Terminal Re-crimp & Re-soldering),Replace Connector Harness,PASS (Contact Resistance < 5 mOhm),55.3,40.9,Eligible (Post-Repair),Rural Off-Grid Household,70,"PASSED SAFETY GATE. Effective SoH: 55.3%, Available Capacity: 40.9 Wh, Peak Power: 18.9 W. Matched to 'Rural Off-Grid Household' (Score: 70%). Rationale: Moderate lighting & phone charging load. Internal resistance (101.0 mΩ) satisfies application thermal envelope. Post-repair validated: High-Resistance Connector Degradation rectified (₹180)."
B457,Power Tool Li-ion Pack (5S),Industrial Tool Rental Surplus,5S,18.0,4.0,72.0,1432,5.2,17.72,1.64,261.3,25.9,0.19,Intact (Good),None (0-1%),None,PASS,Normal,Normal,Safe,None (Passed All Thresholds),56.6,40.8,20.6,Severe (>0.035%/cycle),Tier 4: Highly Degraded (<65%),Good / Balanced,Operational (Healthy),Accurate / Responsive,Clean & Firm,Clean (No Cracks),None (Fully Functional),None,Not Applicable,0,None,De-rate Power & Direct Allocation,Not Applicable (Direct Pass),56.6,40.8,Eligible (Limited Use - Derated),Rural Off-Grid Household,74,"PASSED SAFETY GATE. Effective SoH: 56.6%, Available Capacity: 40.8 Wh, Peak Power: 20.6 W. Matched to 'Rural Off-Grid Household' (Score: 74%). Rationale: Moderate lighting & phone charging load. Internal resistance (261.3 mΩ) satisfies application thermal envelope. Post-repair validated: None (Fully Functional) rectified (₹0)."
B458,Li-ion 18650 Pack (3S),Portable Medical / Tech Return,3S,11.1,4.4,48.8,506,1.6,11.53,2.32,75.9,26.3,0.37,Intact (Good),None (0-1%),None,PASS,Normal,Normal,Safe,None (Passed All Thresholds),87.1,42.5,18.8,Low (<0.015%/cycle),Tier 1: Excellent (>85%),Good / Balanced,Operational (Healthy),Accurate / Responsive,Clean & Firm,Clean (No Cracks),None (Fully Functional),None,Not Applicable,0,None,Direct Second-Life Allocation,Not Applicable (Direct Pass),87.1,42.5,Eligible (Direct),Community Solar Microgrid,85,"PASSED SAFETY GATE. Effective SoH: 87.1%, Available Capacity: 42.5 Wh, Peak Power: 18.8 W. Matched to 'Community Solar Microgrid' (Score: 85%). Rationale: Daily solar diurnal buffering compatible. Internal resistance (75.9 mΩ) satisfies application thermal envelope. Clean unit with zero component defects."
B459,Li-ion 18650 Pack (3S),Portable Medical / Tech Return,3S,11.1,4.4,48.8,1484,5.0,10.82,1.29,132.3,25.2,0.33,Intact (Good),None (0-1%),None,PASS,Normal,Normal,Safe,None (Passed All Thresholds),57.8,28.2,10.6,Severe (>0.035%/cycle),Tier 4: Highly Degraded (<65%),Good / Balanced,Operational (Healthy),Accurate / Responsive,Clean & Firm,Clean (No Cracks),None (Fully Functional),None,Not Applicable,0,None,De-rate Power & Direct Allocation,Not Applicable (Direct Pass),57.8,28.2,Eligible (Limited Use - Derated),Rural Off-Grid Household,74,"PASSED SAFETY GATE. Effective SoH: 57.8%, Available Capacity: 28.2 Wh, Peak Power: 10.6 W. Matched to 'Rural Off-Grid Household' (Score: 74%). Rationale: Moderate lighting & phone charging load. Internal resistance (132.3 mΩ) satisfies application thermal envelope. Post-repair validated: None (Fully Functional) rectified (₹0)."
B460,Prismatic Li-ion Module (2S),Telecom Backup Rack Module,2S,7.4,10.0,74.0,835,3.0,7.39,2.1,73.9,31.2,0.37,Intact (Good),None (0-1%),None,PASS,Normal,Normal,Safe,None (Passed All Thresholds),74.8,55.4,23.1,Elevated (0.024%/cycle),Tier 3: Moderate (65-74%),Good / Balanced,Operational (Healthy),Accurate / Responsive,Clean & Firm,Clean (No Cracks),None (Fully Functional),None,Not Applicable,0,None,Direct Second-Life Allocation,Not Applicable (Direct Pass),74.8,55.4,Eligible (Direct),Community Solar Microgrid,84,"PASSED SAFETY GATE. Effective SoH: 74.8%, Available Capacity: 55.4 Wh, Peak Power: 23.1 W. Matched to 'Community Solar Microgrid' (Score: 84%). Rationale: Daily solar diurnal buffering compatible. Internal resistance (73.9 mΩ) satisfies application thermal envelope. Clean unit with zero component defects."
B461,Power Tool Li-ion Pack (5S),Industrial Tool Rental Surplus,5S,18.0,4.0,72.0,1299,5.0,18.66,1.53,255.4,29.1,0.18,Intact (Good),None (0-1%),None,PASS,Normal,Normal,Safe,None (Passed All Thresholds),50.4,36.3,14.7,Severe (>0.035%/cycle),Tier 4: Highly Degraded (<65%),Good / Balanced,Operational (Healthy),Accurate / Responsive,Clean & Firm,Clean (No Cracks),None (Fully Functional),None,Not Applicable,0,None,De-rate Power & Direct Allocation,Not Applicable (Direct Pass),50.4,36.3,Eligible (Limited Use - Derated),Secondary Micro-Reserve Buffer,68,"PASSED SAFETY GATE. Effective SoH: 50.4%, Available Capacity: 36.3 Wh, Peak Power: 14.7 W. Matched to 'Secondary Micro-Reserve Buffer' (Score: 68%). Rationale: Low-drain buffer storage tier. Internal resistance (255.4 mΩ) satisfies application thermal envelope. Post-repair validated: None (Fully Functional) rectified (₹0)."
B462,Li-ion 18650 Pack (4S),Robotics / Drone Fleet Return,4S,14.8,5.2,77.0,1604,5.5,14.73,2.37,195.5,26.8,0.19,Intact (Good),None (0-1%),None,PASS,Normal,Normal,Safe,None (Passed All Thresholds),50.4,38.8,14.3,Severe (>0.035%/cycle),Tier 4: Highly Degraded (<65%),Good / Balanced,Operational (Healthy),Accurate / Responsive,Clean & Firm,Clean (No Cracks),None (Fully Functional),None,Not Applicable,0,None,De-rate Power & Direct Allocation,Not Applicable (Direct Pass),50.4,38.8,Eligible (Limited Use - Derated),Secondary Micro-Reserve Buffer,67,"PASSED SAFETY GATE. Effective SoH: 50.4%, Available Capacity: 38.8 Wh, Peak Power: 14.3 W. Matched to 'Secondary Micro-Reserve Buffer' (Score: 67%). Rationale: Low-drain buffer storage tier. Internal resistance (195.5 mΩ) satisfies application thermal envelope. Post-repair validated: None (Fully Functional) rectified (₹0)."
B463,Li-ion 18650 Pack (4S),Robotics / Drone Fleet Return,4S,14.8,5.2,77.0,1412,5.4,14.22,3.06,196.6,31.6,0.13,Intact (Good),None (0-1%),None,PASS,Normal,Normal,Safe,None (Passed All Thresholds),60.4,46.5,17.8,Severe (>0.035%/cycle),Tier 4: Highly Degraded (<65%),Good / Balanced,Operational (Healthy),Accurate / Responsive,Clean & Firm,Clean (No Cracks),None (Fully Functional),None,Not Applicable,0,None,De-rate Power & Direct Allocation,Not Applicable (Direct Pass),60.4,46.5,Eligible (Limited Use - Derated),Rural Off-Grid Household,79,"PASSED SAFETY GATE. Effective SoH: 60.4%, Available Capacity: 46.5 Wh, Peak Power: 17.8 W. Matched to 'Rural Off-Grid Household' (Score: 79%). Rationale: Moderate lighting & phone charging load. Internal resistance (196.6 mΩ) satisfies application thermal envelope. Post-repair validated: None (Fully Functional) rectified (₹0)."
B464,NMC Light-EV Pack (10S),Shared E-Scooter Fleet Fleet Retire,10S,36.0,7.8,280.8,767,2.4,36.67,3.49,344.1,27.0,0.26,Intact (Good),None (0-1%),None,PASS,Normal,Normal,Safe,None (Passed All Thresholds),76.9,215.9,93.1,Moderate (0.018%/cycle),Tier 2: Good (75-84%),Good / Balanced,BMS Protection Lock / Blown MOSFET,Accurate / Responsive,Clean & Firm,Clean (No Cracks),BMS Discharge Port Fault,High (Output Power Blocked/Erratic),Yes,850,Moderate (Modular BMS Replacement),Replace BMS Board & Calibrate,PASS (Protection Thresholds Verified),79.0,221.8,Eligible (Post-Repair),Emergency Disaster Shelter,86,"PASSED SAFETY GATE. Effective SoH: 79.0%, Available Capacity: 221.8 Wh, Peak Power: 93.1 W. Matched to 'Emergency Disaster Shelter' (Score: 86%). Rationale: Robust emergency resilience match. Internal resistance (344.1 mΩ) satisfies application thermal envelope. Post-repair validated: BMS Discharge Port Fault rectified (₹850)."
B465,Prismatic Li-ion Module (2S),Telecom Backup Rack Module,2S,7.4,10.0,74.0,1455,5.5,7.43,2.8,77.0,28.6,0.4,Intact (Good),None (0-1%),None,PASS,Normal,Normal,Safe,None (Passed All Thresholds),65.2,48.2,22.8,Elevated (0.024%/cycle),Tier 3: Moderate (65-74%),Good / Balanced,Operational (Healthy),Faulty / Open Circuit Drift,Clean & Firm,Clean (No Cracks),Temperature Sensor Lead Detachment,Medium (Impaired Thermal Monitoring),Yes,400,Easy (Plug-in NTC Thermistor Swap),Repair & Retest Sensor,PASS (Thermal Loop Verified),65.2,48.2,Eligible (Post-Repair),Rural School Lighting & Labs,79,"PASSED SAFETY GATE. Effective SoH: 65.2%, Available Capacity: 48.2 Wh, Peak Power: 22.8 W. Matched to 'Rural School Lighting & Labs' (Score: 79%). Rationale: Daytime educational load requirement met. Internal resistance (77.0 mΩ) satisfies application thermal envelope. Post-repair validated: Temperature Sensor Lead Detachment rectified (₹400)."
B466,Li-ion 18650 Pack (3S),Portable Medical / Tech Return,3S,11.1,4.4,48.8,1030,3.5,11.35,2.31,119.9,58.1,4.31,Intact (Good),None (0-1%),None,FAIL,CRITICAL (>50°C rapid rise),Normal,Safe,Thermal Runaway Imminent: Extreme Heat & Temp Velocity,N/A (Unsafe),0.0,0.0,Catastrophic,Unfit / Hazardous,Severe Thermal Stress,Operational (Healthy),Accurate / Responsive,Clean & Firm,Clean (No Cracks),Uncontrolled Cell Overheating,Catastrophic,No (Inherent Cell Hazard),0,Impossible (Hazardous),Reject & Immediate Recycling,Not Applicable,0.0,0.0,Unfit for Reuse,None (Safety Rejected),0,"EJECTED AT SAFETY GATE: Fails mandatory screening due to Thermal Runaway Imminent: Extreme Heat & Temp Velocity. Under REUSEGRID AI protocol, zero matching score can override a physical safety failure. Battery routed directly to certified closed-loop recycling."
B467,Li-ion 18650 Pack (3S),Portable Medical / Tech Return,3S,11.1,4.4,48.8,504,1.9,11.51,2.51,90.5,31.0,0.14,Intact (Good),None (0-1%),None,PASS,Normal,Normal,Safe,None (Passed All Thresholds),85.5,41.7,19.3,Low (<0.015%/cycle),Tier 1: Excellent (>85%),Good / Balanced,Operational (Healthy),Accurate / Responsive,Clean & Firm,Clean (No Cracks),None (Fully Functional),None,Not Applicable,0,None,Direct Second-Life Allocation,Not Applicable (Direct Pass),85.5,41.7,Eligible (Direct),Community Solar Microgrid,87,"PASSED SAFETY GATE. Effective SoH: 85.5%, Available Capacity: 41.7 Wh, Peak Power: 19.3 W. Matched to 'Community Solar Microgrid' (Score: 87%). Rationale: Daily solar diurnal buffering compatible. Internal resistance (90.5 mΩ) satisfies application thermal envelope. Clean unit with zero component defects."
B468,Prismatic Li-ion Module (2S),Telecom Backup Rack Module,2S,7.4,10.0,74.0,812,3.1,7.34,3.19,70.2,26.7,0.39,Intact (Good),None (0-1%),None,PASS,Normal,Normal,Safe,None (Passed All Thresholds),73.0,54.0,29.2,Elevated (0.024%/cycle),Tier 3: Moderate (65-74%),Good / Balanced,Operational (Healthy),Accurate / Responsive,Clean & Firm,Clean (No Cracks),None (Fully Functional),None,Not Applicable,0,None,Direct Second-Life Allocation,Not Applicable (Direct Pass),73.0,54.0,Eligible (Direct),Community Solar Microgrid,81,"PASSED SAFETY GATE. Effective SoH: 73.0%, Available Capacity: 54.0 Wh, Peak Power: 29.2 W. Matched to 'Community Solar Microgrid' (Score: 81%). Rationale: Daily solar diurnal buffering compatible. Internal resistance (70.2 mΩ) satisfies application thermal envelope. Clean unit with zero component defects."
B469,Li-ion 18650 Pack (4S),Robotics / Drone Fleet Return,4S,14.8,5.2,77.0,602,2.5,14.83,2.78,117.0,26.9,0.32,Intact (Good),None (0-1%),None,PASS,Normal,Normal,Safe,None (Passed All Thresholds),81.3,62.6,22.6,Moderate (0.018%/cycle),Tier 2: Good (75-84%),Good / Balanced,Operational (Healthy),Accurate / Responsive,Clean & Firm,Clean (No Cracks),None (Fully Functional),None,Not Applicable,0,None,Direct Second-Life Allocation,Not Applicable (Direct Pass),81.3,62.6,Eligible (Direct),Emergency Disaster Shelter,85,"PASSED SAFETY GATE. Effective SoH: 81.3%, Available Capacity: 62.6 Wh, Peak Power: 22.6 W. Matched to 'Emergency Disaster Shelter' (Score: 85%). Rationale: Robust emergency resilience match. Internal resistance (117.0 mΩ) satisfies application thermal envelope. Clean unit with zero component defects."
B470,Power Tool Li-ion Pack (5S),Industrial Tool Rental Surplus,5S,18.0,4.0,72.0,633,2.2,17.56,1.91,136.3,31.8,0.22,Intact (Good),None (0-1%),None,PASS,Normal,Normal,Safe,None (Passed All Thresholds),81.1,58.4,25.6,Moderate (0.018%/cycle),Tier 2: Good (75-84%),Good / Balanced,Operational (Healthy),Accurate / Responsive,Clean & Firm,Clean (No Cracks),None (Fully Functional),None,Not Applicable,0,None,Direct Second-Life Allocation,Not Applicable (Direct Pass),81.1,58.4,Eligible (Direct),Emergency Disaster Shelter,89,"PASSED SAFETY GATE. Effective SoH: 81.1%, Available Capacity: 58.4 Wh, Peak Power: 25.6 W. Matched to 'Emergency Disaster Shelter' (Score: 89%). Rationale: Robust emergency resilience match. Internal resistance (136.3 mΩ) satisfies application thermal envelope. Clean unit with zero component defects."
B471,Power Tool Li-ion Pack (5S),Industrial Tool Rental Surplus,5S,18.0,4.0,72.0,1482,5.2,17.41,2.76,238.6,25.4,0.28,Intact (Good),None (0-1%),None,PASS,Normal,Normal,Safe,None (Passed All Thresholds),60.5,43.6,17.1,Severe (>0.035%/cycle),Tier 4: Highly Degraded (<65%),Good / Balanced,BMS Protection Lock / Blown MOSFET,Accurate / Responsive,Clean & Firm,Clean (No Cracks),BMS Discharge Port Fault,High (Output Power Blocked/Erratic),Yes,850,Moderate (Modular BMS Replacement),Replace BMS Board & Calibrate,PASS (Protection Thresholds Verified),63.0,45.4,Eligible (Post-Repair),Rural Off-Grid Household,78,"PASSED SAFETY GATE. Effective SoH: 63.0%, Available Capacity: 45.4 Wh, Peak Power: 17.1 W. Matched to 'Rural Off-Grid Household' (Score: 78%). Rationale: Moderate lighting & phone charging load. Internal resistance (238.6 mΩ) satisfies application thermal envelope. Post-repair validated: BMS Discharge Port Fault rectified (₹850)."
B472,Prismatic Li-ion Module (2S),Telecom Backup Rack Module,2S,7.4,10.0,74.0,261,1.2,7.67,1.37,47.6,26.4,0.2,Intact (Good),None (0-1%),None,PASS,Normal,Normal,Safe,None (Passed All Thresholds),86.5,64.0,30.3,Low (<0.015%/cycle),Tier 1: Excellent (>85%),Good / Balanced,Operational (Healthy),Accurate / Responsive,Clean & Firm,Clean (No Cracks),None (Fully Functional),None,Not Applicable,0,None,Direct Second-Life Allocation,Not Applicable (Direct Pass),86.5,64.0,Eligible (Direct),Healthcare Clinic Backup,93,"PASSED SAFETY GATE. Effective SoH: 86.5%, Available Capacity: 64.0 Wh, Peak Power: 30.3 W. Matched to 'Healthcare Clinic Backup' (Score: 93%). Rationale: High criticality approved. Internal resistance (47.6 mΩ) satisfies application thermal envelope. Clean unit with zero component defects."
B473,NMC Light-EV Pack (10S),Shared E-Scooter Fleet Fleet Retire,10S,36.0,7.8,280.8,407,1.4,36.59,1.7,267.1,27.6,0.22,Intact (Good),None (0-1%),None,PASS,Normal,Normal,Safe,None (Passed All Thresholds),85.5,240.1,130.9,Low (<0.015%/cycle),Tier 1: Excellent (>85%),Good / Balanced,Operational (Healthy),Accurate / Responsive,Clean & Firm,Clean (No Cracks),None (Fully Functional),None,Not Applicable,0,None,Direct Second-Life Allocation,Not Applicable (Direct Pass),85.5,240.1,Eligible (Direct),Healthcare Clinic Backup,97,"PASSED SAFETY GATE. Effective SoH: 85.5%, Available Capacity: 240.1 Wh, Peak Power: 130.9 W. Matched to 'Healthcare Clinic Backup' (Score: 97%). Rationale: High criticality approved. Internal resistance (267.1 mΩ) satisfies application thermal envelope. Clean unit with zero component defects."
B474,Prismatic Li-ion Module (2S),Telecom Backup Rack Module,2S,7.4,10.0,74.0,1070,3.7,3.56,2.99,72.2,31.0,0.35,Intact (Good),None (0-1%),None,FAIL,Normal,CRITICAL (Deep Discharge Under-Voltage),Safe,Copper Shunt / Dendrite Short Risk (<2.0V/cell),N/A (Unsafe),0.0,0.0,Catastrophic,Unfit / Hazardous,Dead Cell / Inversion,Operational (Healthy),Accurate / Responsive,Clean & Firm,Clean (No Cracks),Irreversible Cell Over-discharge,Critical,No (Inherent Cell Hazard),0,Impossible (Hazardous),Reject & Immediate Recycling,Not Applicable,0.0,0.0,Unfit for Reuse,None (Safety Rejected),0,"EJECTED AT SAFETY GATE: Fails mandatory screening due to Copper Shunt / Dendrite Short Risk (<2.0V/cell). Under REUSEGRID AI protocol, zero matching score can override a physical safety failure. Battery routed directly to certified closed-loop recycling."
B475,Power Tool Li-ion Pack (5S),Industrial Tool Rental Surplus,5S,18.0,4.0,72.0,574,1.8,18.38,1.9,169.3,30.7,0.19,Intact (Good),None (0-1%),None,PASS,Normal,Normal,Safe,None (Passed All Thresholds),77.6,55.9,27.7,Moderate (0.018%/cycle),Tier 2: Good (75-84%),Good / Balanced,BMS Protection Lock / Blown MOSFET,Accurate / Responsive,Clean & Firm,Clean (No Cracks),BMS Discharge Port Fault,High (Output Power Blocked/Erratic),Yes,1100,Moderate (Modular BMS Replacement),Replace BMS Board & Calibrate,PASS (Protection Thresholds Verified),79.5,57.2,Eligible (Post-Repair),Emergency Disaster Shelter,90,"PASSED SAFETY GATE. Effective SoH: 79.5%, Available Capacity: 57.2 Wh, Peak Power: 27.7 W. Matched to 'Emergency Disaster Shelter' (Score: 90%). Rationale: Robust emergency resilience match. Internal resistance (169.3 mΩ) satisfies application thermal envelope. Post-repair validated: BMS Discharge Port Fault rectified (₹1100)."
B476,Li-ion 18650 Pack (4S),Robotics / Drone Fleet Return,4S,14.8,5.2,77.0,1504,5.2,14.39,2.93,212.9,29.0,0.18,Intact (Good),None (0-1%),None,PASS,Normal,Normal,Safe,None (Passed All Thresholds),59.8,46.0,20.5,Severe (>0.035%/cycle),Tier 4: Highly Degraded (<65%),Good / Balanced,Operational (Healthy),Accurate / Responsive,Clean & Firm,Clean (No Cracks),None (Fully Functional),None,Not Applicable,0,None,De-rate Power & Direct Allocation,Not Applicable (Direct Pass),59.8,46.0,Eligible (Limited Use - Derated),Rural Off-Grid Household,73,"PASSED SAFETY GATE. Effective SoH: 59.8%, Available Capacity: 46.0 Wh, Peak Power: 20.5 W. Matched to 'Rural Off-Grid Household' (Score: 73%). Rationale: Moderate lighting & phone charging load. Internal resistance (212.9 mΩ) satisfies application thermal envelope. Post-repair validated: None (Fully Functional) rectified (₹0)."
B477,Li-ion 18650 Pack (4S),Robotics / Drone Fleet Return,4S,14.8,5.2,77.0,808,3.2,14.27,1.74,123.3,28.4,0.19,Intact (Good),None (0-1%),None,PASS,Normal,Normal,Safe,None (Passed All Thresholds),82.3,63.4,24.5,Moderate (0.018%/cycle),Tier 2: Good (75-84%),Good / Balanced,Operational (Healthy),Accurate / Responsive,Clean & Firm,Clean (No Cracks),None (Fully Functional),None,Not Applicable,0,None,Direct Second-Life Allocation,Not Applicable (Direct Pass),82.3,63.4,Eligible (Direct),Emergency Disaster Shelter,88,"PASSED SAFETY GATE. Effective SoH: 82.3%, Available Capacity: 63.4 Wh, Peak Power: 24.5 W. Matched to 'Emergency Disaster Shelter' (Score: 88%). Rationale: Robust emergency resilience match. Internal resistance (123.3 mΩ) satisfies application thermal envelope. Clean unit with zero component defects."
B478,LiFePO4 (LFP) Module (4S),Solar Street Light / Telecom Decom,4S,12.8,6.0,76.8,582,2.0,13.18,2.83,141.9,25.7,0.33,Intact (Good),None (0-1%),None,PASS,Normal,Normal,Safe,None (Passed All Thresholds),79.1,60.7,31.1,Moderate (0.018%/cycle),Tier 2: Good (75-84%),Good / Balanced,Operational (Healthy),Accurate / Responsive,Clean & Firm,Clean (No Cracks),None (Fully Functional),None,Not Applicable,0,None,Direct Second-Life Allocation,Not Applicable (Direct Pass),79.1,60.7,Eligible (Direct),Emergency Disaster Shelter,90,"PASSED SAFETY GATE. Effective SoH: 79.1%, Available Capacity: 60.7 Wh, Peak Power: 31.1 W. Matched to 'Emergency Disaster Shelter' (Score: 90%). Rationale: Robust emergency resilience match. Internal resistance (141.9 mΩ) satisfies application thermal envelope. Clean unit with zero component defects."
B479,LiFePO4 (LFP) Module (4S),Solar Street Light / Telecom Decom,4S,12.8,6.0,76.8,393,1.6,6.56,2.42,111.8,25.2,0.29,Intact (Good),None (0-1%),None,FAIL,Normal,CRITICAL (Deep Discharge Under-Voltage),Safe,Copper Shunt / Dendrite Short Risk (<2.0V/cell),N/A (Unsafe),0.0,0.0,Catastrophic,Unfit / Hazardous,Dead Cell / Inversion,Operational (Healthy),Accurate / Responsive,Clean & Firm,Clean (No Cracks),Irreversible Cell Over-discharge,Critical,No (Inherent Cell Hazard),0,Impossible (Hazardous),Reject & Immediate Recycling,Not Applicable,0.0,0.0,Unfit for Reuse,None (Safety Rejected),0,"EJECTED AT SAFETY GATE: Fails mandatory screening due to Copper Shunt / Dendrite Short Risk (<2.0V/cell). Under REUSEGRID AI protocol, zero matching score can override a physical safety failure. Battery routed directly to certified closed-loop recycling."
B480,Power Tool Li-ion Pack (5S),Industrial Tool Rental Surplus,5S,18.0,4.0,72.0,558,2.1,17.52,1.44,149.5,26.0,0.36,Minor Hairline Crack on Corner Bracket,None (0-1%),None,PASS,Normal,Normal,Safe,None (Passed All Thresholds),84.7,61.0,27.8,Moderate (0.018%/cycle),Tier 2: Good (75-84%),Good / Balanced,Operational (Healthy),Accurate / Responsive,Clean & Firm,Damaged Mounting Bracket,Structural Enclosure Hairline Crack,Low (Non-Cell Cosmetic / Ingress Risk),No (Factory Moulded Shell),80,Minor (Epoxy / Seal Patching),Operate Under Sealed Enclosure (Limited Use),PASS (Ingress Safe in Indoor Rack),84.7,61.0,Eligible (Limited Use),Healthcare Clinic Backup,93,"PASSED SAFETY GATE. Effective SoH: 84.7%, Available Capacity: 61.0 Wh, Peak Power: 27.8 W. Matched to 'Healthcare Clinic Backup' (Score: 93%). Rationale: High criticality approved. Internal resistance (149.5 mΩ) satisfies application thermal envelope. Post-repair validated: Structural Enclosure Hairline Crack rectified (₹80)."
B481,Power Tool Li-ion Pack (5S),Industrial Tool Rental Surplus,5S,18.0,4.0,72.0,384,1.5,17.39,1.46,133.8,25.3,0.18,Intact (Good),None (0-1%),None,PASS,Normal,Normal,Safe,None (Passed All Thresholds),89.0,64.1,24.2,Low (<0.015%/cycle),Tier 1: Excellent (>85%),Good / Balanced,Operational (Healthy),Accurate / Responsive,Clean & Firm,Clean (No Cracks),None (Fully Functional),None,Not Applicable,0,None,Direct Second-Life Allocation,Not Applicable (Direct Pass),89.0,64.1,Eligible (Direct),Healthcare Clinic Backup,92,"PASSED SAFETY GATE. Effective SoH: 89.0%, Available Capacity: 64.1 Wh, Peak Power: 24.2 W. Matched to 'Healthcare Clinic Backup' (Score: 92%). Rationale: High criticality approved. Internal resistance (133.8 mΩ) satisfies application thermal envelope. Clean unit with zero component defects."
B482,Power Tool Li-ion Pack (5S),Industrial Tool Rental Surplus,5S,18.0,4.0,72.0,632,2.6,17.44,2.89,151.2,26.9,0.29,Intact (Good),None (0-1%),None,PASS,Normal,Normal,Safe,None (Passed All Thresholds),84.6,60.9,25.5,Moderate (0.018%/cycle),Tier 2: Good (75-84%),Good / Balanced,Operational (Healthy),Accurate / Responsive,Clean & Firm,Clean (No Cracks),None (Fully Functional),None,Not Applicable,0,None,Direct Second-Life Allocation,Not Applicable (Direct Pass),84.6,60.9,Eligible (Direct),Healthcare Clinic Backup,97,"PASSED SAFETY GATE. Effective SoH: 84.6%, Available Capacity: 60.9 Wh, Peak Power: 25.5 W. Matched to 'Healthcare Clinic Backup' (Score: 97%). Rationale: High criticality approved. Internal resistance (151.2 mΩ) satisfies application thermal envelope. Clean unit with zero component defects."
B483,Prismatic Li-ion Module (2S),Telecom Backup Rack Module,2S,7.4,10.0,74.0,536,1.8,7.68,3.44,61.0,25.5,0.35,Intact (Good),None (0-1%),None,PASS,Normal,Normal,Safe,None (Passed All Thresholds),88.2,65.3,31.3,Low (<0.015%/cycle),Tier 1: Excellent (>85%),Good / Balanced,Operational (Healthy),Accurate / Responsive,Clean & Firm,Clean (No Cracks),None (Fully Functional),None,Not Applicable,0,None,Direct Second-Life Allocation,Not Applicable (Direct Pass),88.2,65.3,Eligible (Direct),Healthcare Clinic Backup,94,"PASSED SAFETY GATE. Effective SoH: 88.2%, Available Capacity: 65.3 Wh, Peak Power: 31.3 W. Matched to 'Healthcare Clinic Backup' (Score: 94%). Rationale: High criticality approved. Internal resistance (61.0 mΩ) satisfies application thermal envelope. Clean unit with zero component defects."
B484,Power Tool Li-ion Pack (5S),Industrial Tool Rental Surplus,5S,18.0,4.0,72.0,410,1.6,18.47,2.81,132.0,28.2,0.12,Intact (Good),None (0-1%),None,PASS,Normal,Normal,Safe,None (Passed All Thresholds),85.7,61.7,26.9,Low (<0.015%/cycle),Tier 1: Excellent (>85%),Good / Balanced,Operational (Healthy),Accurate / Responsive,Clean & Firm,Clean (No Cracks),None (Fully Functional),None,Not Applicable,0,None,Direct Second-Life Allocation,Not Applicable (Direct Pass),85.7,61.7,Eligible (Direct),Healthcare Clinic Backup,93,"PASSED SAFETY GATE. Effective SoH: 85.7%, Available Capacity: 61.7 Wh, Peak Power: 26.9 W. Matched to 'Healthcare Clinic Backup' (Score: 93%). Rationale: High criticality approved. Internal resistance (132.0 mΩ) satisfies application thermal envelope. Clean unit with zero component defects."
B485,Prismatic Li-ion Module (2S),Telecom Backup Rack Module,2S,7.4,10.0,74.0,1303,4.8,7.68,2.03,69.7,28.3,0.21,Intact (Good),None (0-1%),None,PASS,Normal,Normal,Safe,None (Passed All Thresholds),62.2,46.0,22.4,Severe (>0.035%/cycle),Tier 4: Highly Degraded (<65%),Good / Balanced,Operational (Healthy),Faulty / Open Circuit Drift,Clean & Firm,Clean (No Cracks),Temperature Sensor Lead Detachment,Medium (Impaired Thermal Monitoring),Yes,320,Easy (Plug-in NTC Thermistor Swap),Repair & Retest Sensor,PASS (Thermal Loop Verified),62.2,46.0,Eligible (Post-Repair),Rural Off-Grid Household,76,"PASSED SAFETY GATE. Effective SoH: 62.2%, Available Capacity: 46.0 Wh, Peak Power: 22.4 W. Matched to 'Rural Off-Grid Household' (Score: 76%). Rationale: Moderate lighting & phone charging load. Internal resistance (69.7 mΩ) satisfies application thermal envelope. Post-repair validated: Temperature Sensor Lead Detachment rectified (₹320)."
B486,LiFePO4 (LFP) Module (4S),Solar Street Light / Telecom Decom,4S,12.8,6.0,76.8,957,3.3,12.33,2.57,160.1,31.1,0.37,Intact (Good),None (0-1%),None,PASS,Normal,Normal,Safe,None (Passed All Thresholds),69.4,53.3,23.4,Elevated (0.024%/cycle),Tier 3: Moderate (65-74%),Good / Balanced,Operational (Healthy),Accurate / Responsive,Clean & Firm,Clean (No Cracks),None (Fully Functional),None,Not Applicable,0,None,De-rate Power & Direct Allocation,Not Applicable (Direct Pass),69.4,53.3,Eligible (Limited Use - Derated),Rural School Lighting & Labs,79,"PASSED SAFETY GATE. Effective SoH: 69.4%, Available Capacity: 53.3 Wh, Peak Power: 23.4 W. Matched to 'Rural School Lighting & Labs' (Score: 79%). Rationale: Daytime educational load requirement met. Internal resistance (160.1 mΩ) satisfies application thermal envelope. Post-repair validated: None (Fully Functional) rectified (₹0)."
B487,LiFePO4 (LFP) Module (4S),Solar Street Light / Telecom Decom,4S,12.8,6.0,76.8,345,1.4,13.15,3.22,106.4,26.7,0.27,Severely Distorted / Puffed,Severe Swelling (>6%),None,FAIL,Normal,Normal,CRITICAL (Pouch/Can Deformed),Mechanical Instability: Internal Delamination / Gas Build-up,N/A (Unsafe),0.0,0.0,Catastrophic,Unfit / Hazardous,Gassing / Cell Swelling,Operational (Healthy),Accurate / Responsive,Clean & Firm,Clean (No Cracks),Severe Cell Deformation,Catastrophic,No (Inherent Cell Hazard),0,Impossible (Hazardous),Reject & Immediate Recycling,Not Applicable,0.0,0.0,Unfit for Reuse,None (Safety Rejected),0,"EJECTED AT SAFETY GATE: Fails mandatory screening due to Mechanical Instability: Internal Delamination / Gas Build-up. Under REUSEGRID AI protocol, zero matching score can override a physical safety failure. Battery routed directly to certified closed-loop recycling."
B488,Power Tool Li-ion Pack (5S),Industrial Tool Rental Surplus,5S,18.0,4.0,72.0,378,1.7,18.49,2.21,112.0,27.4,0.26,Intact (Good),None (0-1%),None,PASS,Normal,Normal,Safe,None (Passed All Thresholds),90.0,64.8,23.9,Low (<0.015%/cycle),Tier 1: Excellent (>85%),Good / Balanced,Operational (Healthy),Accurate / Responsive,Clean & Firm,Clean (No Cracks),None (Fully Functional),None,Not Applicable,0,None,Direct Second-Life Allocation,Not Applicable (Direct Pass),90.0,64.8,Eligible (Direct),Healthcare Clinic Backup,95,"PASSED SAFETY GATE. Effective SoH: 90.0%, Available Capacity: 64.8 Wh, Peak Power: 23.9 W. Matched to 'Healthcare Clinic Backup' (Score: 95%). Rationale: High criticality approved. Internal resistance (112.0 mΩ) satisfies application thermal envelope. Clean unit with zero component defects."
B489,Li-ion 18650 Pack (3S),Portable Medical / Tech Return,3S,11.1,4.4,48.8,811,2.7,11.18,3.13,89.0,61.6,4.33,Intact (Good),None (0-1%),None,FAIL,CRITICAL (>50°C rapid rise),Normal,Safe,Thermal Runaway Imminent: Extreme Heat & Temp Velocity,N/A (Unsafe),0.0,0.0,Catastrophic,Unfit / Hazardous,Severe Thermal Stress,Operational (Healthy),Accurate / Responsive,Clean & Firm,Clean (No Cracks),Uncontrolled Cell Overheating,Catastrophic,No (Inherent Cell Hazard),0,Impossible (Hazardous),Reject & Immediate Recycling,Not Applicable,0.0,0.0,Unfit for Reuse,None (Safety Rejected),0,"EJECTED AT SAFETY GATE: Fails mandatory screening due to Thermal Runaway Imminent: Extreme Heat & Temp Velocity. Under REUSEGRID AI protocol, zero matching score can override a physical safety failure. Battery routed directly to certified closed-loop recycling."
B490,Li-ion 18650 Pack (3S),Portable Medical / Tech Return,3S,11.1,4.4,48.8,603,2.3,11.31,2.75,92.4,26.4,0.21,Intact (Good),None (0-1%),None,PASS,Normal,Normal,Safe,None (Passed All Thresholds),84.5,41.2,15.5,Moderate (0.018%/cycle),Tier 2: Good (75-84%),Good / Balanced,Operational (Healthy),Accurate / Responsive,Clean & Firm,Clean (No Cracks),None (Fully Functional),None,Not Applicable,0,None,Direct Second-Life Allocation,Not Applicable (Direct Pass),84.5,41.2,Eligible (Direct),Community Solar Microgrid,80,"PASSED SAFETY GATE. Effective SoH: 84.5%, Available Capacity: 41.2 Wh, Peak Power: 15.5 W. Matched to 'Community Solar Microgrid' (Score: 80%). Rationale: Daily solar diurnal buffering compatible. Internal resistance (92.4 mΩ) satisfies application thermal envelope. Clean unit with zero component defects."
B491,Li-ion 18650 Pack (4S),Robotics / Drone Fleet Return,4S,14.8,5.2,77.0,911,3.6,14.33,3.07,133.1,29.1,0.29,Minor Hairline Crack on Corner Bracket,None (0-1%),None,PASS,Normal,Normal,Safe,None (Passed All Thresholds),72.8,56.1,28.4,Elevated (0.024%/cycle),Tier 3: Moderate (65-74%),Good / Balanced,Operational (Healthy),Accurate / Responsive,Clean & Firm,Damaged Mounting Bracket,Structural Enclosure Hairline Crack,Low (Non-Cell Cosmetic / Ingress Risk),No (Factory Moulded Shell),80,Minor (Epoxy / Seal Patching),Operate Under Sealed Enclosure (Limited Use),PASS (Ingress Safe in Indoor Rack),72.8,56.1,Eligible (Limited Use),Community Solar Microgrid,85,"PASSED SAFETY GATE. Effective SoH: 72.8%, Available Capacity: 56.1 Wh, Peak Power: 28.4 W. Matched to 'Community Solar Microgrid' (Score: 85%). Rationale: Daily solar diurnal buffering compatible. Internal resistance (133.1 mΩ) satisfies application thermal envelope. Post-repair validated: Structural Enclosure Hairline Crack rectified (₹80)."
B492,LiFePO4 (LFP) Module (4S),Solar Street Light / Telecom Decom,4S,12.8,6.0,76.8,1122,3.7,12.94,1.92,145.8,31.7,0.11,Intact (Good),None (0-1%),None,PASS,Normal,Normal,Safe,None (Passed All Thresholds),69.8,53.6,25.0,Elevated (0.024%/cycle),Tier 3: Moderate (65-74%),Good / Balanced,Operational (Healthy),Accurate / Responsive,Oxidized Terminals / Damaged XT60 Pin,Clean (No Cracks),High-Resistance Connector Degradation,Medium (Localized Contact Heating),Yes,220,Easy (Terminal Re-crimp & Re-soldering),Replace Connector Harness,PASS (Contact Resistance < 5 mOhm),69.8,53.6,Eligible (Post-Repair),Rural School Lighting & Labs,77,"PASSED SAFETY GATE. Effective SoH: 69.8%, Available Capacity: 53.6 Wh, Peak Power: 25.0 W. Matched to 'Rural School Lighting & Labs' (Score: 77%). Rationale: Daytime educational load requirement met. Internal resistance (145.8 mΩ) satisfies application thermal envelope. Post-repair validated: High-Resistance Connector Degradation rectified (₹220)."
B493,LiFePO4 (LFP) Module (4S),Solar Street Light / Telecom Decom,4S,12.8,6.0,76.8,954,3.2,12.5,1.53,157.3,30.3,0.25,Intact (Good),None (0-1%),None,PASS,Normal,Normal,Safe,None (Passed All Thresholds),72.2,55.4,29.5,Elevated (0.024%/cycle),Tier 3: Moderate (65-74%),Good / Balanced,Operational (Healthy),Accurate / Responsive,Clean & Firm,Clean (No Cracks),None (Fully Functional),None,Not Applicable,0,None,Direct Second-Life Allocation,Not Applicable (Direct Pass),72.2,55.4,Eligible (Direct),Community Solar Microgrid,80,"PASSED SAFETY GATE. Effective SoH: 72.2%, Available Capacity: 55.4 Wh, Peak Power: 29.5 W. Matched to 'Community Solar Microgrid' (Score: 80%). Rationale: Daily solar diurnal buffering compatible. Internal resistance (157.3 mΩ) satisfies application thermal envelope. Clean unit with zero component defects."
B494,Power Tool Li-ion Pack (5S),Industrial Tool Rental Surplus,5S,18.0,4.0,72.0,878,3.0,18.37,1.91,170.2,28.1,0.22,Intact (Good),None (0-1%),None,PASS,Normal,Normal,Safe,None (Passed All Thresholds),76.0,54.7,29.9,Moderate (0.018%/cycle),Tier 2: Good (75-84%),Good / Balanced,Operational (Healthy),Accurate / Responsive,Clean & Firm,Clean (No Cracks),None (Fully Functional),None,Not Applicable,0,None,Direct Second-Life Allocation,Not Applicable (Direct Pass),76.0,54.7,Eligible (Direct),Telecom Cell Tower Backup,85,"PASSED SAFETY GATE. Effective SoH: 76.0%, Available Capacity: 54.7 Wh, Peak Power: 29.9 W. Matched to 'Telecom Cell Tower Backup' (Score: 85%). Rationale: Steady high-reliability discharge profile. Internal resistance (170.2 mΩ) satisfies application thermal envelope. Clean unit with zero component defects."
B495,Li-ion 18650 Pack (3S),Portable Medical / Tech Return,3S,11.1,4.4,48.8,560,1.9,10.89,3.26,110.3,25.7,0.3,Intact (Good),None (0-1%),None,PASS,Normal,Normal,Safe,None (Passed All Thresholds),78.1,38.1,14.6,Moderate (0.018%/cycle),Tier 2: Good (75-84%),Good / Balanced,BMS Protection Lock / Blown MOSFET,Accurate / Responsive,Clean & Firm,Clean (No Cracks),BMS Discharge Port Fault,High (Output Power Blocked/Erratic),Yes,1100,Moderate (Modular BMS Replacement),Replace BMS Board & Calibrate,PASS (Protection Thresholds Verified),81.0,39.5,Eligible (Post-Repair),Community Solar Microgrid,88,"PASSED SAFETY GATE. Effective SoH: 81.0%, Available Capacity: 39.5 Wh, Peak Power: 14.6 W. Matched to 'Community Solar Microgrid' (Score: 88%). Rationale: Daily solar diurnal buffering compatible. Internal resistance (110.3 mΩ) satisfies application thermal envelope. Post-repair validated: BMS Discharge Port Fault rectified (₹1100)."
B496,NMC Light-EV Pack (10S),Shared E-Scooter Fleet Fleet Retire,10S,36.0,7.8,280.8,690,2.8,35.43,1.41,320.4,26.0,0.13,Intact (Good),None (0-1%),None,PASS,Normal,Normal,Safe,None (Passed All Thresholds),74.8,210.0,91.3,Elevated (0.024%/cycle),Tier 3: Moderate (65-74%),Good / Balanced,Operational (Healthy),Accurate / Responsive,Clean & Firm,Clean (No Cracks),None (Fully Functional),None,Not Applicable,0,None,Direct Second-Life Allocation,Not Applicable (Direct Pass),74.8,210.0,Eligible (Direct),Community Solar Microgrid,86,"PASSED SAFETY GATE. Effective SoH: 74.8%, Available Capacity: 210.0 Wh, Peak Power: 91.3 W. Matched to 'Community Solar Microgrid' (Score: 86%). Rationale: Daily solar diurnal buffering compatible. Internal resistance (320.4 mΩ) satisfies application thermal envelope. Clean unit with zero component defects."
B497,NMC Light-EV Pack (10S),Shared E-Scooter Fleet Fleet Retire,10S,36.0,7.8,280.8,424,1.3,35.04,3.32,255.5,30.8,0.21,Intact (Good),None (0-1%),None,PASS,Normal,Normal,Safe,None (Passed All Thresholds),83.9,235.6,113.4,Moderate (0.018%/cycle),Tier 2: Good (75-84%),Good / Balanced,Operational (Healthy),Accurate / Responsive,Clean & Firm,Clean (No Cracks),None (Fully Functional),None,Not Applicable,0,None,Direct Second-Life Allocation,Not Applicable (Direct Pass),83.9,235.6,Eligible (Direct),Emergency Disaster Shelter,88,"PASSED SAFETY GATE. Effective SoH: 83.9%, Available Capacity: 235.6 Wh, Peak Power: 113.4 W. Matched to 'Emergency Disaster Shelter' (Score: 88%). Rationale: Robust emergency resilience match. Internal resistance (255.5 mΩ) satisfies application thermal envelope. Clean unit with zero component defects."
B498,NMC Light-EV Pack (10S),Shared E-Scooter Fleet Fleet Retire,10S,36.0,7.8,280.8,912,3.4,35.87,3.25,348.1,29.0,0.35,Intact (Good),None (0-1%),None,PASS,Normal,Normal,Safe,None (Passed All Thresholds),67.9,190.7,73.0,Elevated (0.024%/cycle),Tier 3: Moderate (65-74%),Good / Balanced,BMS Protection Lock / Blown MOSFET,Accurate / Responsive,Clean & Firm,Clean (No Cracks),BMS Discharge Port Fault,High (Output Power Blocked/Erratic),Yes,850,Moderate (Modular BMS Replacement),Replace BMS Board & Calibrate,PASS (Protection Thresholds Verified),70.9,199.1,Eligible (Post-Repair),Community Solar Microgrid,85,"PASSED SAFETY GATE. Effective SoH: 70.9%, Available Capacity: 199.1 Wh, Peak Power: 73.0 W. Matched to 'Community Solar Microgrid' (Score: 85%). Rationale: Daily solar diurnal buffering compatible. Internal resistance (348.1 mΩ) satisfies application thermal envelope. Post-repair validated: BMS Discharge Port Fault rectified (₹850)."
B499,LiFePO4 (LFP) Module (4S),Solar Street Light / Telecom Decom,4S,12.8,6.0,76.8,909,3.6,13.09,3.29,120.1,27.7,0.29,Intact (Good),None (0-1%),None,PASS,Normal,Normal,Safe,None (Passed All Thresholds),75.0,57.6,25.1,Moderate (0.018%/cycle),Tier 2: Good (75-84%),Good / Balanced,Operational (Healthy),Accurate / Responsive,Clean & Firm,Clean (No Cracks),None (Fully Functional),None,Not Applicable,0,None,Direct Second-Life Allocation,Not Applicable (Direct Pass),75.0,57.6,Eligible (Direct),Telecom Cell Tower Backup,86,"PASSED SAFETY GATE. Effective SoH: 75.0%, Available Capacity: 57.6 Wh, Peak Power: 25.1 W. Matched to 'Telecom Cell Tower Backup' (Score: 86%). Rationale: Steady high-reliability discharge profile. Internal resistance (120.1 mΩ) satisfies application thermal envelope. Clean unit with zero component defects."
B500,Power Tool Li-ion Pack (5S),Industrial Tool Rental Surplus,5S,18.0,4.0,72.0,572,2.3,17.64,1.35,155.4,26.9,0.37,Intact (Good),None (0-1%),None,PASS,Normal,Normal,Safe,None (Passed All Thresholds),83.0,59.8,28.5,Moderate (0.018%/cycle),Tier 2: Good (75-84%),Good / Balanced,Operational (Healthy),Accurate / Responsive,Clean & Firm,Clean (No Cracks),None (Fully Functional),None,Not Applicable,0,None,Direct Second-Life Allocation,Not Applicable (Direct Pass),83.0,59.8,Eligible (Direct),Emergency Disaster Shelter,90,"PASSED SAFETY GATE. Effective SoH: 83.0%, Available Capacity: 59.8 Wh, Peak Power: 28.5 W. Matched to 'Emergency Disaster Shelter' (Score: 90%). Rationale: Robust emergency resilience match. Internal resistance (155.4 mΩ) satisfies application thermal envelope. Clean unit with zero component defects."
