Component_ID,Source_Battery_ID,Component_Type,Sub_Category,Nominal_Voltage_V,Measured_Voltage_V,Rated_Capacity_Ah,Measured_Capacity_Ah,Internal_Resistance_mOhm,Historical_Cycles,Estimated_Health_SoH_Percent,Visual_Defect_Inspection,Thermal_Stability_Index,Component_Grade,Recovery_Status,Estimated_Salvage_Value_INR,Replacement_Cost_New_INR,Economic_Savings_INR,CO2_Emissions_Avoided_kg,Electrochemical_Matching_Group,Compatibility_Flags
COMP_0001,B328,LiFePO4 Prismatic Cell (3.2V / 50Ah),Cell_LFP_50Ah,3.2,3.32,50.0,41.425,2.38,823,82.9,Pristine (Like New),Normal Stability (dt/dt < 0.4 C/min),"Grade B (Standard Reuse, 70-85% SoH)",Harvested & In Stock,1200,2400,1200,89.21,Group_BIN_10,Stationary ESS & Solar Microgrid Compatible
COMP_0002,B013,Modular BMS Protection Board (4S 40A Balancer),BMS_4S,14.8,14.8,0.0,0.0,14.1,1403,88.4,Pristine (Like New),Normal Stability (dt/dt < 0.2 C/min),"Grade A (Premium Reuse, >85% SoH)",Harvested & In Stock,450,950,500,23.0,N/A (Non-Cell),Standard Modular Hardware Compatible
COMP_0003,B380,LiFePO4 Prismatic Cell (3.2V / 50Ah),Cell_LFP_50Ah,3.2,3.313,50.0,39.415,2.57,606,78.8,Minor Surface Scratches,Normal Stability (dt/dt < 0.4 C/min),"Grade B (Standard Reuse, 70-85% SoH)",Harvested & In Stock,1200,2400,1200,87.5,Group_BIN_10,Stationary ESS & Solar Microgrid Compatible
COMP_0004,B126,Lithium-Ion Cylindrical Cell (18650 3.7V / 2.6Ah),Cell_18650,3.7,3.839,2.6,2.164,22.16,638,83.2,Pristine (Like New),Normal Stability (dt/dt < 0.4 C/min),"Grade B (Standard Reuse, 70-85% SoH)",Harvested & In Stock,55,120,65,4.76,Group_BIN_10,Stationary ESS & Solar Microgrid Compatible
COMP_0005,B072,Lithium-Ion Cylindrical Cell (18650 3.7V / 2.6Ah),Cell_18650,3.7,3.785,2.6,2.162,23.81,1115,83.1,Cosmetic Enclosure Blemish,Normal Stability (dt/dt < 0.4 C/min),"Grade B (Standard Reuse, 70-85% SoH)",Harvested & In Stock,55,120,65,4.76,Group_BIN_10,Stationary ESS & Solar Microgrid Compatible
COMP_0006,B053,Lithium-Ion Cylindrical Cell (18650 3.7V / 2.6Ah),Cell_18650,3.7,3.756,2.6,2.409,20.12,252,92.7,Pristine (Like New),Normal Stability (dt/dt < 0.2 C/min),"Grade A (Premium Reuse, >85% SoH)",Harvested & In Stock,55,120,65,4.97,Group_BIN_12,High-Drain & Traction Compatible
COMP_0007,B347,Lithium-Ion Cylindrical Cell (18650 3.7V / 2.6Ah),Cell_18650,3.7,3.771,2.6,2.105,24.16,792,81.0,Cosmetic Enclosure Blemish,Normal Stability (dt/dt < 0.4 C/min),"Grade B (Standard Reuse, 70-85% SoH)",Harvested & In Stock,55,120,65,4.71,Group_BIN_10,Stationary ESS & Solar Microgrid Compatible
COMP_0008,B457,Power Tool High-Drain Cell (18650 3.6V / 2.0Ah),Cell_PowerTool,3.6,3.627,2.0,1.372,17.6,1455,68.6,Enclosure Hairline Crack,Elevated Impedance (Manage C-Rate),"Grade C (Low-Stress Buffer, 55-70% SoH)",Harvested & In Stock,90,180,90,5.22,Group_BIN_09,Low C-Rate IoT & Lantern Buffer Compatible
COMP_0009,B045,Nickel-Plated Copper Busbar Interconnect Link,Busbar_Cu,0.0,0.0,0.0,0.0,0.2,1370,92.8,Pristine (Like New),Normal Stability (dt/dt < 0.2 C/min),"Grade A (Premium Reuse, >85% SoH)",Harvested & In Stock,50,140,90,4.55,N/A (Non-Cell),Standard Modular Hardware Compatible
COMP_0010,B303,Heavy-Duty XT60 / XT90 Connector Harness,Connector_XT,0.0,0.0,0.0,0.0,0.5,888,94.2,Pristine (Like New),Normal Stability (dt/dt < 0.2 C/min),"Grade A (Premium Reuse, >85% SoH)",Harvested & In Stock,80,220,140,6.8,N/A (Non-Cell),Standard Modular Hardware Compatible
COMP_0011,B217,LiFePO4 Prismatic Cell (3.2V / 50Ah),Cell_LFP_50Ah,3.2,3.226,50.0,35.211,2.71,1450,70.4,Pristine (Like New),Normal Stability (dt/dt < 0.4 C/min),"Grade B (Standard Reuse, 70-85% SoH)",Harvested & In Stock,1200,2400,1200,83.93,Group_BIN_09,Stationary ESS & Solar Microgrid Compatible
COMP_0012,B016,NMC Pouch Cell (3.7V / 15Ah),Cell_NMC_15Ah,3.7,3.753,15.0,13.809,4.72,405,92.1,Pristine (Like New),Normal Stability (dt/dt < 0.2 C/min),"Grade A (Premium Reuse, >85% SoH)",Harvested & In Stock,500,1100,600,38.74,Group_BIN_12,High-Drain & Traction Compatible
COMP_0013,B048,Lithium-Ion Cylindrical Cell (18650 3.7V / 2.6Ah),Cell_18650,3.7,3.816,2.6,2.147,24.44,871,82.6,Pristine (Like New),Normal Stability (dt/dt < 0.4 C/min),"Grade B (Standard Reuse, 70-85% SoH)",Harvested & In Stock,55,120,65,4.75,Group_BIN_10,Stationary ESS & Solar Microgrid Compatible
COMP_0014,B120,Lithium-Ion Cylindrical Cell (18650 3.7V / 2.6Ah),Cell_18650,3.7,3.793,2.6,2.082,24.18,791,80.1,Cosmetic Enclosure Blemish,Normal Stability (dt/dt < 0.4 C/min),"Grade B (Standard Reuse, 70-85% SoH)",Harvested & In Stock,55,120,65,4.69,Group_BIN_10,Stationary ESS & Solar Microgrid Compatible
COMP_0015,B309,LiFePO4 Prismatic Cell (3.2V / 50Ah),Cell_LFP_50Ah,3.2,3.327,50.0,36.962,2.61,1161,73.9,Pristine (Like New),Normal Stability (dt/dt < 0.4 C/min),"Grade B (Standard Reuse, 70-85% SoH)",Harvested & In Stock,1200,2400,1200,85.42,Group_BIN_09,Stationary ESS & Solar Microgrid Compatible
COMP_0016,B288,Power Tool High-Drain Cell (18650 3.6V / 2.0Ah),Cell_PowerTool,3.6,3.694,2.0,1.662,16.25,758,83.1,Pristine (Like New),Normal Stability (dt/dt < 0.4 C/min),"Grade B (Standard Reuse, 70-85% SoH)",Harvested & In Stock,90,180,90,5.46,Group_BIN_10,Stationary ESS & Solar Microgrid Compatible
COMP_0017,B367,Modular BMS Protection Board (16S 100A Smart CAN),BMS_16S,48.0,48.0,0.0,0.0,8.7,804,96.1,Pristine (Like New),Normal Stability (dt/dt < 0.2 C/min),"Grade A (Premium Reuse, >85% SoH)",Harvested & In Stock,1800,3800,2000,90.5,N/A (Non-Cell),Standard Modular Hardware Compatible
COMP_0018,B333,LiFePO4 Prismatic Cell (3.2V / 20Ah),Cell_LFP_20Ah,3.2,3.268,20.0,19.433,3.69,241,97.2,Pristine (Like New),Normal Stability (dt/dt < 0.2 C/min),"Grade A (Premium Reuse, >85% SoH)",Harvested & In Stock,650,1400,750,50.27,Group_BIN_12,High-Drain & Traction Compatible
COMP_0019,B360,LiFePO4 Prismatic Cell (3.2V / 50Ah),Cell_LFP_50Ah,3.2,3.22,50.0,45.376,2.05,423,90.8,Pristine (Like New),Normal Stability (dt/dt < 0.2 C/min),"Grade A (Premium Reuse, >85% SoH)",Harvested & In Stock,1200,2400,1200,92.57,Group_BIN_11,High-Drain & Traction Compatible
COMP_0020,B280,Modular BMS Protection Board (4S 40A Balancer),BMS_4S,14.8,14.8,0.0,0.0,16.8,453,92.9,Pristine (Like New),Normal Stability (dt/dt < 0.2 C/min),"Grade A (Premium Reuse, >85% SoH)",Harvested & In Stock,450,950,500,23.0,N/A (Non-Cell),Standard Modular Hardware Compatible
COMP_0021,B215,Modular BMS Protection Board (10S 30A e-Bike),BMS_10S,36.0,36.0,0.0,0.0,20.4,432,98.7,Pristine (Like New),Normal Stability (dt/dt < 0.2 C/min),"Grade A (Premium Reuse, >85% SoH)",Harvested & In Stock,600,1300,700,32.0,N/A (Non-Cell),Standard Modular Hardware Compatible
COMP_0022,B113,NTC Thermistor Temperature Sensor Probe (10k),Sensor_NTC,0.0,0.0,0.0,0.0,0.0,904,93.5,Pristine (Like New),Normal Stability (dt/dt < 0.2 C/min),"Grade A (Premium Reuse, >85% SoH)",Harvested & In Stock,40,150,110,5.45,N/A (Non-Cell),Standard Modular Hardware Compatible
COMP_0023,B230,Lithium-Ion Cylindrical Cell (18650 3.7V / 2.6Ah),Cell_18650,3.7,3.794,2.6,2.033,22.68,952,78.2,Cosmetic Enclosure Blemish,Normal Stability (dt/dt < 0.4 C/min),"Grade B (Standard Reuse, 70-85% SoH)",Harvested & In Stock,55,120,65,4.65,Group_BIN_10,Stationary ESS & Solar Microgrid Compatible
COMP_0024,B143,Lithium-Ion Cylindrical Cell (18650 3.7V / 2.6Ah),Cell_18650,3.7,3.796,2.6,2.393,20.44,253,92.0,Pristine (Like New),Normal Stability (dt/dt < 0.2 C/min),"Grade A (Premium Reuse, >85% SoH)",Harvested & In Stock,55,120,65,4.96,Group_BIN_12,High-Drain & Traction Compatible
COMP_0025,B415,NMC Pouch Cell (3.7V / 15Ah),Cell_NMC_15Ah,3.7,3.713,15.0,13.982,4.71,500,93.2,Pristine (Like New),Normal Stability (dt/dt < 0.2 C/min),"Grade A (Premium Reuse, >85% SoH)",Harvested & In Stock,500,1100,600,38.88,Group_BIN_12,High-Drain & Traction Compatible
COMP_0026,B446,LiFePO4 Prismatic Cell (3.2V / 50Ah),Cell_LFP_50Ah,3.2,3.292,50.0,49.25,1.83,352,98.5,Pristine (Like New),Normal Stability (dt/dt < 0.2 C/min),"Grade A (Premium Reuse, >85% SoH)",Harvested & In Stock,1200,2400,1200,95.86,Group_BIN_12,High-Drain & Traction Compatible
COMP_0027,B004,Lithium-Ion Cylindrical Cell (18650 3.7V / 2.6Ah),Cell_18650,3.7,3.734,2.6,1.812,28.51,1376,69.7,Moderate Cycle Wear,Elevated Impedance (Manage C-Rate),"Grade C (Low-Stress Buffer, 55-70% SoH)",Harvested & In Stock,55,120,65,4.47,Group_BIN_09,Low C-Rate IoT & Lantern Buffer Compatible
COMP_0028,B358,Modular BMS Protection Board (16S 100A Smart CAN),BMS_16S,48.0,48.0,0.0,0.0,10.8,606,90.4,Pristine (Like New),Normal Stability (dt/dt < 0.2 C/min),"Grade A (Premium Reuse, >85% SoH)",Harvested & In Stock,1800,3800,2000,90.5,N/A (Non-Cell),Standard Modular Hardware Compatible
COMP_0029,B217,Power Tool High-Drain Cell (18650 3.6V / 2.0Ah),Cell_PowerTool,3.6,3.66,2.0,1.338,19.19,1384,66.9,Slight Terminal Oxidation,Elevated Impedance (Manage C-Rate),"Grade C (Low-Stress Buffer, 55-70% SoH)",Harvested & In Stock,90,180,90,5.19,Group_BIN_09,Low C-Rate IoT & Lantern Buffer Compatible
COMP_0030,B143,Lithium-Ion Cylindrical Cell (18650 3.7V / 2.6Ah),Cell_18650,3.7,3.718,2.6,2.42,19.8,329,93.1,Pristine (Like New),Normal Stability (dt/dt < 0.2 C/min),"Grade A (Premium Reuse, >85% SoH)",Harvested & In Stock,55,120,65,4.98,Group_BIN_12,High-Drain & Traction Compatible
COMP_0031,B080,Power Tool High-Drain Cell (18650 3.6V / 2.0Ah),Cell_PowerTool,3.6,3.705,2.0,1.673,14.98,816,83.7,Pristine (Like New),Normal Stability (dt/dt < 0.4 C/min),"Grade B (Standard Reuse, 70-85% SoH)",Harvested & In Stock,90,180,90,5.47,Group_BIN_11,Stationary ESS & Solar Microgrid Compatible
COMP_0032,B491,Lithium-Ion Cylindrical Cell (18650 3.7V / 2.6Ah),Cell_18650,3.7,3.813,2.6,2.024,24.89,901,77.8,Minor Surface Scratches,Normal Stability (dt/dt < 0.4 C/min),"Grade B (Standard Reuse, 70-85% SoH)",Harvested & In Stock,55,120,65,4.65,Group_BIN_10,Stationary ESS & Solar Microgrid Compatible
COMP_0033,B053,Modular BMS Protection Board (10S 30A e-Bike),BMS_10S,36.0,36.0,0.0,0.0,25.1,209,99.0,Pristine (Like New),Normal Stability (dt/dt < 0.2 C/min),"Grade A (Premium Reuse, >85% SoH)",Harvested & In Stock,600,1300,700,32.0,N/A (Non-Cell),Standard Modular Hardware Compatible
COMP_0034,B048,Lithium-Ion Cylindrical Cell (18650 3.7V / 2.6Ah),Cell_18650,3.7,3.727,2.6,2.175,22.19,850,83.6,Minor Surface Scratches,Normal Stability (dt/dt < 0.4 C/min),"Grade B (Standard Reuse, 70-85% SoH)",Harvested & In Stock,55,120,65,4.77,Group_BIN_11,Stationary ESS & Solar Microgrid Compatible
COMP_0035,B050,Modular BMS Protection Board (4S 40A Balancer),BMS_4S,14.8,14.8,0.0,0.0,15.5,254,99.0,Pristine (Like New),Normal Stability (dt/dt < 0.2 C/min),"Grade A (Premium Reuse, >85% SoH)",Harvested & In Stock,450,950,500,23.0,N/A (Non-Cell),Standard Modular Hardware Compatible
COMP_0036,B184,Lithium-Ion Cylindrical Cell (18650 3.7V / 2.6Ah),Cell_18650,3.7,3.855,2.6,2.078,23.86,952,79.9,Minor Surface Scratches,Normal Stability (dt/dt < 0.4 C/min),"Grade B (Standard Reuse, 70-85% SoH)",Harvested & In Stock,55,120,65,4.69,Group_BIN_10,Stationary ESS & Solar Microgrid Compatible
COMP_0037,B310,Power Tool High-Drain Cell (18650 3.6V / 2.0Ah),Cell_PowerTool,3.6,3.65,2.0,1.534,16.46,1159,76.7,Minor Surface Scratches,Normal Stability (dt/dt < 0.4 C/min),"Grade B (Standard Reuse, 70-85% SoH)",Harvested & In Stock,90,180,90,5.35,Group_BIN_10,Stationary ESS & Solar Microgrid Compatible
COMP_0038,B414,Modular BMS Protection Board (4S 40A Balancer),BMS_4S,14.8,14.8,0.0,0.0,15.8,580,96.3,Pristine (Like New),Normal Stability (dt/dt < 0.2 C/min),"Grade A (Premium Reuse, >85% SoH)",Harvested & In Stock,450,950,500,23.0,N/A (Non-Cell),Standard Modular Hardware Compatible
COMP_0039,B023,Power Tool High-Drain Cell (18650 3.6V / 2.0Ah),Cell_PowerTool,3.6,3.649,2.0,1.754,13.83,579,87.7,Pristine (Like New),Normal Stability (dt/dt < 0.2 C/min),"Grade A (Premium Reuse, >85% SoH)",Harvested & In Stock,90,180,90,5.54,Group_BIN_11,High-Drain & Traction Compatible
COMP_0040,B374,Lithium-Ion Cylindrical Cell (18650 3.7V / 2.6Ah),Cell_18650,3.7,3.813,2.6,2.163,23.69,810,83.2,Minor Surface Scratches,Normal Stability (dt/dt < 0.4 C/min),"Grade B (Standard Reuse, 70-85% SoH)",Harvested & In Stock,55,120,65,4.76,Group_BIN_10,Stationary ESS & Solar Microgrid Compatible
COMP_0041,B275,Modular BMS Protection Board (16S 100A Smart CAN),BMS_16S,48.0,48.0,0.0,0.0,5.2,697,92.7,Pristine (Like New),Normal Stability (dt/dt < 0.2 C/min),"Grade A (Premium Reuse, >85% SoH)",Harvested & In Stock,1800,3800,2000,90.5,N/A (Non-Cell),Standard Modular Hardware Compatible
COMP_0042,B064,Modular BMS Protection Board (4S 40A Balancer),BMS_4S,14.8,14.8,0.0,0.0,16.0,402,91.6,Pristine (Like New),Normal Stability (dt/dt < 0.2 C/min),"Grade A (Premium Reuse, >85% SoH)",Harvested & In Stock,450,950,500,23.0,N/A (Non-Cell),Standard Modular Hardware Compatible
COMP_0043,B499,Heavy-Duty XT60 / XT90 Connector Harness,Connector_XT,0.0,0.0,0.0,0.0,0.5,901,96.7,Pristine (Like New),Normal Stability (dt/dt < 0.2 C/min),"Grade A (Premium Reuse, >85% SoH)",Harvested & In Stock,80,220,140,6.8,N/A (Non-Cell),Standard Modular Hardware Compatible
COMP_0044,B473,Nickel-Plated Copper Busbar Interconnect Link,Busbar_Cu,0.0,0.0,0.0,0.0,0.2,356,92.7,Pristine (Like New),Normal Stability (dt/dt < 0.2 C/min),"Grade A (Premium Reuse, >85% SoH)",Harvested & In Stock,50,140,90,4.55,N/A (Non-Cell),Standard Modular Hardware Compatible
COMP_0045,B194,Modular BMS Protection Board (3S 25A Compact),BMS_3S,11.1,11.1,0.0,0.0,26.4,1506,84.4,Pristine (Like New),Normal Stability (dt/dt < 0.4 C/min),"Grade B (Standard Reuse, 70-85% SoH)",Harvested & In Stock,300,700,400,18.5,N/A (Non-Cell),Standard Modular Hardware Compatible
COMP_0046,B283,Power Tool High-Drain Cell (18650 3.6V / 2.0Ah),Cell_PowerTool,3.6,3.682,2.0,1.62,16.2,744,81.0,Minor Surface Scratches,Normal Stability (dt/dt < 0.4 C/min),"Grade B (Standard Reuse, 70-85% SoH)",Harvested & In Stock,90,180,90,5.43,Group_BIN_10,Stationary ESS & Solar Microgrid Compatible
COMP_0047,B425,Modular BMS Protection Board (3S 25A Compact),BMS_3S,11.1,11.1,0.0,0.0,27.1,281,98.4,Pristine (Like New),Normal Stability (dt/dt < 0.2 C/min),"Grade A (Premium Reuse, >85% SoH)",Harvested & In Stock,300,700,400,18.5,N/A (Non-Cell),Standard Modular Hardware Compatible
COMP_0048,B322,Modular BMS Protection Board (4S 40A Balancer),BMS_4S,14.8,14.8,0.0,0.0,16.0,1126,86.2,Pristine (Like New),Normal Stability (dt/dt < 0.2 C/min),"Grade A (Premium Reuse, >85% SoH)",Harvested & In Stock,450,950,500,23.0,N/A (Non-Cell),Standard Modular Hardware Compatible
COMP_0049,B317,Modular BMS Protection Board (3S 25A Compact),BMS_3S,11.1,11.1,0.0,0.0,26.7,1057,89.6,Pristine (Like New),Normal Stability (dt/dt < 0.2 C/min),"Grade A (Premium Reuse, >85% SoH)",Harvested & In Stock,300,700,400,18.5,N/A (Non-Cell),Standard Modular Hardware Compatible
COMP_0050,B454,NMC Pouch Cell (3.7V / 15Ah),Cell_NMC_15Ah,3.7,3.806,15.0,12.67,5.57,861,84.5,Minor Surface Scratches,Normal Stability (dt/dt < 0.4 C/min),"Grade B (Standard Reuse, 70-85% SoH)",Harvested & In Stock,500,1100,600,37.77,Group_BIN_11,Stationary ESS & Solar Microgrid Compatible
COMP_0051,B296,NTC Thermistor Temperature Sensor Probe (10k),Sensor_NTC,0.0,0.0,0.0,0.0,0.0,542,91.8,Pristine (Like New),Normal Stability (dt/dt < 0.2 C/min),"Grade A (Premium Reuse, >85% SoH)",Harvested & In Stock,40,150,110,5.45,N/A (Non-Cell),Standard Modular Hardware Compatible
COMP_0052,B099,Lithium-Ion Cylindrical Cell (18650 3.7V / 2.6Ah),Cell_18650,3.7,3.705,2.6,2.215,24.89,685,85.2,Pristine (Like New),Normal Stability (dt/dt < 0.2 C/min),"Grade A (Premium Reuse, >85% SoH)",Harvested & In Stock,55,120,65,4.81,Group_BIN_11,High-Drain & Traction Compatible
COMP_0053,B361,LiFePO4 Prismatic Cell (3.2V / 50Ah),Cell_LFP_50Ah,3.2,3.267,50.0,43.696,2.13,584,87.4,Pristine (Like New),Normal Stability (dt/dt < 0.2 C/min),"Grade A (Premium Reuse, >85% SoH)",Harvested & In Stock,1200,2400,1200,91.14,Group_BIN_11,High-Drain & Traction Compatible
COMP_0054,B036,NMC Pouch Cell (3.7V / 15Ah),Cell_NMC_15Ah,3.7,3.789,15.0,11.788,5.67,1066,78.6,Pristine (Like New),Normal Stability (dt/dt < 0.4 C/min),"Grade B (Standard Reuse, 70-85% SoH)",Harvested & In Stock,500,1100,600,37.02,Group_BIN_10,Stationary ESS & Solar Microgrid Compatible
COMP_0055,B339,Lithium-Ion Cylindrical Cell (18650 3.7V / 2.6Ah),Cell_18650,3.7,3.813,2.6,2.361,22.2,669,90.8,Pristine (Like New),Normal Stability (dt/dt < 0.2 C/min),"Grade A (Premium Reuse, >85% SoH)",Harvested & In Stock,55,120,65,4.93,Group_BIN_11,High-Drain & Traction Compatible
COMP_0056,B117,Modular Extruded Aluminum Enclosure & Frame,Casing_Alu,0.0,0.0,0.0,0.0,0.0,869,95.2,Pristine (Like New),Normal Stability (dt/dt < 0.2 C/min),"Grade A (Premium Reuse, >85% SoH)",Harvested & In Stock,350,900,550,25.25,N/A (Non-Cell),Standard Modular Hardware Compatible
COMP_0057,B396,Modular BMS Protection Board (16S 100A Smart CAN),BMS_16S,48.0,48.0,0.0,0.0,6.5,272,90.8,Pristine (Like New),Normal Stability (dt/dt < 0.2 C/min),"Grade A (Premium Reuse, >85% SoH)",Harvested & In Stock,1800,3800,2000,90.5,N/A (Non-Cell),Standard Modular Hardware Compatible
COMP_0058,B149,Lithium-Ion Cylindrical Cell (18650 3.7V / 2.6Ah),Cell_18650,3.7,3.851,2.6,1.657,29.16,1583,63.7,Moderate Cycle Wear,Elevated Impedance (Manage C-Rate),"Grade C (Low-Stress Buffer, 55-70% SoH)",Harvested & In Stock,55,120,65,4.33,Group_BIN_08,Low C-Rate IoT & Lantern Buffer Compatible
COMP_0059,B438,Power Tool High-Drain Cell (18650 3.6V / 2.0Ah),Cell_PowerTool,3.6,3.627,2.0,1.445,18.99,1313,72.2,Pristine (Like New),Normal Stability (dt/dt < 0.4 C/min),"Grade B (Standard Reuse, 70-85% SoH)",Harvested & In Stock,90,180,90,5.28,Group_BIN_09,Stationary ESS & Solar Microgrid Compatible
COMP_0060,B444,Lithium-Ion Cylindrical Cell (18650 3.7V / 2.6Ah),Cell_18650,3.7,3.798,2.6,2.143,23.05,971,82.4,Pristine (Like New),Normal Stability (dt/dt < 0.4 C/min),"Grade B (Standard Reuse, 70-85% SoH)",Harvested & In Stock,55,120,65,4.75,Group_BIN_10,Stationary ESS & Solar Microgrid Compatible
COMP_0061,B195,LiFePO4 Prismatic Cell (3.2V / 20Ah),Cell_LFP_20Ah,3.2,3.228,20.0,14.889,4.95,1159,74.4,Minor Surface Scratches,Normal Stability (dt/dt < 0.4 C/min),"Grade B (Standard Reuse, 70-85% SoH)",Harvested & In Stock,650,1400,750,46.41,Group_BIN_09,Stationary ESS & Solar Microgrid Compatible
COMP_0062,B233,LiFePO4 Prismatic Cell (3.2V / 20Ah),Cell_LFP_20Ah,3.2,3.262,20.0,18.291,3.79,611,91.5,Pristine (Like New),Normal Stability (dt/dt < 0.2 C/min),"Grade A (Premium Reuse, >85% SoH)",Harvested & In Stock,650,1400,750,49.3,Group_BIN_11,High-Drain & Traction Compatible
COMP_0063,B326,LiFePO4 Prismatic Cell (3.2V / 50Ah),Cell_LFP_50Ah,3.2,3.296,50.0,44.863,2.34,475,89.7,Pristine (Like New),Normal Stability (dt/dt < 0.2 C/min),"Grade A (Premium Reuse, >85% SoH)",Harvested & In Stock,1200,2400,1200,92.13,Group_BIN_11,High-Drain & Traction Compatible
COMP_0064,B428,Lithium-Ion Cylindrical Cell (18650 3.7V / 2.6Ah),Cell_18650,3.7,3.783,2.6,2.017,24.73,1047,77.6,Minor Surface Scratches,Normal Stability (dt/dt < 0.4 C/min),"Grade B (Standard Reuse, 70-85% SoH)",Harvested & In Stock,55,120,65,4.64,Group_BIN_10,Stationary ESS & Solar Microgrid Compatible
COMP_0065,B084,Heavy-Duty XT60 / XT90 Connector Harness,Connector_XT,0.0,0.0,0.0,0.0,0.5,802,89.3,Pristine (Like New),Normal Stability (dt/dt < 0.2 C/min),"Grade A (Premium Reuse, >85% SoH)",Harvested & In Stock,80,220,140,6.8,N/A (Non-Cell),Standard Modular Hardware Compatible
COMP_0066,B190,Power Tool High-Drain Cell (18650 3.6V / 2.0Ah),Cell_PowerTool,3.6,3.674,2.0,1.923,11.66,466,96.1,Pristine (Like New),Normal Stability (dt/dt < 0.2 C/min),"Grade A (Premium Reuse, >85% SoH)",Harvested & In Stock,90,180,90,5.68,Group_BIN_12,High-Drain & Traction Compatible
COMP_0067,B182,Nickel-Plated Copper Busbar Interconnect Link,Busbar_Cu,0.0,0.0,0.0,0.0,0.2,969,92.7,Pristine (Like New),Normal Stability (dt/dt < 0.2 C/min),"Grade A (Premium Reuse, >85% SoH)",Harvested & In Stock,50,140,90,4.55,N/A (Non-Cell),Standard Modular Hardware Compatible
COMP_0068,B108,LiFePO4 Prismatic Cell (3.2V / 50Ah),Cell_LFP_50Ah,3.2,3.294,50.0,36.466,2.75,1150,72.9,Cosmetic Enclosure Blemish,Normal Stability (dt/dt < 0.4 C/min),"Grade B (Standard Reuse, 70-85% SoH)",Harvested & In Stock,1200,2400,1200,85.0,Group_BIN_09,Stationary ESS & Solar Microgrid Compatible
COMP_0069,B137,Power Tool High-Drain Cell (18650 3.6V / 2.0Ah),Cell_PowerTool,3.6,3.655,2.0,1.656,16.06,831,82.8,Cosmetic Enclosure Blemish,Normal Stability (dt/dt < 0.4 C/min),"Grade B (Standard Reuse, 70-85% SoH)",Harvested & In Stock,90,180,90,5.46,Group_BIN_10,Stationary ESS & Solar Microgrid Compatible
COMP_0070,B480,Lithium-Ion Cylindrical Cell (18650 3.7V / 2.6Ah),Cell_18650,3.7,3.779,2.6,2.309,22.17,610,88.8,Pristine (Like New),Normal Stability (dt/dt < 0.2 C/min),"Grade A (Premium Reuse, >85% SoH)",Harvested & In Stock,55,120,65,4.89,Group_BIN_11,High-Drain & Traction Compatible
COMP_0071,B350,LiFePO4 Prismatic Cell (3.2V / 50Ah),Cell_LFP_50Ah,3.2,3.342,50.0,38.084,2.68,992,76.2,Cosmetic Enclosure Blemish,Normal Stability (dt/dt < 0.4 C/min),"Grade B (Standard Reuse, 70-85% SoH)",Harvested & In Stock,1200,2400,1200,86.37,Group_BIN_10,Stationary ESS & Solar Microgrid Compatible
COMP_0072,B037,Modular BMS Protection Board (4S 40A Balancer),BMS_4S,14.8,14.8,0.0,0.0,15.0,835,95.2,Pristine (Like New),Normal Stability (dt/dt < 0.2 C/min),"Grade A (Premium Reuse, >85% SoH)",Harvested & In Stock,450,950,500,23.0,N/A (Non-Cell),Standard Modular Hardware Compatible
COMP_0073,B312,LiFePO4 Prismatic Cell (3.2V / 50Ah),Cell_LFP_50Ah,3.2,3.255,50.0,43.493,2.2,708,87.0,Pristine (Like New),Normal Stability (dt/dt < 0.2 C/min),"Grade A (Premium Reuse, >85% SoH)",Harvested & In Stock,1200,2400,1200,90.97,Group_BIN_11,High-Drain & Traction Compatible
COMP_0074,B326,Nickel-Plated Copper Busbar Interconnect Link,Busbar_Cu,0.0,0.0,0.0,0.0,0.2,473,98.4,Pristine (Like New),Normal Stability (dt/dt < 0.2 C/min),"Grade A (Premium Reuse, >85% SoH)",Harvested & In Stock,50,140,90,4.55,N/A (Non-Cell),Standard Modular Hardware Compatible
COMP_0075,B088,Power Tool High-Drain Cell (18650 3.6V / 2.0Ah),Cell_PowerTool,3.6,3.632,2.0,1.86,14.23,257,93.0,Pristine (Like New),Normal Stability (dt/dt < 0.2 C/min),"Grade A (Premium Reuse, >85% SoH)",Harvested & In Stock,90,180,90,5.63,Group_BIN_12,High-Drain & Traction Compatible
COMP_0076,B274,Modular BMS Protection Board (4S 40A Balancer),BMS_4S,14.8,14.8,0.0,0.0,15.0,719,94.1,Pristine (Like New),Normal Stability (dt/dt < 0.2 C/min),"Grade A (Premium Reuse, >85% SoH)",Harvested & In Stock,450,950,500,23.0,N/A (Non-Cell),Standard Modular Hardware Compatible
COMP_0077,B374,Lithium-Ion Cylindrical Cell (18650 3.7V / 2.6Ah),Cell_18650,3.7,3.768,2.6,2.002,27.05,761,77.0,Pristine (Like New),Normal Stability (dt/dt < 0.4 C/min),"Grade B (Standard Reuse, 70-85% SoH)",Harvested & In Stock,55,120,65,4.63,Group_BIN_10,Stationary ESS & Solar Microgrid Compatible
COMP_0078,B084,Lithium-Ion Cylindrical Cell (18650 3.7V / 2.6Ah),Cell_18650,3.7,3.747,2.6,2.132,23.32,874,82.0,Minor Surface Scratches,Normal Stability (dt/dt < 0.4 C/min),"Grade B (Standard Reuse, 70-85% SoH)",Harvested & In Stock,55,120,65,4.74,Group_BIN_10,Stationary ESS & Solar Microgrid Compatible
COMP_0079,B195,Lithium-Ion Cylindrical Cell (18650 3.7V / 2.6Ah),Cell_18650,3.7,3.802,2.6,1.922,26.64,1127,73.9,Minor Surface Scratches,Normal Stability (dt/dt < 0.4 C/min),"Grade B (Standard Reuse, 70-85% SoH)",Harvested & In Stock,55,120,65,4.56,Group_BIN_09,Stationary ESS & Solar Microgrid Compatible
COMP_0080,B474,Lithium-Ion Cylindrical Cell (18650 3.7V / 2.6Ah),Cell_18650,3.7,3.751,2.6,1.845,26.14,1122,71.0,Cosmetic Enclosure Blemish,Normal Stability (dt/dt < 0.4 C/min),"Grade B (Standard Reuse, 70-85% SoH)",Harvested & In Stock,55,120,65,4.49,Group_BIN_09,Stationary ESS & Solar Microgrid Compatible
COMP_0081,B353,Modular BMS Protection Board (16S 100A Smart CAN),BMS_16S,48.0,48.0,0.0,0.0,11.1,478,88.1,Pristine (Like New),Normal Stability (dt/dt < 0.2 C/min),"Grade A (Premium Reuse, >85% SoH)",Harvested & In Stock,1800,3800,2000,90.5,N/A (Non-Cell),Standard Modular Hardware Compatible
COMP_0082,B286,NTC Thermistor Temperature Sensor Probe (10k),Sensor_NTC,0.0,0.0,0.0,0.0,0.0,671,92.6,Pristine (Like New),Normal Stability (dt/dt < 0.2 C/min),"Grade A (Premium Reuse, >85% SoH)",Harvested & In Stock,40,150,110,5.45,N/A (Non-Cell),Standard Modular Hardware Compatible
COMP_0083,B113,Lithium-Ion Cylindrical Cell (18650 3.7V / 2.6Ah),Cell_18650,3.7,3.811,2.6,2.078,25.65,906,79.9,Cosmetic Enclosure Blemish,Normal Stability (dt/dt < 0.4 C/min),"Grade B (Standard Reuse, 70-85% SoH)",Harvested & In Stock,55,120,65,4.69,Group_BIN_10,Stationary ESS & Solar Microgrid Compatible
COMP_0084,B167,NMC Pouch Cell (3.7V / 15Ah),Cell_NMC_15Ah,3.7,3.764,15.0,11.65,6.03,1070,77.7,Pristine (Like New),Normal Stability (dt/dt < 0.4 C/min),"Grade B (Standard Reuse, 70-85% SoH)",Harvested & In Stock,500,1100,600,36.9,Group_BIN_10,Stationary ESS & Solar Microgrid Compatible
COMP_0085,B118,Lithium-Ion Cylindrical Cell (18650 3.7V / 2.6Ah),Cell_18650,3.7,3.782,2.6,1.995,25.97,1192,76.7,Pristine (Like New),Normal Stability (dt/dt < 0.4 C/min),"Grade B (Standard Reuse, 70-85% SoH)",Harvested & In Stock,55,120,65,4.62,Group_BIN_10,Stationary ESS & Solar Microgrid Compatible
COMP_0086,B413,NMC Pouch Cell (3.7V / 15Ah),Cell_NMC_15Ah,3.7,3.749,15.0,12.778,5.77,804,85.2,Pristine (Like New),Normal Stability (dt/dt < 0.2 C/min),"Grade A (Premium Reuse, >85% SoH)",Harvested & In Stock,500,1100,600,37.86,Group_BIN_11,High-Drain & Traction Compatible
COMP_0087,B162,NMC Pouch Cell (3.7V / 15Ah),Cell_NMC_15Ah,3.7,3.811,15.0,13.02,4.89,733,86.8,Pristine (Like New),Normal Stability (dt/dt < 0.2 C/min),"Grade A (Premium Reuse, >85% SoH)",Harvested & In Stock,500,1100,600,38.07,Group_BIN_11,High-Drain & Traction Compatible
COMP_0088,B206,Lithium-Ion Cylindrical Cell (18650 3.7V / 2.6Ah),Cell_18650,3.7,3.786,2.6,2.029,24.43,926,78.1,Minor Surface Scratches,Normal Stability (dt/dt < 0.4 C/min),"Grade B (Standard Reuse, 70-85% SoH)",Harvested & In Stock,55,120,65,4.65,Group_BIN_10,Stationary ESS & Solar Microgrid Compatible
COMP_0089,B034,Modular Extruded Aluminum Enclosure & Frame,Casing_Alu,0.0,0.0,0.0,0.0,0.0,820,96.0,Pristine (Like New),Normal Stability (dt/dt < 0.2 C/min),"Grade A (Premium Reuse, >85% SoH)",Harvested & In Stock,350,900,550,25.25,N/A (Non-Cell),Standard Modular Hardware Compatible
COMP_0090,B109,Modular BMS Protection Board (10S 30A e-Bike),BMS_10S,36.0,36.0,0.0,0.0,17.4,868,92.5,Pristine (Like New),Normal Stability (dt/dt < 0.2 C/min),"Grade A (Premium Reuse, >85% SoH)",Harvested & In Stock,600,1300,700,32.0,N/A (Non-Cell),Standard Modular Hardware Compatible
COMP_0091,B468,Heavy-Duty XT60 / XT90 Connector Harness,Connector_XT,0.0,0.0,0.0,0.0,0.5,921,94.2,Pristine (Like New),Normal Stability (dt/dt < 0.2 C/min),"Grade A (Premium Reuse, >85% SoH)",Harvested & In Stock,80,220,140,6.8,N/A (Non-Cell),Standard Modular Hardware Compatible
COMP_0092,B483,Modular BMS Protection Board (10S 30A e-Bike),BMS_10S,36.0,36.0,0.0,0.0,22.7,519,88.7,Pristine (Like New),Normal Stability (dt/dt < 0.2 C/min),"Grade A (Premium Reuse, >85% SoH)",Harvested & In Stock,600,1300,700,32.0,N/A (Non-Cell),Standard Modular Hardware Compatible
COMP_0093,B291,Nickel-Plated Copper Busbar Interconnect Link,Busbar_Cu,0.0,0.0,0.0,0.0,0.2,950,95.1,Pristine (Like New),Normal Stability (dt/dt < 0.2 C/min),"Grade A (Premium Reuse, >85% SoH)",Harvested & In Stock,50,140,90,4.55,N/A (Non-Cell),Standard Modular Hardware Compatible
COMP_0094,B449,LiFePO4 Prismatic Cell (3.2V / 20Ah),Cell_LFP_20Ah,3.2,3.282,20.0,17.132,4.4,570,85.7,Pristine (Like New),Normal Stability (dt/dt < 0.2 C/min),"Grade A (Premium Reuse, >85% SoH)",Harvested & In Stock,650,1400,750,48.31,Group_BIN_11,High-Drain & Traction Compatible
COMP_0095,B368,Modular BMS Protection Board (16S 100A Smart CAN),BMS_16S,48.0,48.0,0.0,0.0,5.3,592,88.5,Pristine (Like New),Normal Stability (dt/dt < 0.2 C/min),"Grade A (Premium Reuse, >85% SoH)",Harvested & In Stock,1800,3800,2000,90.5,N/A (Non-Cell),Standard Modular Hardware Compatible
COMP_0096,B162,Power Tool High-Drain Cell (18650 3.6V / 2.0Ah),Cell_PowerTool,3.6,3.693,2.0,1.568,17.43,772,78.4,Pristine (Like New),Normal Stability (dt/dt < 0.4 C/min),"Grade B (Standard Reuse, 70-85% SoH)",Harvested & In Stock,90,180,90,5.38,Group_BIN_10,Stationary ESS & Solar Microgrid Compatible
COMP_0097,B336,NMC Pouch Cell (3.7V / 15Ah),Cell_NMC_15Ah,3.7,3.787,15.0,13.085,5.49,596,87.2,Pristine (Like New),Normal Stability (dt/dt < 0.2 C/min),"Grade A (Premium Reuse, >85% SoH)",Harvested & In Stock,500,1100,600,38.12,Group_BIN_11,High-Drain & Traction Compatible
COMP_0098,B256,NMC Pouch Cell (3.7V / 15Ah),Cell_NMC_15Ah,3.7,3.806,15.0,10.994,6.42,1180,73.3,Minor Surface Scratches,Normal Stability (dt/dt < 0.4 C/min),"Grade B (Standard Reuse, 70-85% SoH)",Harvested & In Stock,500,1100,600,36.34,Group_BIN_09,Stationary ESS & Solar Microgrid Compatible
COMP_0099,B453,Modular BMS Protection Board (4S 40A Balancer),BMS_4S,14.8,14.8,0.0,0.0,14.3,589,92.0,Pristine (Like New),Normal Stability (dt/dt < 0.2 C/min),"Grade A (Premium Reuse, >85% SoH)",Harvested & In Stock,450,950,500,23.0,N/A (Non-Cell),Standard Modular Hardware Compatible
COMP_0100,B469,Lithium-Ion Cylindrical Cell (18650 3.7V / 2.6Ah),Cell_18650,3.7,3.698,2.6,2.082,23.38,665,80.1,Cosmetic Enclosure Blemish,Normal Stability (dt/dt < 0.4 C/min),"Grade B (Standard Reuse, 70-85% SoH)",Harvested & In Stock,55,120,65,4.69,Group_BIN_10,Stationary ESS & Solar Microgrid Compatible
COMP_0101,B235,NTC Thermistor Temperature Sensor Probe (10k),Sensor_NTC,0.0,0.0,0.0,0.0,0.0,1045,87.3,Pristine (Like New),Normal Stability (dt/dt < 0.2 C/min),"Grade A (Premium Reuse, >85% SoH)",Harvested & In Stock,40,150,110,5.45,N/A (Non-Cell),Standard Modular Hardware Compatible
COMP_0102,B074,Modular BMS Protection Board (16S 100A Smart CAN),BMS_16S,48.0,48.0,0.0,0.0,4.6,758,87.8,Pristine (Like New),Normal Stability (dt/dt < 0.2 C/min),"Grade A (Premium Reuse, >85% SoH)",Harvested & In Stock,1800,3800,2000,90.5,N/A (Non-Cell),Standard Modular Hardware Compatible
COMP_0103,B136,LiFePO4 Prismatic Cell (3.2V / 20Ah),Cell_LFP_20Ah,3.2,3.325,20.0,16.049,4.81,897,80.2,Pristine (Like New),Normal Stability (dt/dt < 0.4 C/min),"Grade B (Standard Reuse, 70-85% SoH)",Harvested & In Stock,650,1400,750,47.39,Group_BIN_10,Stationary ESS & Solar Microgrid Compatible
COMP_0104,B127,Lithium-Ion Cylindrical Cell (18650 3.7V / 2.6Ah),Cell_18650,3.7,3.759,2.6,2.173,22.47,796,83.6,Cosmetic Enclosure Blemish,Normal Stability (dt/dt < 0.4 C/min),"Grade B (Standard Reuse, 70-85% SoH)",Harvested & In Stock,55,120,65,4.77,Group_BIN_11,Stationary ESS & Solar Microgrid Compatible
COMP_0105,B288,NTC Thermistor Temperature Sensor Probe (10k),Sensor_NTC,0.0,0.0,0.0,0.0,0.0,748,99.5,Pristine (Like New),Normal Stability (dt/dt < 0.2 C/min),"Grade A (Premium Reuse, >85% SoH)",Harvested & In Stock,40,150,110,5.45,N/A (Non-Cell),Standard Modular Hardware Compatible
COMP_0106,B276,Lithium-Ion Cylindrical Cell (18650 3.7V / 2.6Ah),Cell_18650,3.7,3.776,2.6,2.143,22.98,726,82.4,Minor Surface Scratches,Normal Stability (dt/dt < 0.4 C/min),"Grade B (Standard Reuse, 70-85% SoH)",Harvested & In Stock,55,120,65,4.75,Group_BIN_10,Stationary ESS & Solar Microgrid Compatible
COMP_0107,B383,Lithium-Ion Cylindrical Cell (18650 3.7V / 2.6Ah),Cell_18650,3.7,3.776,2.6,2.114,22.01,858,81.3,Cosmetic Enclosure Blemish,Normal Stability (dt/dt < 0.4 C/min),"Grade B (Standard Reuse, 70-85% SoH)",Harvested & In Stock,55,120,65,4.72,Group_BIN_10,Stationary ESS & Solar Microgrid Compatible
COMP_0108,B220,Modular BMS Protection Board (16S 100A Smart CAN),BMS_16S,48.0,48.0,0.0,0.0,8.4,562,91.4,Pristine (Like New),Normal Stability (dt/dt < 0.2 C/min),"Grade A (Premium Reuse, >85% SoH)",Harvested & In Stock,1800,3800,2000,90.5,N/A (Non-Cell),Standard Modular Hardware Compatible
COMP_0109,B460,Modular BMS Protection Board (3S 25A Compact),BMS_3S,11.1,11.1,0.0,0.0,23.5,886,89.1,Pristine (Like New),Normal Stability (dt/dt < 0.2 C/min),"Grade A (Premium Reuse, >85% SoH)",Harvested & In Stock,300,700,400,18.5,N/A (Non-Cell),Standard Modular Hardware Compatible
COMP_0110,B299,Lithium-Ion Cylindrical Cell (18650 3.7V / 2.6Ah),Cell_18650,3.7,3.719,2.6,1.944,24.11,1110,74.8,Minor Surface Scratches,Normal Stability (dt/dt < 0.4 C/min),"Grade B (Standard Reuse, 70-85% SoH)",Harvested & In Stock,55,120,65,4.58,Group_BIN_09,Stationary ESS & Solar Microgrid Compatible
COMP_0111,B186,LiFePO4 Prismatic Cell (3.2V / 20Ah),Cell_LFP_20Ah,3.2,3.281,20.0,15.257,4.82,1194,76.3,Pristine (Like New),Normal Stability (dt/dt < 0.4 C/min),"Grade B (Standard Reuse, 70-85% SoH)",Harvested & In Stock,650,1400,750,46.72,Group_BIN_10,Stationary ESS & Solar Microgrid Compatible
COMP_0112,B071,NMC Pouch Cell (3.7V / 15Ah),Cell_NMC_15Ah,3.7,3.716,15.0,11.623,5.7,1006,77.5,Cosmetic Enclosure Blemish,Normal Stability (dt/dt < 0.4 C/min),"Grade B (Standard Reuse, 70-85% SoH)",Harvested & In Stock,500,1100,600,36.88,Group_BIN_10,Stationary ESS & Solar Microgrid Compatible
COMP_0113,B253,Lithium-Ion Cylindrical Cell (18650 3.7V / 2.6Ah),Cell_18650,3.7,3.738,2.6,1.924,26.38,1156,74.0,Pristine (Like New),Normal Stability (dt/dt < 0.4 C/min),"Grade B (Standard Reuse, 70-85% SoH)",Harvested & In Stock,55,120,65,4.56,Group_BIN_09,Stationary ESS & Solar Microgrid Compatible
COMP_0114,B387,LiFePO4 Prismatic Cell (3.2V / 50Ah),Cell_LFP_50Ah,3.2,3.28,50.0,49.25,1.93,278,98.5,Pristine (Like New),Normal Stability (dt/dt < 0.2 C/min),"Grade A (Premium Reuse, >85% SoH)",Harvested & In Stock,1200,2400,1200,95.86,Group_BIN_12,High-Drain & Traction Compatible
COMP_0115,B025,Lithium-Ion Cylindrical Cell (18650 3.7V / 2.6Ah),Cell_18650,3.7,3.762,2.6,2.01,26.26,1355,77.3,Pristine (Like New),Normal Stability (dt/dt < 0.4 C/min),"Grade B (Standard Reuse, 70-85% SoH)",Harvested & In Stock,55,120,65,4.63,Group_BIN_10,Stationary ESS & Solar Microgrid Compatible
COMP_0116,B079,Lithium-Ion Cylindrical Cell (18650 3.7V / 2.6Ah),Cell_18650,3.7,3.817,2.6,1.84,26.22,1209,70.8,Cosmetic Enclosure Blemish,Normal Stability (dt/dt < 0.4 C/min),"Grade B (Standard Reuse, 70-85% SoH)",Harvested & In Stock,55,120,65,4.49,Group_BIN_09,Stationary ESS & Solar Microgrid Compatible
COMP_0117,B082,LiFePO4 Prismatic Cell (3.2V / 50Ah),Cell_LFP_50Ah,3.2,3.266,50.0,40.307,2.44,885,80.6,Cosmetic Enclosure Blemish,Normal Stability (dt/dt < 0.4 C/min),"Grade B (Standard Reuse, 70-85% SoH)",Harvested & In Stock,1200,2400,1200,88.26,Group_BIN_10,Stationary ESS & Solar Microgrid Compatible
COMP_0118,B217,Lithium-Ion Cylindrical Cell (18650 3.7V / 2.6Ah),Cell_18650,3.7,3.756,2.6,1.718,28.56,1454,66.1,Enclosure Hairline Crack,Elevated Impedance (Manage C-Rate),"Grade C (Low-Stress Buffer, 55-70% SoH)",Harvested & In Stock,55,120,65,4.39,Group_BIN_08,Low C-Rate IoT & Lantern Buffer Compatible
COMP_0119,B033,Lithium-Ion Cylindrical Cell (18650 3.7V / 2.6Ah),Cell_18650,3.7,3.796,2.6,1.67,30.2,1284,64.2,Slight Terminal Oxidation,Elevated Impedance (Manage C-Rate),"Grade C (Low-Stress Buffer, 55-70% SoH)",Harvested & In Stock,55,120,65,4.34,Group_BIN_08,Low C-Rate IoT & Lantern Buffer Compatible
COMP_0120,B196,Modular BMS Protection Board (3S 25A Compact),BMS_3S,11.1,11.1,0.0,0.0,26.5,830,89.6,Pristine (Like New),Normal Stability (dt/dt < 0.2 C/min),"Grade A (Premium Reuse, >85% SoH)",Harvested & In Stock,300,700,400,18.5,N/A (Non-Cell),Standard Modular Hardware Compatible
COMP_0121,B306,Lithium-Ion Cylindrical Cell (18650 3.7V / 2.6Ah),Cell_18650,3.7,3.845,2.6,2.34,23.07,482,90.0,Pristine (Like New),Normal Stability (dt/dt < 0.2 C/min),"Grade A (Premium Reuse, >85% SoH)",Harvested & In Stock,55,120,65,4.91,Group_BIN_11,High-Drain & Traction Compatible
COMP_0122,B240,Lithium-Ion Cylindrical Cell (18650 3.7V / 2.6Ah),Cell_18650,3.7,3.708,2.6,1.97,25.17,1180,75.8,Cosmetic Enclosure Blemish,Normal Stability (dt/dt < 0.4 C/min),"Grade B (Standard Reuse, 70-85% SoH)",Harvested & In Stock,55,120,65,4.6,Group_BIN_10,Stationary ESS & Solar Microgrid Compatible
COMP_0123,B129,NMC Pouch Cell (3.7V / 15Ah),Cell_NMC_15Ah,3.7,3.812,15.0,11.872,5.46,906,79.1,Cosmetic Enclosure Blemish,Normal Stability (dt/dt < 0.4 C/min),"Grade B (Standard Reuse, 70-85% SoH)",Harvested & In Stock,500,1100,600,37.09,Group_BIN_10,Stationary ESS & Solar Microgrid Compatible
COMP_0124,B441,NMC Pouch Cell (3.7V / 15Ah),Cell_NMC_15Ah,3.7,3.782,15.0,11.997,5.58,745,80.0,Pristine (Like New),Normal Stability (dt/dt < 0.4 C/min),"Grade B (Standard Reuse, 70-85% SoH)",Harvested & In Stock,500,1100,600,37.2,Group_BIN_10,Stationary ESS & Solar Microgrid Compatible
COMP_0125,B349,LiFePO4 Prismatic Cell (3.2V / 50Ah),Cell_LFP_50Ah,3.2,3.311,50.0,45.365,2.2,525,90.7,Pristine (Like New),Normal Stability (dt/dt < 0.2 C/min),"Grade A (Premium Reuse, >85% SoH)",Harvested & In Stock,1200,2400,1200,92.56,Group_BIN_11,High-Drain & Traction Compatible
COMP_0126,B370,NMC Pouch Cell (3.7V / 15Ah),Cell_NMC_15Ah,3.7,3.772,15.0,13.005,5.33,496,86.7,Pristine (Like New),Normal Stability (dt/dt < 0.2 C/min),"Grade A (Premium Reuse, >85% SoH)",Harvested & In Stock,500,1100,600,38.05,Group_BIN_11,High-Drain & Traction Compatible
COMP_0127,B059,Modular BMS Protection Board (10S 30A e-Bike),BMS_10S,36.0,36.0,0.0,0.0,21.0,525,94.1,Pristine (Like New),Normal Stability (dt/dt < 0.2 C/min),"Grade A (Premium Reuse, >85% SoH)",Harvested & In Stock,600,1300,700,32.0,N/A (Non-Cell),Standard Modular Hardware Compatible
COMP_0128,B350,Modular BMS Protection Board (3S 25A Compact),BMS_3S,11.1,11.1,0.0,0.0,24.2,1079,90.4,Pristine (Like New),Normal Stability (dt/dt < 0.2 C/min),"Grade A (Premium Reuse, >85% SoH)",Harvested & In Stock,300,700,400,18.5,N/A (Non-Cell),Standard Modular Hardware Compatible
COMP_0129,B454,Lithium-Ion Cylindrical Cell (18650 3.7V / 2.6Ah),Cell_18650,3.7,3.821,2.6,2.114,24.55,807,81.3,Cosmetic Enclosure Blemish,Normal Stability (dt/dt < 0.4 C/min),"Grade B (Standard Reuse, 70-85% SoH)",Harvested & In Stock,55,120,65,4.72,Group_BIN_10,Stationary ESS & Solar Microgrid Compatible
COMP_0130,B385,NMC Pouch Cell (3.7V / 15Ah),Cell_NMC_15Ah,3.7,3.764,15.0,12.121,5.9,828,80.8,Minor Surface Scratches,Normal Stability (dt/dt < 0.4 C/min),"Grade B (Standard Reuse, 70-85% SoH)",Harvested & In Stock,500,1100,600,37.3,Group_BIN_10,Stationary ESS & Solar Microgrid Compatible
COMP_0131,B394,LiFePO4 Prismatic Cell (3.2V / 20Ah),Cell_LFP_20Ah,3.2,3.246,20.0,15.124,5.22,804,75.6,Cosmetic Enclosure Blemish,Normal Stability (dt/dt < 0.4 C/min),"Grade B (Standard Reuse, 70-85% SoH)",Harvested & In Stock,650,1400,750,46.61,Group_BIN_10,Stationary ESS & Solar Microgrid Compatible
COMP_0132,B175,NMC Pouch Cell (3.7V / 15Ah),Cell_NMC_15Ah,3.7,3.692,15.0,12.661,5.55,679,84.4,Pristine (Like New),Normal Stability (dt/dt < 0.4 C/min),"Grade B (Standard Reuse, 70-85% SoH)",Harvested & In Stock,500,1100,600,37.76,Group_BIN_11,Stationary ESS & Solar Microgrid Compatible
COMP_0133,B151,NTC Thermistor Temperature Sensor Probe (10k),Sensor_NTC,0.0,0.0,0.0,0.0,0.0,926,95.2,Pristine (Like New),Normal Stability (dt/dt < 0.2 C/min),"Grade A (Premium Reuse, >85% SoH)",Harvested & In Stock,40,150,110,5.45,N/A (Non-Cell),Standard Modular Hardware Compatible
COMP_0134,B223,Heavy-Duty XT60 / XT90 Connector Harness,Connector_XT,0.0,0.0,0.0,0.0,0.5,471,99.5,Pristine (Like New),Normal Stability (dt/dt < 0.2 C/min),"Grade A (Premium Reuse, >85% SoH)",Harvested & In Stock,80,220,140,6.8,N/A (Non-Cell),Standard Modular Hardware Compatible
COMP_0135,B081,Lithium-Ion Cylindrical Cell (18650 3.7V / 2.6Ah),Cell_18650,3.7,3.783,2.6,2.36,21.86,590,90.8,Pristine (Like New),Normal Stability (dt/dt < 0.2 C/min),"Grade A (Premium Reuse, >85% SoH)",Harvested & In Stock,55,120,65,4.93,Group_BIN_11,High-Drain & Traction Compatible
COMP_0136,B233,Modular BMS Protection Board (16S 100A Smart CAN),BMS_16S,48.0,48.0,0.0,0.0,9.7,590,90.7,Pristine (Like New),Normal Stability (dt/dt < 0.2 C/min),"Grade A (Premium Reuse, >85% SoH)",Harvested & In Stock,1800,3800,2000,90.5,N/A (Non-Cell),Standard Modular Hardware Compatible
COMP_0137,B002,Lithium-Ion Cylindrical Cell (18650 3.7V / 2.6Ah),Cell_18650,3.7,3.766,2.6,1.933,26.67,1372,74.3,Cosmetic Enclosure Blemish,Normal Stability (dt/dt < 0.4 C/min),"Grade B (Standard Reuse, 70-85% SoH)",Harvested & In Stock,55,120,65,4.57,Group_BIN_09,Stationary ESS & Solar Microgrid Compatible
COMP_0138,B449,Modular BMS Protection Board (10S 30A e-Bike),BMS_10S,36.0,36.0,0.0,0.0,18.0,715,91.5,Pristine (Like New),Normal Stability (dt/dt < 0.2 C/min),"Grade A (Premium Reuse, >85% SoH)",Harvested & In Stock,600,1300,700,32.0,N/A (Non-Cell),Standard Modular Hardware Compatible
COMP_0139,B369,Modular BMS Protection Board (16S 100A Smart CAN),BMS_16S,48.0,48.0,0.0,0.0,9.9,787,90.0,Pristine (Like New),Normal Stability (dt/dt < 0.2 C/min),"Grade A (Premium Reuse, >85% SoH)",Harvested & In Stock,1800,3800,2000,90.5,N/A (Non-Cell),Standard Modular Hardware Compatible
COMP_0140,B135,Power Tool High-Drain Cell (18650 3.6V / 2.0Ah),Cell_PowerTool,3.6,3.649,2.0,1.782,15.48,551,89.1,Pristine (Like New),Normal Stability (dt/dt < 0.2 C/min),"Grade A (Premium Reuse, >85% SoH)",Harvested & In Stock,90,180,90,5.56,Group_BIN_11,High-Drain & Traction Compatible
COMP_0141,B498,Lithium-Ion Cylindrical Cell (18650 3.7V / 2.6Ah),Cell_18650,3.7,3.744,2.6,2.135,24.55,837,82.1,Cosmetic Enclosure Blemish,Normal Stability (dt/dt < 0.4 C/min),"Grade B (Standard Reuse, 70-85% SoH)",Harvested & In Stock,55,120,65,4.74,Group_BIN_10,Stationary ESS & Solar Microgrid Compatible
COMP_0142,B391,Heavy-Duty XT60 / XT90 Connector Harness,Connector_XT,0.0,0.0,0.0,0.0,0.5,45,99.5,Pristine (Like New),Normal Stability (dt/dt < 0.2 C/min),"Grade A (Premium Reuse, >85% SoH)",Harvested & In Stock,80,220,140,6.8,N/A (Non-Cell),Standard Modular Hardware Compatible
COMP_0143,B092,NMC Pouch Cell (3.7V / 15Ah),Cell_NMC_15Ah,3.7,3.851,15.0,11.233,6.11,1114,74.9,Cosmetic Enclosure Blemish,Normal Stability (dt/dt < 0.4 C/min),"Grade B (Standard Reuse, 70-85% SoH)",Harvested & In Stock,500,1100,600,36.55,Group_BIN_09,Stationary ESS & Solar Microgrid Compatible
COMP_0144,B468,Heavy-Duty XT60 / XT90 Connector Harness,Connector_XT,0.0,0.0,0.0,0.0,0.5,847,92.4,Pristine (Like New),Normal Stability (dt/dt < 0.2 C/min),"Grade A (Premium Reuse, >85% SoH)",Harvested & In Stock,80,220,140,6.8,N/A (Non-Cell),Standard Modular Hardware Compatible
COMP_0145,B055,NMC Pouch Cell (3.7V / 15Ah),Cell_NMC_15Ah,3.7,3.787,15.0,12.76,5.73,496,85.1,Pristine (Like New),Normal Stability (dt/dt < 0.2 C/min),"Grade A (Premium Reuse, >85% SoH)",Harvested & In Stock,500,1100,600,37.85,Group_BIN_11,High-Drain & Traction Compatible
COMP_0146,B446,Heavy-Duty XT60 / XT90 Connector Harness,Connector_XT,0.0,0.0,0.0,0.0,0.5,355,94.3,Pristine (Like New),Normal Stability (dt/dt < 0.2 C/min),"Grade A (Premium Reuse, >85% SoH)",Harvested & In Stock,80,220,140,6.8,N/A (Non-Cell),Standard Modular Hardware Compatible
COMP_0147,B321,Modular Extruded Aluminum Enclosure & Frame,Casing_Alu,0.0,0.0,0.0,0.0,0.0,592,99.5,Pristine (Like New),Normal Stability (dt/dt < 0.2 C/min),"Grade A (Premium Reuse, >85% SoH)",Harvested & In Stock,350,900,550,25.25,N/A (Non-Cell),Standard Modular Hardware Compatible
COMP_0148,B153,LiFePO4 Prismatic Cell (3.2V / 50Ah),Cell_LFP_50Ah,3.2,3.24,50.0,38.587,2.5,1016,77.2,Cosmetic Enclosure Blemish,Normal Stability (dt/dt < 0.4 C/min),"Grade B (Standard Reuse, 70-85% SoH)",Harvested & In Stock,1200,2400,1200,86.8,Group_BIN_10,Stationary ESS & Solar Microgrid Compatible
COMP_0149,B260,NMC Pouch Cell (3.7V / 15Ah),Cell_NMC_15Ah,3.7,3.831,15.0,12.233,5.73,807,81.6,Cosmetic Enclosure Blemish,Normal Stability (dt/dt < 0.4 C/min),"Grade B (Standard Reuse, 70-85% SoH)",Harvested & In Stock,500,1100,600,37.4,Group_BIN_10,Stationary ESS & Solar Microgrid Compatible
COMP_0150,B102,LiFePO4 Prismatic Cell (3.2V / 20Ah),Cell_LFP_20Ah,3.2,3.27,20.0,13.587,5.26,1422,67.9,Moderate Cycle Wear,Elevated Impedance (Manage C-Rate),"Grade C (Low-Stress Buffer, 55-70% SoH)",Harvested & In Stock,650,1400,750,45.3,Group_BIN_09,Low C-Rate IoT & Lantern Buffer Compatible
COMP_0151,B192,LiFePO4 Prismatic Cell (3.2V / 20Ah),Cell_LFP_20Ah,3.2,3.323,20.0,18.137,4.06,533,90.7,Pristine (Like New),Normal Stability (dt/dt < 0.2 C/min),"Grade A (Premium Reuse, >85% SoH)",Harvested & In Stock,650,1400,750,49.17,Group_BIN_11,High-Drain & Traction Compatible
COMP_0152,B391,Power Tool High-Drain Cell (18650 3.6V / 2.0Ah),Cell_PowerTool,3.6,3.783,2.0,1.951,11.86,74,97.6,Pristine (Like New),Normal Stability (dt/dt < 0.2 C/min),"Grade A (Premium Reuse, >85% SoH)",Harvested & In Stock,90,180,90,5.71,Group_BIN_12,High-Drain & Traction Compatible
COMP_0153,B083,Lithium-Ion Cylindrical Cell (18650 3.7V / 2.6Ah),Cell_18650,3.7,3.775,2.6,2.31,22.23,401,88.8,Pristine (Like New),Normal Stability (dt/dt < 0.2 C/min),"Grade A (Premium Reuse, >85% SoH)",Harvested & In Stock,55,120,65,4.89,Group_BIN_11,High-Drain & Traction Compatible
COMP_0154,B277,Lithium-Ion Cylindrical Cell (18650 3.7V / 2.6Ah),Cell_18650,3.7,3.751,2.6,2.171,22.86,746,83.5,Cosmetic Enclosure Blemish,Normal Stability (dt/dt < 0.4 C/min),"Grade B (Standard Reuse, 70-85% SoH)",Harvested & In Stock,55,120,65,4.77,Group_BIN_11,Stationary ESS & Solar Microgrid Compatible
COMP_0155,B471,Modular BMS Protection Board (16S 100A Smart CAN),BMS_16S,48.0,48.0,0.0,0.0,2.7,1488,90.3,Pristine (Like New),Normal Stability (dt/dt < 0.2 C/min),"Grade A (Premium Reuse, >85% SoH)",Harvested & In Stock,1800,3800,2000,90.5,N/A (Non-Cell),Standard Modular Hardware Compatible
COMP_0156,B001,LiFePO4 Prismatic Cell (3.2V / 20Ah),Cell_LFP_20Ah,3.2,3.265,20.0,15.685,4.8,698,78.4,Cosmetic Enclosure Blemish,Normal Stability (dt/dt < 0.4 C/min),"Grade B (Standard Reuse, 70-85% SoH)",Harvested & In Stock,650,1400,750,47.08,Group_BIN_10,Stationary ESS & Solar Microgrid Compatible
COMP_0157,B166,Modular BMS Protection Board (3S 25A Compact),BMS_3S,11.1,11.1,0.0,0.0,26.7,1052,91.2,Pristine (Like New),Normal Stability (dt/dt < 0.2 C/min),"Grade A (Premium Reuse, >85% SoH)",Harvested & In Stock,300,700,400,18.5,N/A (Non-Cell),Standard Modular Hardware Compatible
COMP_0158,B251,LiFePO4 Prismatic Cell (3.2V / 20Ah),Cell_LFP_20Ah,3.2,3.309,20.0,15.669,5.09,1112,78.3,Pristine (Like New),Normal Stability (dt/dt < 0.4 C/min),"Grade B (Standard Reuse, 70-85% SoH)",Harvested & In Stock,650,1400,750,47.07,Group_BIN_10,Stationary ESS & Solar Microgrid Compatible
COMP_0159,B058,Lithium-Ion Cylindrical Cell (18650 3.7V / 2.6Ah),Cell_18650,3.7,3.8,2.6,2.18,23.12,748,83.8,Minor Surface Scratches,Normal Stability (dt/dt < 0.4 C/min),"Grade B (Standard Reuse, 70-85% SoH)",Harvested & In Stock,55,120,65,4.78,Group_BIN_11,Stationary ESS & Solar Microgrid Compatible
COMP_0160,B450,Lithium-Ion Cylindrical Cell (18650 3.7V / 2.6Ah),Cell_18650,3.7,3.808,2.6,2.38,20.41,352,91.5,Pristine (Like New),Normal Stability (dt/dt < 0.2 C/min),"Grade A (Premium Reuse, >85% SoH)",Harvested & In Stock,55,120,65,4.95,Group_BIN_11,High-Drain & Traction Compatible
COMP_0161,B426,Modular BMS Protection Board (10S 30A e-Bike),BMS_10S,36.0,36.0,0.0,0.0,18.0,1436,91.5,Pristine (Like New),Normal Stability (dt/dt < 0.2 C/min),"Grade A (Premium Reuse, >85% SoH)",Harvested & In Stock,600,1300,700,32.0,N/A (Non-Cell),Standard Modular Hardware Compatible
COMP_0162,B414,Lithium-Ion Cylindrical Cell (18650 3.7V / 2.6Ah),Cell_18650,3.7,3.73,2.6,2.185,23.46,683,84.0,Minor Surface Scratches,Normal Stability (dt/dt < 0.4 C/min),"Grade B (Standard Reuse, 70-85% SoH)",Harvested & In Stock,55,120,65,4.78,Group_BIN_11,Stationary ESS & Solar Microgrid Compatible
COMP_0163,B123,LiFePO4 Prismatic Cell (3.2V / 20Ah),Cell_LFP_20Ah,3.2,3.21,20.0,18.463,4.21,238,92.3,Pristine (Like New),Normal Stability (dt/dt < 0.2 C/min),"Grade A (Premium Reuse, >85% SoH)",Harvested & In Stock,650,1400,750,49.44,Group_BIN_12,High-Drain & Traction Compatible
COMP_0164,B030,Lithium-Ion Cylindrical Cell (18650 3.7V / 2.6Ah),Cell_18650,3.7,3.848,2.6,2.403,18.58,584,92.4,Pristine (Like New),Normal Stability (dt/dt < 0.2 C/min),"Grade A (Premium Reuse, >85% SoH)",Harvested & In Stock,55,120,65,4.97,Group_BIN_12,High-Drain & Traction Compatible
COMP_0165,B124,LiFePO4 Prismatic Cell (3.2V / 50Ah),Cell_LFP_50Ah,3.2,3.334,50.0,47.369,1.94,235,94.7,Pristine (Like New),Normal Stability (dt/dt < 0.2 C/min),"Grade A (Premium Reuse, >85% SoH)",Harvested & In Stock,1200,2400,1200,94.26,Group_BIN_12,High-Drain & Traction Compatible
COMP_0166,B450,Lithium-Ion Cylindrical Cell (18650 3.7V / 2.6Ah),Cell_18650,3.7,3.81,2.6,2.218,21.54,434,85.3,Pristine (Like New),Normal Stability (dt/dt < 0.2 C/min),"Grade A (Premium Reuse, >85% SoH)",Harvested & In Stock,55,120,65,4.81,Group_BIN_11,High-Drain & Traction Compatible
COMP_0167,B291,Lithium-Ion Cylindrical Cell (18650 3.7V / 2.6Ah),Cell_18650,3.7,3.802,2.6,2.118,22.54,856,81.5,Pristine (Like New),Normal Stability (dt/dt < 0.4 C/min),"Grade B (Standard Reuse, 70-85% SoH)",Harvested & In Stock,55,120,65,4.73,Group_BIN_10,Stationary ESS & Solar Microgrid Compatible
COMP_0168,B044,NMC Pouch Cell (3.7V / 15Ah),Cell_NMC_15Ah,3.7,3.819,15.0,10.253,6.65,1503,68.4,Enclosure Hairline Crack,Elevated Impedance (Manage C-Rate),"Grade C (Low-Stress Buffer, 55-70% SoH)",Harvested & In Stock,500,1100,600,35.72,Group_BIN_09,Low C-Rate IoT & Lantern Buffer Compatible
COMP_0169,B249,Power Tool High-Drain Cell (18650 3.6V / 2.0Ah),Cell_PowerTool,3.6,3.712,2.0,1.519,17.1,1163,75.9,Pristine (Like New),Normal Stability (dt/dt < 0.4 C/min),"Grade B (Standard Reuse, 70-85% SoH)",Harvested & In Stock,90,180,90,5.34,Group_BIN_10,Stationary ESS & Solar Microgrid Compatible
COMP_0170,B390,LiFePO4 Prismatic Cell (3.2V / 50Ah),Cell_LFP_50Ah,3.2,3.251,50.0,41.701,2.38,758,83.4,Cosmetic Enclosure Blemish,Normal Stability (dt/dt < 0.4 C/min),"Grade B (Standard Reuse, 70-85% SoH)",Harvested & In Stock,1200,2400,1200,89.45,Group_BIN_11,Stationary ESS & Solar Microgrid Compatible
COMP_0171,B393,Lithium-Ion Cylindrical Cell (18650 3.7V / 2.6Ah),Cell_18650,3.7,3.748,2.6,2.123,22.58,914,81.6,Pristine (Like New),Normal Stability (dt/dt < 0.4 C/min),"Grade B (Standard Reuse, 70-85% SoH)",Harvested & In Stock,55,120,65,4.73,Group_BIN_10,Stationary ESS & Solar Microgrid Compatible
COMP_0172,B066,LiFePO4 Prismatic Cell (3.2V / 50Ah),Cell_LFP_50Ah,3.2,3.385,50.0,41.251,2.28,939,82.5,Cosmetic Enclosure Blemish,Normal Stability (dt/dt < 0.4 C/min),"Grade B (Standard Reuse, 70-85% SoH)",Harvested & In Stock,1200,2400,1200,89.06,Group_BIN_10,Stationary ESS & Solar Microgrid Compatible
COMP_0173,B244,Power Tool High-Drain Cell (18650 3.6V / 2.0Ah),Cell_PowerTool,3.6,3.619,2.0,1.812,14.4,452,90.6,Pristine (Like New),Normal Stability (dt/dt < 0.2 C/min),"Grade A (Premium Reuse, >85% SoH)",Harvested & In Stock,90,180,90,5.59,Group_BIN_11,High-Drain & Traction Compatible
COMP_0174,B485,Lithium-Ion Cylindrical Cell (18650 3.7V / 2.6Ah),Cell_18650,3.7,3.752,2.6,1.76,29.51,1456,67.7,Enclosure Hairline Crack,Elevated Impedance (Manage C-Rate),"Grade C (Low-Stress Buffer, 55-70% SoH)",Harvested & In Stock,55,120,65,4.42,Group_BIN_09,Low C-Rate IoT & Lantern Buffer Compatible
COMP_0175,B085,Lithium-Ion Cylindrical Cell (18650 3.7V / 2.6Ah),Cell_18650,3.7,3.778,2.6,2.366,22.69,363,91.0,Pristine (Like New),Normal Stability (dt/dt < 0.2 C/min),"Grade A (Premium Reuse, >85% SoH)",Harvested & In Stock,55,120,65,4.94,Group_BIN_11,High-Drain & Traction Compatible
COMP_0176,B136,LiFePO4 Prismatic Cell (3.2V / 20Ah),Cell_LFP_20Ah,3.2,3.319,20.0,15.513,5.02,943,77.6,Cosmetic Enclosure Blemish,Normal Stability (dt/dt < 0.4 C/min),"Grade B (Standard Reuse, 70-85% SoH)",Harvested & In Stock,650,1400,750,46.94,Group_BIN_10,Stationary ESS & Solar Microgrid Compatible
COMP_0177,B447,Lithium-Ion Cylindrical Cell (18650 3.7V / 2.6Ah),Cell_18650,3.7,3.771,2.6,2.262,21.03,747,87.0,Pristine (Like New),Normal Stability (dt/dt < 0.2 C/min),"Grade A (Premium Reuse, >85% SoH)",Harvested & In Stock,55,120,65,4.85,Group_BIN_11,High-Drain & Traction Compatible
COMP_0178,B311,NMC Pouch Cell (3.7V / 15Ah),Cell_NMC_15Ah,3.7,3.823,15.0,11.361,6.15,1186,75.7,Minor Surface Scratches,Normal Stability (dt/dt < 0.4 C/min),"Grade B (Standard Reuse, 70-85% SoH)",Harvested & In Stock,500,1100,600,36.66,Group_BIN_10,Stationary ESS & Solar Microgrid Compatible
COMP_0179,B494,Power Tool High-Drain Cell (18650 3.6V / 2.0Ah),Cell_PowerTool,3.6,3.678,2.0,1.664,14.71,850,83.2,Pristine (Like New),Normal Stability (dt/dt < 0.4 C/min),"Grade B (Standard Reuse, 70-85% SoH)",Harvested & In Stock,90,180,90,5.46,Group_BIN_10,Stationary ESS & Solar Microgrid Compatible
COMP_0180,B476,Modular Extruded Aluminum Enclosure & Frame,Casing_Alu,0.0,0.0,0.0,0.0,0.0,1529,92.0,Pristine (Like New),Normal Stability (dt/dt < 0.2 C/min),"Grade A (Premium Reuse, >85% SoH)",Harvested & In Stock,350,900,550,25.25,N/A (Non-Cell),Standard Modular Hardware Compatible
COMP_0181,B277,Lithium-Ion Cylindrical Cell (18650 3.7V / 2.6Ah),Cell_18650,3.7,3.771,2.6,2.161,23.87,786,83.1,Cosmetic Enclosure Blemish,Normal Stability (dt/dt < 0.4 C/min),"Grade B (Standard Reuse, 70-85% SoH)",Harvested & In Stock,55,120,65,4.76,Group_BIN_10,Stationary ESS & Solar Microgrid Compatible
COMP_0182,B354,Modular Extruded Aluminum Enclosure & Frame,Casing_Alu,0.0,0.0,0.0,0.0,0.0,820,96.9,Pristine (Like New),Normal Stability (dt/dt < 0.2 C/min),"Grade A (Premium Reuse, >85% SoH)",Harvested & In Stock,350,900,550,25.25,N/A (Non-Cell),Standard Modular Hardware Compatible
COMP_0183,B103,Modular BMS Protection Board (3S 25A Compact),BMS_3S,11.1,11.1,0.0,0.0,22.2,1283,90.4,Pristine (Like New),Normal Stability (dt/dt < 0.2 C/min),"Grade A (Premium Reuse, >85% SoH)",Harvested & In Stock,300,700,400,18.5,N/A (Non-Cell),Standard Modular Hardware Compatible
COMP_0184,B366,Lithium-Ion Cylindrical Cell (18650 3.7V / 2.6Ah),Cell_18650,3.7,3.83,2.6,2.381,20.3,413,91.6,Pristine (Like New),Normal Stability (dt/dt < 0.2 C/min),"Grade A (Premium Reuse, >85% SoH)",Harvested & In Stock,55,120,65,4.95,Group_BIN_11,High-Drain & Traction Compatible
COMP_0185,B160,Lithium-Ion Cylindrical Cell (18650 3.7V / 2.6Ah),Cell_18650,3.7,3.754,2.6,2.038,23.27,1039,78.4,Minor Surface Scratches,Normal Stability (dt/dt < 0.4 C/min),"Grade B (Standard Reuse, 70-85% SoH)",Harvested & In Stock,55,120,65,4.66,Group_BIN_10,Stationary ESS & Solar Microgrid Compatible
COMP_0186,B344,Power Tool High-Drain Cell (18650 3.6V / 2.0Ah),Cell_PowerTool,3.6,3.683,2.0,1.876,13.88,319,93.8,Pristine (Like New),Normal Stability (dt/dt < 0.2 C/min),"Grade A (Premium Reuse, >85% SoH)",Harvested & In Stock,90,180,90,5.64,Group_BIN_12,High-Drain & Traction Compatible
COMP_0187,B333,Heavy-Duty XT60 / XT90 Connector Harness,Connector_XT,0.0,0.0,0.0,0.0,0.5,462,99.5,Pristine (Like New),Normal Stability (dt/dt < 0.2 C/min),"Grade A (Premium Reuse, >85% SoH)",Harvested & In Stock,80,220,140,6.8,N/A (Non-Cell),Standard Modular Hardware Compatible
COMP_0188,B192,LiFePO4 Prismatic Cell (3.2V / 20Ah),Cell_LFP_20Ah,3.2,3.262,20.0,19.144,3.71,508,95.7,Pristine (Like New),Normal Stability (dt/dt < 0.2 C/min),"Grade A (Premium Reuse, >85% SoH)",Harvested & In Stock,650,1400,750,50.02,Group_BIN_12,High-Drain & Traction Compatible
COMP_0189,B225,LiFePO4 Prismatic Cell (3.2V / 20Ah),Cell_LFP_20Ah,3.2,3.268,20.0,17.611,4.39,424,88.1,Pristine (Like New),Normal Stability (dt/dt < 0.2 C/min),"Grade A (Premium Reuse, >85% SoH)",Harvested & In Stock,650,1400,750,48.72,Group_BIN_11,High-Drain & Traction Compatible
COMP_0190,B461,LiFePO4 Prismatic Cell (3.2V / 50Ah),Cell_LFP_50Ah,3.2,3.279,50.0,34.744,2.72,1250,69.5,Enclosure Hairline Crack,Elevated Impedance (Manage C-Rate),"Grade C (Low-Stress Buffer, 55-70% SoH)",Harvested & In Stock,1200,2400,1200,83.53,Group_BIN_09,Low C-Rate IoT & Lantern Buffer Compatible
COMP_0191,B232,LiFePO4 Prismatic Cell (3.2V / 50Ah),Cell_LFP_50Ah,3.2,3.273,50.0,42.08,2.37,574,84.2,Pristine (Like New),Normal Stability (dt/dt < 0.4 C/min),"Grade B (Standard Reuse, 70-85% SoH)",Harvested & In Stock,1200,2400,1200,89.77,Group_BIN_11,Stationary ESS & Solar Microgrid Compatible
COMP_0192,B127,Modular BMS Protection Board (3S 25A Compact),BMS_3S,11.1,11.1,0.0,0.0,26.3,833,91.2,Pristine (Like New),Normal Stability (dt/dt < 0.2 C/min),"Grade A (Premium Reuse, >85% SoH)",Harvested & In Stock,300,700,400,18.5,N/A (Non-Cell),Standard Modular Hardware Compatible
COMP_0193,B116,Power Tool High-Drain Cell (18650 3.6V / 2.0Ah),Cell_PowerTool,3.6,3.683,2.0,1.375,17.81,1641,68.8,Moderate Cycle Wear,Elevated Impedance (Manage C-Rate),"Grade C (Low-Stress Buffer, 55-70% SoH)",Harvested & In Stock,90,180,90,5.22,Group_BIN_09,Low C-Rate IoT & Lantern Buffer Compatible
COMP_0194,B174,Lithium-Ion Cylindrical Cell (18650 3.7V / 2.6Ah),Cell_18650,3.7,3.828,2.6,2.337,20.7,384,89.9,Pristine (Like New),Normal Stability (dt/dt < 0.2 C/min),"Grade A (Premium Reuse, >85% SoH)",Harvested & In Stock,55,120,65,4.91,Group_BIN_11,High-Drain & Traction Compatible
COMP_0195,B011,Lithium-Ion Cylindrical Cell (18650 3.7V / 2.6Ah),Cell_18650,3.7,3.822,2.6,1.844,28.13,1161,70.9,Cosmetic Enclosure Blemish,Normal Stability (dt/dt < 0.4 C/min),"Grade B (Standard Reuse, 70-85% SoH)",Harvested & In Stock,55,120,65,4.49,Group_BIN_09,Stationary ESS & Solar Microgrid Compatible
COMP_0196,B284,Lithium-Ion Cylindrical Cell (18650 3.7V / 2.6Ah),Cell_18650,3.7,3.719,2.6,2.026,25.34,1090,77.9,Pristine (Like New),Normal Stability (dt/dt < 0.4 C/min),"Grade B (Standard Reuse, 70-85% SoH)",Harvested & In Stock,55,120,65,4.65,Group_BIN_10,Stationary ESS & Solar Microgrid Compatible
COMP_0197,B302,NMC Pouch Cell (3.7V / 15Ah),Cell_NMC_15Ah,3.7,3.803,15.0,12.599,5.33,750,84.0,Pristine (Like New),Normal Stability (dt/dt < 0.4 C/min),"Grade B (Standard Reuse, 70-85% SoH)",Harvested & In Stock,500,1100,600,37.71,Group_BIN_11,Stationary ESS & Solar Microgrid Compatible
COMP_0198,B004,Lithium-Ion Cylindrical Cell (18650 3.7V / 2.6Ah),Cell_18650,3.7,3.86,2.6,1.841,28.05,1373,70.8,Pristine (Like New),Normal Stability (dt/dt < 0.4 C/min),"Grade B (Standard Reuse, 70-85% SoH)",Harvested & In Stock,55,120,65,4.49,Group_BIN_09,Stationary ESS & Solar Microgrid Compatible
COMP_0199,B363,Lithium-Ion Cylindrical Cell (18650 3.7V / 2.6Ah),Cell_18650,3.7,3.742,2.6,2.098,25.05,706,80.7,Cosmetic Enclosure Blemish,Normal Stability (dt/dt < 0.4 C/min),"Grade B (Standard Reuse, 70-85% SoH)",Harvested & In Stock,55,120,65,4.71,Group_BIN_10,Stationary ESS & Solar Microgrid Compatible
COMP_0200,B031,LiFePO4 Prismatic Cell (3.2V / 20Ah),Cell_LFP_20Ah,3.2,3.328,20.0,18.634,3.93,341,93.2,Pristine (Like New),Normal Stability (dt/dt < 0.2 C/min),"Grade A (Premium Reuse, >85% SoH)",Harvested & In Stock,650,1400,750,49.59,Group_BIN_12,High-Drain & Traction Compatible
COMP_0201,B118,LiFePO4 Prismatic Cell (3.2V / 20Ah),Cell_LFP_20Ah,3.2,3.235,20.0,14.662,5.41,1260,73.3,Pristine (Like New),Normal Stability (dt/dt < 0.4 C/min),"Grade B (Standard Reuse, 70-85% SoH)",Harvested & In Stock,650,1400,750,46.21,Group_BIN_09,Stationary ESS & Solar Microgrid Compatible
COMP_0202,B464,NMC Pouch Cell (3.7V / 15Ah),Cell_NMC_15Ah,3.7,3.824,15.0,12.192,5.74,802,81.3,Pristine (Like New),Normal Stability (dt/dt < 0.4 C/min),"Grade B (Standard Reuse, 70-85% SoH)",Harvested & In Stock,500,1100,600,37.36,Group_BIN_10,Stationary ESS & Solar Microgrid Compatible
COMP_0203,B441,Modular BMS Protection Board (3S 25A Compact),BMS_3S,11.1,11.1,0.0,0.0,26.0,773,94.0,Pristine (Like New),Normal Stability (dt/dt < 0.2 C/min),"Grade A (Premium Reuse, >85% SoH)",Harvested & In Stock,300,700,400,18.5,N/A (Non-Cell),Standard Modular Hardware Compatible
COMP_0204,B170,Power Tool High-Drain Cell (18650 3.6V / 2.0Ah),Cell_PowerTool,3.6,3.673,2.0,1.791,14.65,664,89.5,Pristine (Like New),Normal Stability (dt/dt < 0.2 C/min),"Grade A (Premium Reuse, >85% SoH)",Harvested & In Stock,90,180,90,5.57,Group_BIN_11,High-Drain & Traction Compatible
COMP_0205,B037,LiFePO4 Prismatic Cell (3.2V / 50Ah),Cell_LFP_50Ah,3.2,3.297,50.0,39.396,2.53,870,78.8,Cosmetic Enclosure Blemish,Normal Stability (dt/dt < 0.4 C/min),"Grade B (Standard Reuse, 70-85% SoH)",Harvested & In Stock,1200,2400,1200,87.49,Group_BIN_10,Stationary ESS & Solar Microgrid Compatible
COMP_0206,B122,NMC Pouch Cell (3.7V / 15Ah),Cell_NMC_15Ah,3.7,3.726,15.0,14.099,4.66,299,94.0,Pristine (Like New),Normal Stability (dt/dt < 0.2 C/min),"Grade A (Premium Reuse, >85% SoH)",Harvested & In Stock,500,1100,600,38.98,Group_BIN_12,High-Drain & Traction Compatible
COMP_0207,B143,Power Tool High-Drain Cell (18650 3.6V / 2.0Ah),Cell_PowerTool,3.6,3.691,2.0,1.95,12.67,318,97.5,Pristine (Like New),Normal Stability (dt/dt < 0.2 C/min),"Grade A (Premium Reuse, >85% SoH)",Harvested & In Stock,90,180,90,5.71,Group_BIN_12,High-Drain & Traction Compatible
COMP_0208,B343,NMC Pouch Cell (3.7V / 15Ah),Cell_NMC_15Ah,3.7,3.804,15.0,12.294,5.62,807,82.0,Minor Surface Scratches,Normal Stability (dt/dt < 0.4 C/min),"Grade B (Standard Reuse, 70-85% SoH)",Harvested & In Stock,500,1100,600,37.45,Group_BIN_10,Stationary ESS & Solar Microgrid Compatible
COMP_0209,B110,Lithium-Ion Cylindrical Cell (18650 3.7V / 2.6Ah),Cell_18650,3.7,3.773,2.6,2.414,20.68,349,92.8,Pristine (Like New),Normal Stability (dt/dt < 0.2 C/min),"Grade A (Premium Reuse, >85% SoH)",Harvested & In Stock,55,120,65,4.98,Group_BIN_12,High-Drain & Traction Compatible
COMP_0210,B277,Modular BMS Protection Board (4S 40A Balancer),BMS_4S,14.8,14.8,0.0,0.0,13.6,712,92.7,Pristine (Like New),Normal Stability (dt/dt < 0.2 C/min),"Grade A (Premium Reuse, >85% SoH)",Harvested & In Stock,450,950,500,23.0,N/A (Non-Cell),Standard Modular Hardware Compatible
COMP_0211,B068,LiFePO4 Prismatic Cell (3.2V / 50Ah),Cell_LFP_50Ah,3.2,3.259,50.0,41.722,2.37,770,83.4,Cosmetic Enclosure Blemish,Normal Stability (dt/dt < 0.4 C/min),"Grade B (Standard Reuse, 70-85% SoH)",Harvested & In Stock,1200,2400,1200,89.46,Group_BIN_11,Stationary ESS & Solar Microgrid Compatible
COMP_0212,B479,Lithium-Ion Cylindrical Cell (18650 3.7V / 2.6Ah),Cell_18650,3.7,3.855,2.6,2.317,21.03,486,89.1,Pristine (Like New),Normal Stability (dt/dt < 0.2 C/min),"Grade A (Premium Reuse, >85% SoH)",Harvested & In Stock,55,120,65,4.89,Group_BIN_11,High-Drain & Traction Compatible
COMP_0213,B452,Lithium-Ion Cylindrical Cell (18650 3.7V / 2.6Ah),Cell_18650,3.7,3.819,2.6,2.015,25.87,998,77.5,Cosmetic Enclosure Blemish,Normal Stability (dt/dt < 0.4 C/min),"Grade B (Standard Reuse, 70-85% SoH)",Harvested & In Stock,55,120,65,4.64,Group_BIN_10,Stationary ESS & Solar Microgrid Compatible
COMP_0214,B296,Lithium-Ion Cylindrical Cell (18650 3.7V / 2.6Ah),Cell_18650,3.7,3.815,2.6,2.198,21.86,626,84.5,Minor Surface Scratches,Normal Stability (dt/dt < 0.4 C/min),"Grade B (Standard Reuse, 70-85% SoH)",Harvested & In Stock,55,120,65,4.79,Group_BIN_11,Stationary ESS & Solar Microgrid Compatible
COMP_0215,B125,Nickel-Plated Copper Busbar Interconnect Link,Busbar_Cu,0.0,0.0,0.0,0.0,0.2,931,90.9,Pristine (Like New),Normal Stability (dt/dt < 0.2 C/min),"Grade A (Premium Reuse, >85% SoH)",Harvested & In Stock,50,140,90,4.55,N/A (Non-Cell),Standard Modular Hardware Compatible
COMP_0216,B402,Heavy-Duty XT60 / XT90 Connector Harness,Connector_XT,0.0,0.0,0.0,0.0,0.5,852,91.5,Pristine (Like New),Normal Stability (dt/dt < 0.2 C/min),"Grade A (Premium Reuse, >85% SoH)",Harvested & In Stock,80,220,140,6.8,N/A (Non-Cell),Standard Modular Hardware Compatible
COMP_0217,B243,LiFePO4 Prismatic Cell (3.2V / 50Ah),Cell_LFP_50Ah,3.2,3.253,50.0,37.458,2.55,1112,74.9,Minor Surface Scratches,Normal Stability (dt/dt < 0.4 C/min),"Grade B (Standard Reuse, 70-85% SoH)",Harvested & In Stock,1200,2400,1200,85.84,Group_BIN_09,Stationary ESS & Solar Microgrid Compatible
COMP_0218,B098,Lithium-Ion Cylindrical Cell (18650 3.7V / 2.6Ah),Cell_18650,3.7,3.825,2.6,2.383,20.63,576,91.7,Pristine (Like New),Normal Stability (dt/dt < 0.2 C/min),"Grade A (Premium Reuse, >85% SoH)",Harvested & In Stock,55,120,65,4.95,Group_BIN_11,High-Drain & Traction Compatible
COMP_0219,B049,Nickel-Plated Copper Busbar Interconnect Link,Busbar_Cu,0.0,0.0,0.0,0.0,0.2,797,94.3,Pristine (Like New),Normal Stability (dt/dt < 0.2 C/min),"Grade A (Premium Reuse, >85% SoH)",Harvested & In Stock,50,140,90,4.55,N/A (Non-Cell),Standard Modular Hardware Compatible
COMP_0220,B050,Modular BMS Protection Board (16S 100A Smart CAN),BMS_16S,48.0,48.0,0.0,0.0,9.3,251,97.3,Pristine (Like New),Normal Stability (dt/dt < 0.2 C/min),"Grade A (Premium Reuse, >85% SoH)",Harvested & In Stock,1800,3800,2000,90.5,N/A (Non-Cell),Standard Modular Hardware Compatible
COMP_0221,B338,Lithium-Ion Cylindrical Cell (18650 3.7V / 2.6Ah),Cell_18650,3.7,3.739,2.6,2.13,24.3,992,81.9,Minor Surface Scratches,Normal Stability (dt/dt < 0.4 C/min),"Grade B (Standard Reuse, 70-85% SoH)",Harvested & In Stock,55,120,65,4.74,Group_BIN_10,Stationary ESS & Solar Microgrid Compatible
COMP_0222,B182,Lithium-Ion Cylindrical Cell (18650 3.7V / 2.6Ah),Cell_18650,3.7,3.778,2.6,2.015,26.91,931,77.5,Minor Surface Scratches,Normal Stability (dt/dt < 0.4 C/min),"Grade B (Standard Reuse, 70-85% SoH)",Harvested & In Stock,55,120,65,4.64,Group_BIN_10,Stationary ESS & Solar Microgrid Compatible
COMP_0223,B211,Lithium-Ion Cylindrical Cell (18650 3.7V / 2.6Ah),Cell_18650,3.7,3.755,2.6,1.891,27.35,1023,72.7,Minor Surface Scratches,Normal Stability (dt/dt < 0.4 C/min),"Grade B (Standard Reuse, 70-85% SoH)",Harvested & In Stock,55,120,65,4.53,Group_BIN_09,Stationary ESS & Solar Microgrid Compatible
COMP_0224,B443,LiFePO4 Prismatic Cell (3.2V / 20Ah),Cell_LFP_20Ah,3.2,3.217,20.0,16.935,4.04,635,84.7,Cosmetic Enclosure Blemish,Normal Stability (dt/dt < 0.4 C/min),"Grade B (Standard Reuse, 70-85% SoH)",Harvested & In Stock,650,1400,750,48.14,Group_BIN_11,Stationary ESS & Solar Microgrid Compatible
COMP_0225,B028,Power Tool High-Drain Cell (18650 3.6V / 2.0Ah),Cell_PowerTool,3.6,3.679,2.0,1.674,15.81,792,83.7,Cosmetic Enclosure Blemish,Normal Stability (dt/dt < 0.4 C/min),"Grade B (Standard Reuse, 70-85% SoH)",Harvested & In Stock,90,180,90,5.47,Group_BIN_11,Stationary ESS & Solar Microgrid Compatible
COMP_0226,B335,Lithium-Ion Cylindrical Cell (18650 3.7V / 2.6Ah),Cell_18650,3.7,3.84,2.6,1.979,24.69,1085,76.1,Cosmetic Enclosure Blemish,Normal Stability (dt/dt < 0.4 C/min),"Grade B (Standard Reuse, 70-85% SoH)",Harvested & In Stock,55,120,65,4.61,Group_BIN_10,Stationary ESS & Solar Microgrid Compatible
COMP_0227,B051,NMC Pouch Cell (3.7V / 15Ah),Cell_NMC_15Ah,3.7,3.769,15.0,10.58,6.44,1220,70.5,Pristine (Like New),Normal Stability (dt/dt < 0.4 C/min),"Grade B (Standard Reuse, 70-85% SoH)",Harvested & In Stock,500,1100,600,35.99,Group_BIN_09,Stationary ESS & Solar Microgrid Compatible
COMP_0228,B207,Lithium-Ion Cylindrical Cell (18650 3.7V / 2.6Ah),Cell_18650,3.7,3.852,2.6,1.984,25.42,940,76.3,Cosmetic Enclosure Blemish,Normal Stability (dt/dt < 0.4 C/min),"Grade B (Standard Reuse, 70-85% SoH)",Harvested & In Stock,55,120,65,4.61,Group_BIN_10,Stationary ESS & Solar Microgrid Compatible
COMP_0229,B174,Modular BMS Protection Board (10S 30A e-Bike),BMS_10S,36.0,36.0,0.0,0.0,19.1,460,92.8,Pristine (Like New),Normal Stability (dt/dt < 0.2 C/min),"Grade A (Premium Reuse, >85% SoH)",Harvested & In Stock,600,1300,700,32.0,N/A (Non-Cell),Standard Modular Hardware Compatible
COMP_0230,B410,Lithium-Ion Cylindrical Cell (18650 3.7V / 2.6Ah),Cell_18650,3.7,3.754,2.6,2.347,21.21,569,90.3,Pristine (Like New),Normal Stability (dt/dt < 0.2 C/min),"Grade A (Premium Reuse, >85% SoH)",Harvested & In Stock,55,120,65,4.92,Group_BIN_11,High-Drain & Traction Compatible
COMP_0231,B442,Modular BMS Protection Board (4S 40A Balancer),BMS_4S,14.8,14.8,0.0,0.0,13.8,344,97.3,Pristine (Like New),Normal Stability (dt/dt < 0.2 C/min),"Grade A (Premium Reuse, >85% SoH)",Harvested & In Stock,450,950,500,23.0,N/A (Non-Cell),Standard Modular Hardware Compatible
COMP_0232,B056,Modular BMS Protection Board (10S 30A e-Bike),BMS_10S,36.0,36.0,0.0,0.0,20.4,1020,93.8,Pristine (Like New),Normal Stability (dt/dt < 0.2 C/min),"Grade A (Premium Reuse, >85% SoH)",Harvested & In Stock,600,1300,700,32.0,N/A (Non-Cell),Standard Modular Hardware Compatible
COMP_0233,B128,LiFePO4 Prismatic Cell (3.2V / 20Ah),Cell_LFP_20Ah,3.2,3.288,20.0,16.448,4.55,1105,82.2,Pristine (Like New),Normal Stability (dt/dt < 0.4 C/min),"Grade B (Standard Reuse, 70-85% SoH)",Harvested & In Stock,650,1400,750,47.73,Group_BIN_10,Stationary ESS & Solar Microgrid Compatible
COMP_0234,B098,Lithium-Ion Cylindrical Cell (18650 3.7V / 2.6Ah),Cell_18650,3.7,3.797,2.6,2.212,22.54,612,85.1,Pristine (Like New),Normal Stability (dt/dt < 0.2 C/min),"Grade A (Premium Reuse, >85% SoH)",Harvested & In Stock,55,120,65,4.81,Group_BIN_11,High-Drain & Traction Compatible
COMP_0235,B275,Modular Extruded Aluminum Enclosure & Frame,Casing_Alu,0.0,0.0,0.0,0.0,0.0,471,95.1,Pristine (Like New),Normal Stability (dt/dt < 0.2 C/min),"Grade A (Premium Reuse, >85% SoH)",Harvested & In Stock,350,900,550,25.25,N/A (Non-Cell),Standard Modular Hardware Compatible
COMP_0236,B230,Modular BMS Protection Board (16S 100A Smart CAN),BMS_16S,48.0,48.0,0.0,0.0,11.5,874,97.4,Pristine (Like New),Normal Stability (dt/dt < 0.2 C/min),"Grade A (Premium Reuse, >85% SoH)",Harvested & In Stock,1800,3800,2000,90.5,N/A (Non-Cell),Standard Modular Hardware Compatible
COMP_0237,B072,Lithium-Ion Cylindrical Cell (18650 3.7V / 2.6Ah),Cell_18650,3.7,3.76,2.6,1.851,27.84,1155,71.2,Minor Surface Scratches,Normal Stability (dt/dt < 0.4 C/min),"Grade B (Standard Reuse, 70-85% SoH)",Harvested & In Stock,55,120,65,4.5,Group_BIN_09,Stationary ESS & Solar Microgrid Compatible
COMP_0238,B094,Lithium-Ion Cylindrical Cell (18650 3.7V / 2.6Ah),Cell_18650,3.7,3.796,2.6,2.28,20.48,524,87.7,Pristine (Like New),Normal Stability (dt/dt < 0.2 C/min),"Grade A (Premium Reuse, >85% SoH)",Harvested & In Stock,55,120,65,4.86,Group_BIN_11,High-Drain & Traction Compatible
COMP_0239,B143,Modular BMS Protection Board (4S 40A Balancer),BMS_4S,14.8,14.8,0.0,0.0,13.2,312,89.9,Pristine (Like New),Normal Stability (dt/dt < 0.2 C/min),"Grade A (Premium Reuse, >85% SoH)",Harvested & In Stock,450,950,500,23.0,N/A (Non-Cell),Standard Modular Hardware Compatible
COMP_0240,B237,LiFePO4 Prismatic Cell (3.2V / 50Ah),Cell_LFP_50Ah,3.2,3.262,50.0,37.832,2.74,1249,75.7,Pristine (Like New),Normal Stability (dt/dt < 0.4 C/min),"Grade B (Standard Reuse, 70-85% SoH)",Harvested & In Stock,1200,2400,1200,86.16,Group_BIN_10,Stationary ESS & Solar Microgrid Compatible
COMP_0241,B448,LiFePO4 Prismatic Cell (3.2V / 20Ah),Cell_LFP_20Ah,3.2,3.287,20.0,17.866,4.31,407,89.3,Pristine (Like New),Normal Stability (dt/dt < 0.2 C/min),"Grade A (Premium Reuse, >85% SoH)",Harvested & In Stock,650,1400,750,48.94,Group_BIN_11,High-Drain & Traction Compatible
COMP_0242,B473,Lithium-Ion Cylindrical Cell (18650 3.7V / 2.6Ah),Cell_18650,3.7,3.796,2.6,2.425,19.62,495,93.3,Pristine (Like New),Normal Stability (dt/dt < 0.2 C/min),"Grade A (Premium Reuse, >85% SoH)",Harvested & In Stock,55,120,65,4.99,Group_BIN_12,High-Drain & Traction Compatible
COMP_0243,B039,Modular BMS Protection Board (4S 40A Balancer),BMS_4S,14.8,14.8,0.0,0.0,11.7,357,94.3,Pristine (Like New),Normal Stability (dt/dt < 0.2 C/min),"Grade A (Premium Reuse, >85% SoH)",Harvested & In Stock,450,950,500,23.0,N/A (Non-Cell),Standard Modular Hardware Compatible
COMP_0244,B227,Modular BMS Protection Board (3S 25A Compact),BMS_3S,11.1,11.1,0.0,0.0,19.3,943,92.8,Pristine (Like New),Normal Stability (dt/dt < 0.2 C/min),"Grade A (Premium Reuse, >85% SoH)",Harvested & In Stock,300,700,400,18.5,N/A (Non-Cell),Standard Modular Hardware Compatible
COMP_0245,B414,LiFePO4 Prismatic Cell (3.2V / 50Ah),Cell_LFP_50Ah,3.2,3.277,50.0,44.121,2.21,578,88.2,Pristine (Like New),Normal Stability (dt/dt < 0.2 C/min),"Grade A (Premium Reuse, >85% SoH)",Harvested & In Stock,1200,2400,1200,91.5,Group_BIN_11,High-Drain & Traction Compatible
COMP_0246,B442,Lithium-Ion Cylindrical Cell (18650 3.7V / 2.6Ah),Cell_18650,3.7,3.794,2.6,2.552,18.18,243,98.1,Pristine (Like New),Normal Stability (dt/dt < 0.2 C/min),"Grade A (Premium Reuse, >85% SoH)",Harvested & In Stock,55,120,65,5.09,Group_BIN_12,High-Drain & Traction Compatible
COMP_0247,B439,Nickel-Plated Copper Busbar Interconnect Link,Busbar_Cu,0.0,0.0,0.0,0.0,0.2,386,96.3,Pristine (Like New),Normal Stability (dt/dt < 0.2 C/min),"Grade A (Premium Reuse, >85% SoH)",Harvested & In Stock,50,140,90,4.55,N/A (Non-Cell),Standard Modular Hardware Compatible
COMP_0248,B282,Lithium-Ion Cylindrical Cell (18650 3.7V / 2.6Ah),Cell_18650,3.7,3.76,2.6,2.272,22.99,399,87.4,Pristine (Like New),Normal Stability (dt/dt < 0.2 C/min),"Grade A (Premium Reuse, >85% SoH)",Harvested & In Stock,55,120,65,4.86,Group_BIN_11,High-Drain & Traction Compatible
COMP_0249,B051,LiFePO4 Prismatic Cell (3.2V / 20Ah),Cell_LFP_20Ah,3.2,3.301,20.0,13.858,5.29,1206,69.3,Moderate Cycle Wear,Elevated Impedance (Manage C-Rate),"Grade C (Low-Stress Buffer, 55-70% SoH)",Harvested & In Stock,650,1400,750,45.53,Group_BIN_09,Low C-Rate IoT & Lantern Buffer Compatible
COMP_0250,B334,Lithium-Ion Cylindrical Cell (18650 3.7V / 2.6Ah),Cell_18650,3.7,3.797,2.6,2.226,23.0,937,85.6,Pristine (Like New),Normal Stability (dt/dt < 0.2 C/min),"Grade A (Premium Reuse, >85% SoH)",Harvested & In Stock,55,120,65,4.82,Group_BIN_11,High-Drain & Traction Compatible
COMP_0251,B277,NMC Pouch Cell (3.7V / 15Ah),Cell_NMC_15Ah,3.7,3.758,15.0,12.801,5.24,718,85.3,Pristine (Like New),Normal Stability (dt/dt < 0.2 C/min),"Grade A (Premium Reuse, >85% SoH)",Harvested & In Stock,500,1100,600,37.88,Group_BIN_11,High-Drain & Traction Compatible
COMP_0252,B429,Lithium-Ion Cylindrical Cell (18650 3.7V / 2.6Ah),Cell_18650,3.7,3.777,2.6,1.958,26.66,1130,75.3,Pristine (Like New),Normal Stability (dt/dt < 0.4 C/min),"Grade B (Standard Reuse, 70-85% SoH)",Harvested & In Stock,55,120,65,4.59,Group_BIN_10,Stationary ESS & Solar Microgrid Compatible
COMP_0253,B497,LiFePO4 Prismatic Cell (3.2V / 50Ah),Cell_LFP_50Ah,3.2,3.298,50.0,45.746,2.09,388,91.5,Pristine (Like New),Normal Stability (dt/dt < 0.2 C/min),"Grade A (Premium Reuse, >85% SoH)",Harvested & In Stock,1200,2400,1200,92.88,Group_BIN_11,High-Drain & Traction Compatible
COMP_0254,B048,Modular BMS Protection Board (3S 25A Compact),BMS_3S,11.1,11.1,0.0,0.0,29.2,894,82.2,Pristine (Like New),Normal Stability (dt/dt < 0.4 C/min),"Grade B (Standard Reuse, 70-85% SoH)",Harvested & In Stock,300,700,400,18.5,N/A (Non-Cell),Standard Modular Hardware Compatible
COMP_0255,B086,Lithium-Ion Cylindrical Cell (18650 3.7V / 2.6Ah),Cell_18650,3.7,3.791,2.6,1.775,28.86,1314,68.3,Slight Terminal Oxidation,Elevated Impedance (Manage C-Rate),"Grade C (Low-Stress Buffer, 55-70% SoH)",Harvested & In Stock,55,120,65,4.43,Group_BIN_09,Low C-Rate IoT & Lantern Buffer Compatible
COMP_0256,B249,LiFePO4 Prismatic Cell (3.2V / 20Ah),Cell_LFP_20Ah,3.2,3.315,20.0,14.676,5.22,1184,73.4,Minor Surface Scratches,Normal Stability (dt/dt < 0.4 C/min),"Grade B (Standard Reuse, 70-85% SoH)",Harvested & In Stock,650,1400,750,46.22,Group_BIN_09,Stationary ESS & Solar Microgrid Compatible
COMP_0257,B110,Heavy-Duty XT60 / XT90 Connector Harness,Connector_XT,0.0,0.0,0.0,0.0,0.5,367,97.1,Pristine (Like New),Normal Stability (dt/dt < 0.2 C/min),"Grade A (Premium Reuse, >85% SoH)",Harvested & In Stock,80,220,140,6.8,N/A (Non-Cell),Standard Modular Hardware Compatible
COMP_0258,B443,Power Tool High-Drain Cell (18650 3.6V / 2.0Ah),Cell_PowerTool,3.6,3.724,2.0,1.706,15.81,696,85.3,Pristine (Like New),Normal Stability (dt/dt < 0.2 C/min),"Grade A (Premium Reuse, >85% SoH)",Harvested & In Stock,90,180,90,5.5,Group_BIN_11,High-Drain & Traction Compatible
COMP_0259,B206,Lithium-Ion Cylindrical Cell (18650 3.7V / 2.6Ah),Cell_18650,3.7,3.749,2.6,1.872,28.55,1125,72.0,Pristine (Like New),Normal Stability (dt/dt < 0.4 C/min),"Grade B (Standard Reuse, 70-85% SoH)",Harvested & In Stock,55,120,65,4.52,Group_BIN_09,Stationary ESS & Solar Microgrid Compatible
COMP_0260,B085,Power Tool High-Drain Cell (18650 3.6V / 2.0Ah),Cell_PowerTool,3.6,3.693,2.0,1.833,14.0,370,91.7,Pristine (Like New),Normal Stability (dt/dt < 0.2 C/min),"Grade A (Premium Reuse, >85% SoH)",Harvested & In Stock,90,180,90,5.61,Group_BIN_11,High-Drain & Traction Compatible
COMP_0261,B195,NMC Pouch Cell (3.7V / 15Ah),Cell_NMC_15Ah,3.7,3.713,15.0,11.499,6.04,1138,76.7,Pristine (Like New),Normal Stability (dt/dt < 0.4 C/min),"Grade B (Standard Reuse, 70-85% SoH)",Harvested & In Stock,500,1100,600,36.77,Group_BIN_10,Stationary ESS & Solar Microgrid Compatible
COMP_0262,B200,Power Tool High-Drain Cell (18650 3.6V / 2.0Ah),Cell_PowerTool,3.6,3.668,2.0,1.797,14.61,543,89.8,Pristine (Like New),Normal Stability (dt/dt < 0.2 C/min),"Grade A (Premium Reuse, >85% SoH)",Harvested & In Stock,90,180,90,5.58,Group_BIN_11,High-Drain & Traction Compatible
COMP_0263,B136,Modular BMS Protection Board (10S 30A e-Bike),BMS_10S,36.0,36.0,0.0,0.0,17.9,983,90.5,Pristine (Like New),Normal Stability (dt/dt < 0.2 C/min),"Grade A (Premium Reuse, >85% SoH)",Harvested & In Stock,600,1300,700,32.0,N/A (Non-Cell),Standard Modular Hardware Compatible
COMP_0264,B475,Lithium-Ion Cylindrical Cell (18650 3.7V / 2.6Ah),Cell_18650,3.7,3.746,2.6,2.197,24.46,508,84.5,Minor Surface Scratches,Normal Stability (dt/dt < 0.4 C/min),"Grade B (Standard Reuse, 70-85% SoH)",Harvested & In Stock,55,120,65,4.79,Group_BIN_11,Stationary ESS & Solar Microgrid Compatible
COMP_0265,B147,LiFePO4 Prismatic Cell (3.2V / 50Ah),Cell_LFP_50Ah,3.2,3.256,50.0,47.829,1.82,156,95.7,Pristine (Like New),Normal Stability (dt/dt < 0.2 C/min),"Grade A (Premium Reuse, >85% SoH)",Harvested & In Stock,1200,2400,1200,94.65,Group_BIN_12,High-Drain & Traction Compatible
COMP_0266,B217,Lithium-Ion Cylindrical Cell (18650 3.7V / 2.6Ah),Cell_18650,3.7,3.87,2.6,1.782,27.57,1567,68.6,Enclosure Hairline Crack,Elevated Impedance (Manage C-Rate),"Grade C (Low-Stress Buffer, 55-70% SoH)",Harvested & In Stock,55,120,65,4.44,Group_BIN_09,Low C-Rate IoT & Lantern Buffer Compatible
COMP_0267,B491,LiFePO4 Prismatic Cell (3.2V / 50Ah),Cell_LFP_50Ah,3.2,3.279,50.0,41.635,2.3,914,83.3,Cosmetic Enclosure Blemish,Normal Stability (dt/dt < 0.4 C/min),"Grade B (Standard Reuse, 70-85% SoH)",Harvested & In Stock,1200,2400,1200,89.39,Group_BIN_10,Stationary ESS & Solar Microgrid Compatible
COMP_0268,B402,LiFePO4 Prismatic Cell (3.2V / 50Ah),Cell_LFP_50Ah,3.2,3.378,50.0,40.294,2.52,658,80.6,Cosmetic Enclosure Blemish,Normal Stability (dt/dt < 0.4 C/min),"Grade B (Standard Reuse, 70-85% SoH)",Harvested & In Stock,1200,2400,1200,88.25,Group_BIN_10,Stationary ESS & Solar Microgrid Compatible
COMP_0269,B339,Power Tool High-Drain Cell (18650 3.6V / 2.0Ah),Cell_PowerTool,3.6,3.696,2.0,1.785,14.17,566,89.3,Pristine (Like New),Normal Stability (dt/dt < 0.2 C/min),"Grade A (Premium Reuse, >85% SoH)",Harvested & In Stock,90,180,90,5.57,Group_BIN_11,High-Drain & Traction Compatible
COMP_0270,B368,Heavy-Duty XT60 / XT90 Connector Harness,Connector_XT,0.0,0.0,0.0,0.0,0.5,565,95.3,Pristine (Like New),Normal Stability (dt/dt < 0.2 C/min),"Grade A (Premium Reuse, >85% SoH)",Harvested & In Stock,80,220,140,6.8,N/A (Non-Cell),Standard Modular Hardware Compatible
COMP_0271,B250,LiFePO4 Prismatic Cell (3.2V / 20Ah),Cell_LFP_20Ah,3.2,3.255,20.0,17.491,4.46,436,87.5,Pristine (Like New),Normal Stability (dt/dt < 0.2 C/min),"Grade A (Premium Reuse, >85% SoH)",Harvested & In Stock,650,1400,750,48.62,Group_BIN_11,High-Drain & Traction Compatible
COMP_0272,B080,NMC Pouch Cell (3.7V / 15Ah),Cell_NMC_15Ah,3.7,3.818,15.0,11.432,5.79,867,76.2,Pristine (Like New),Normal Stability (dt/dt < 0.4 C/min),"Grade B (Standard Reuse, 70-85% SoH)",Harvested & In Stock,500,1100,600,36.72,Group_BIN_10,Stationary ESS & Solar Microgrid Compatible
COMP_0273,B152,LiFePO4 Prismatic Cell (3.2V / 20Ah),Cell_LFP_20Ah,3.2,3.302,20.0,17.665,4.07,509,88.3,Pristine (Like New),Normal Stability (dt/dt < 0.2 C/min),"Grade A (Premium Reuse, >85% SoH)",Harvested & In Stock,650,1400,750,48.77,Group_BIN_11,High-Drain & Traction Compatible
COMP_0274,B112,NMC Pouch Cell (3.7V / 15Ah),Cell_NMC_15Ah,3.7,3.798,15.0,14.385,4.18,230,95.9,Pristine (Like New),Normal Stability (dt/dt < 0.2 C/min),"Grade A (Premium Reuse, >85% SoH)",Harvested & In Stock,500,1100,600,39.23,Group_BIN_12,High-Drain & Traction Compatible
COMP_0275,B496,Nickel-Plated Copper Busbar Interconnect Link,Busbar_Cu,0.0,0.0,0.0,0.0,0.2,773,94.9,Pristine (Like New),Normal Stability (dt/dt < 0.2 C/min),"Grade A (Premium Reuse, >85% SoH)",Harvested & In Stock,50,140,90,4.55,N/A (Non-Cell),Standard Modular Hardware Compatible
COMP_0276,B030,NMC Pouch Cell (3.7V / 15Ah),Cell_NMC_15Ah,3.7,3.802,15.0,12.602,5.43,668,84.0,Cosmetic Enclosure Blemish,Normal Stability (dt/dt < 0.4 C/min),"Grade B (Standard Reuse, 70-85% SoH)",Harvested & In Stock,500,1100,600,37.71,Group_BIN_11,Stationary ESS & Solar Microgrid Compatible
COMP_0277,B377,Modular BMS Protection Board (10S 30A e-Bike),BMS_10S,36.0,36.0,0.0,0.0,21.0,613,94.3,Pristine (Like New),Normal Stability (dt/dt < 0.2 C/min),"Grade A (Premium Reuse, >85% SoH)",Harvested & In Stock,600,1300,700,32.0,N/A (Non-Cell),Standard Modular Hardware Compatible
COMP_0278,B278,LiFePO4 Prismatic Cell (3.2V / 20Ah),Cell_LFP_20Ah,3.2,3.251,20.0,15.201,4.89,921,76.0,Pristine (Like New),Normal Stability (dt/dt < 0.4 C/min),"Grade B (Standard Reuse, 70-85% SoH)",Harvested & In Stock,650,1400,750,46.67,Group_BIN_10,Stationary ESS & Solar Microgrid Compatible
COMP_0279,B383,Modular BMS Protection Board (10S 30A e-Bike),BMS_10S,36.0,36.0,0.0,0.0,18.3,974,95.7,Pristine (Like New),Normal Stability (dt/dt < 0.2 C/min),"Grade A (Premium Reuse, >85% SoH)",Harvested & In Stock,600,1300,700,32.0,N/A (Non-Cell),Standard Modular Hardware Compatible
COMP_0280,B161,Lithium-Ion Cylindrical Cell (18650 3.7V / 2.6Ah),Cell_18650,3.7,3.792,2.6,1.945,25.1,1438,74.8,Pristine (Like New),Normal Stability (dt/dt < 0.4 C/min),"Grade B (Standard Reuse, 70-85% SoH)",Harvested & In Stock,55,120,65,4.58,Group_BIN_09,Stationary ESS & Solar Microgrid Compatible
COMP_0281,B026,Modular BMS Protection Board (4S 40A Balancer),BMS_4S,14.8,14.8,0.0,0.0,17.4,785,93.1,Pristine (Like New),Normal Stability (dt/dt < 0.2 C/min),"Grade A (Premium Reuse, >85% SoH)",Harvested & In Stock,450,950,500,23.0,N/A (Non-Cell),Standard Modular Hardware Compatible
COMP_0282,B300,NMC Pouch Cell (3.7V / 15Ah),Cell_NMC_15Ah,3.7,3.776,15.0,11.367,5.74,1025,75.8,Minor Surface Scratches,Normal Stability (dt/dt < 0.4 C/min),"Grade B (Standard Reuse, 70-85% SoH)",Harvested & In Stock,500,1100,600,36.66,Group_BIN_10,Stationary ESS & Solar Microgrid Compatible
COMP_0283,B258,Modular Extruded Aluminum Enclosure & Frame,Casing_Alu,0.0,0.0,0.0,0.0,0.0,786,96.3,Pristine (Like New),Normal Stability (dt/dt < 0.2 C/min),"Grade A (Premium Reuse, >85% SoH)",Harvested & In Stock,350,900,550,25.25,N/A (Non-Cell),Standard Modular Hardware Compatible
COMP_0284,B471,LiFePO4 Prismatic Cell (3.2V / 20Ah),Cell_LFP_20Ah,3.2,3.303,20.0,14.693,5.07,1435,73.5,Cosmetic Enclosure Blemish,Normal Stability (dt/dt < 0.4 C/min),"Grade B (Standard Reuse, 70-85% SoH)",Harvested & In Stock,650,1400,750,46.24,Group_BIN_09,Stationary ESS & Solar Microgrid Compatible
COMP_0285,B081,Lithium-Ion Cylindrical Cell (18650 3.7V / 2.6Ah),Cell_18650,3.7,3.757,2.6,2.138,23.11,657,82.2,Pristine (Like New),Normal Stability (dt/dt < 0.4 C/min),"Grade B (Standard Reuse, 70-85% SoH)",Harvested & In Stock,55,120,65,4.74,Group_BIN_10,Stationary ESS & Solar Microgrid Compatible
COMP_0286,B492,NMC Pouch Cell (3.7V / 15Ah),Cell_NMC_15Ah,3.7,3.793,15.0,11.442,5.67,1110,76.3,Cosmetic Enclosure Blemish,Normal Stability (dt/dt < 0.4 C/min),"Grade B (Standard Reuse, 70-85% SoH)",Harvested & In Stock,500,1100,600,36.73,Group_BIN_10,Stationary ESS & Solar Microgrid Compatible
COMP_0287,B042,NMC Pouch Cell (3.7V / 15Ah),Cell_NMC_15Ah,3.7,3.808,15.0,13.357,4.77,338,89.0,Pristine (Like New),Normal Stability (dt/dt < 0.2 C/min),"Grade A (Premium Reuse, >85% SoH)",Harvested & In Stock,500,1100,600,38.35,Group_BIN_11,High-Drain & Traction Compatible
COMP_0288,B436,Modular BMS Protection Board (4S 40A Balancer),BMS_4S,14.8,14.8,0.0,0.0,14.9,697,90.3,Pristine (Like New),Normal Stability (dt/dt < 0.2 C/min),"Grade A (Premium Reuse, >85% SoH)",Harvested & In Stock,450,950,500,23.0,N/A (Non-Cell),Standard Modular Hardware Compatible
COMP_0289,B096,NMC Pouch Cell (3.7V / 15Ah),Cell_NMC_15Ah,3.7,3.783,15.0,14.442,4.29,255,96.3,Pristine (Like New),Normal Stability (dt/dt < 0.2 C/min),"Grade A (Premium Reuse, >85% SoH)",Harvested & In Stock,500,1100,600,39.28,Group_BIN_12,High-Drain & Traction Compatible
COMP_0290,B036,LiFePO4 Prismatic Cell (3.2V / 20Ah),Cell_LFP_20Ah,3.2,3.304,20.0,16.06,4.93,1064,80.3,Cosmetic Enclosure Blemish,Normal Stability (dt/dt < 0.4 C/min),"Grade B (Standard Reuse, 70-85% SoH)",Harvested & In Stock,650,1400,750,47.4,Group_BIN_10,Stationary ESS & Solar Microgrid Compatible
COMP_0291,B035,Heavy-Duty XT60 / XT90 Connector Harness,Connector_XT,0.0,0.0,0.0,0.0,0.5,588,91.8,Pristine (Like New),Normal Stability (dt/dt < 0.2 C/min),"Grade A (Premium Reuse, >85% SoH)",Harvested & In Stock,80,220,140,6.8,N/A (Non-Cell),Standard Modular Hardware Compatible
COMP_0292,B346,Lithium-Ion Cylindrical Cell (18650 3.7V / 2.6Ah),Cell_18650,3.7,3.796,2.6,1.822,29.78,1379,70.1,Pristine (Like New),Normal Stability (dt/dt < 0.4 C/min),"Grade B (Standard Reuse, 70-85% SoH)",Harvested & In Stock,55,120,65,4.47,Group_BIN_09,Stationary ESS & Solar Microgrid Compatible
COMP_0293,B207,Lithium-Ion Cylindrical Cell (18650 3.7V / 2.6Ah),Cell_18650,3.7,3.803,2.6,2.105,24.62,914,81.0,Pristine (Like New),Normal Stability (dt/dt < 0.4 C/min),"Grade B (Standard Reuse, 70-85% SoH)",Harvested & In Stock,55,120,65,4.71,Group_BIN_10,Stationary ESS & Solar Microgrid Compatible
COMP_0294,B483,Modular BMS Protection Board (4S 40A Balancer),BMS_4S,14.8,14.8,0.0,0.0,11.3,488,90.1,Pristine (Like New),Normal Stability (dt/dt < 0.2 C/min),"Grade A (Premium Reuse, >85% SoH)",Harvested & In Stock,450,950,500,23.0,N/A (Non-Cell),Standard Modular Hardware Compatible
COMP_0295,B456,LiFePO4 Prismatic Cell (3.2V / 50Ah),Cell_LFP_50Ah,3.2,3.313,50.0,37.361,2.52,1443,74.7,Cosmetic Enclosure Blemish,Normal Stability (dt/dt < 0.4 C/min),"Grade B (Standard Reuse, 70-85% SoH)",Harvested & In Stock,1200,2400,1200,85.76,Group_BIN_09,Stationary ESS & Solar Microgrid Compatible
COMP_0296,B127,LiFePO4 Prismatic Cell (3.2V / 20Ah),Cell_LFP_20Ah,3.2,3.317,20.0,16.159,4.69,884,80.8,Cosmetic Enclosure Blemish,Normal Stability (dt/dt < 0.4 C/min),"Grade B (Standard Reuse, 70-85% SoH)",Harvested & In Stock,650,1400,750,47.49,Group_BIN_10,Stationary ESS & Solar Microgrid Compatible
COMP_0297,B305,Modular BMS Protection Board (3S 25A Compact),BMS_3S,11.1,11.1,0.0,0.0,26.2,1133,90.6,Pristine (Like New),Normal Stability (dt/dt < 0.2 C/min),"Grade A (Premium Reuse, >85% SoH)",Harvested & In Stock,300,700,400,18.5,N/A (Non-Cell),Standard Modular Hardware Compatible
COMP_0298,B021,LiFePO4 Prismatic Cell (3.2V / 50Ah),Cell_LFP_50Ah,3.2,3.244,50.0,39.505,2.53,851,79.0,Cosmetic Enclosure Blemish,Normal Stability (dt/dt < 0.4 C/min),"Grade B (Standard Reuse, 70-85% SoH)",Harvested & In Stock,1200,2400,1200,87.58,Group_BIN_10,Stationary ESS & Solar Microgrid Compatible
COMP_0299,B042,LiFePO4 Prismatic Cell (3.2V / 50Ah),Cell_LFP_50Ah,3.2,3.288,50.0,47.055,1.97,291,94.1,Pristine (Like New),Normal Stability (dt/dt < 0.2 C/min),"Grade A (Premium Reuse, >85% SoH)",Harvested & In Stock,1200,2400,1200,94.0,Group_BIN_12,High-Drain & Traction Compatible
COMP_0300,B215,Modular BMS Protection Board (3S 25A Compact),BMS_3S,11.1,11.1,0.0,0.0,27.8,411,97.2,Pristine (Like New),Normal Stability (dt/dt < 0.2 C/min),"Grade A (Premium Reuse, >85% SoH)",Harvested & In Stock,300,700,400,18.5,N/A (Non-Cell),Standard Modular Hardware Compatible
COMP_0301,B337,Lithium-Ion Cylindrical Cell (18650 3.7V / 2.6Ah),Cell_18650,3.7,3.765,2.6,1.825,27.71,1010,70.2,Cosmetic Enclosure Blemish,Normal Stability (dt/dt < 0.4 C/min),"Grade B (Standard Reuse, 70-85% SoH)",Harvested & In Stock,55,120,65,4.48,Group_BIN_09,Stationary ESS & Solar Microgrid Compatible
COMP_0302,B290,Lithium-Ion Cylindrical Cell (18650 3.7V / 2.6Ah),Cell_18650,3.7,3.777,2.6,2.09,24.83,899,80.4,Cosmetic Enclosure Blemish,Normal Stability (dt/dt < 0.4 C/min),"Grade B (Standard Reuse, 70-85% SoH)",Harvested & In Stock,55,120,65,4.7,Group_BIN_10,Stationary ESS & Solar Microgrid Compatible
COMP_0303,B162,LiFePO4 Prismatic Cell (3.2V / 50Ah),Cell_LFP_50Ah,3.2,3.291,50.0,37.209,2.66,769,74.4,Minor Surface Scratches,Normal Stability (dt/dt < 0.4 C/min),"Grade B (Standard Reuse, 70-85% SoH)",Harvested & In Stock,1200,2400,1200,85.63,Group_BIN_09,Stationary ESS & Solar Microgrid Compatible
COMP_0304,B105,Lithium-Ion Cylindrical Cell (18650 3.7V / 2.6Ah),Cell_18650,3.7,3.771,2.6,2.356,22.14,636,90.6,Pristine (Like New),Normal Stability (dt/dt < 0.2 C/min),"Grade A (Premium Reuse, >85% SoH)",Harvested & In Stock,55,120,65,4.93,Group_BIN_11,High-Drain & Traction Compatible
COMP_0305,B343,Lithium-Ion Cylindrical Cell (18650 3.7V / 2.6Ah),Cell_18650,3.7,3.765,2.6,2.029,24.74,921,78.0,Cosmetic Enclosure Blemish,Normal Stability (dt/dt < 0.4 C/min),"Grade B (Standard Reuse, 70-85% SoH)",Harvested & In Stock,55,120,65,4.65,Group_BIN_10,Stationary ESS & Solar Microgrid Compatible
COMP_0306,B161,Lithium-Ion Cylindrical Cell (18650 3.7V / 2.6Ah),Cell_18650,3.7,3.786,2.6,1.743,28.84,1446,67.0,Moderate Cycle Wear,Elevated Impedance (Manage C-Rate),"Grade C (Low-Stress Buffer, 55-70% SoH)",Harvested & In Stock,55,120,65,4.41,Group_BIN_09,Low C-Rate IoT & Lantern Buffer Compatible
COMP_0307,B136,Modular BMS Protection Board (10S 30A e-Bike),BMS_10S,36.0,36.0,0.0,0.0,21.8,901,86.2,Pristine (Like New),Normal Stability (dt/dt < 0.2 C/min),"Grade A (Premium Reuse, >85% SoH)",Harvested & In Stock,600,1300,700,32.0,N/A (Non-Cell),Standard Modular Hardware Compatible
COMP_0308,B203,Power Tool High-Drain Cell (18650 3.6V / 2.0Ah),Cell_PowerTool,3.6,3.671,2.0,1.97,11.5,195,98.5,Pristine (Like New),Normal Stability (dt/dt < 0.2 C/min),"Grade A (Premium Reuse, >85% SoH)",Harvested & In Stock,90,180,90,5.72,Group_BIN_12,High-Drain & Traction Compatible
COMP_0309,B068,LiFePO4 Prismatic Cell (3.2V / 50Ah),Cell_LFP_50Ah,3.2,3.31,50.0,39.944,2.53,871,79.9,Cosmetic Enclosure Blemish,Normal Stability (dt/dt < 0.4 C/min),"Grade B (Standard Reuse, 70-85% SoH)",Harvested & In Stock,1200,2400,1200,87.95,Group_BIN_10,Stationary ESS & Solar Microgrid Compatible
COMP_0310,B331,Lithium-Ion Cylindrical Cell (18650 3.7V / 2.6Ah),Cell_18650,3.7,3.796,2.6,1.957,25.52,771,75.3,Minor Surface Scratches,Normal Stability (dt/dt < 0.4 C/min),"Grade B (Standard Reuse, 70-85% SoH)",Harvested & In Stock,55,120,65,4.59,Group_BIN_10,Stationary ESS & Solar Microgrid Compatible
COMP_0311,B235,NMC Pouch Cell (3.7V / 15Ah),Cell_NMC_15Ah,3.7,3.862,15.0,11.775,5.41,973,78.5,Minor Surface Scratches,Normal Stability (dt/dt < 0.4 C/min),"Grade B (Standard Reuse, 70-85% SoH)",Harvested & In Stock,500,1100,600,37.01,Group_BIN_10,Stationary ESS & Solar Microgrid Compatible
COMP_0312,B476,Modular BMS Protection Board (3S 25A Compact),BMS_3S,11.1,11.1,0.0,0.0,24.1,1502,83.2,Pristine (Like New),Normal Stability (dt/dt < 0.4 C/min),"Grade B (Standard Reuse, 70-85% SoH)",Harvested & In Stock,300,700,400,18.5,N/A (Non-Cell),Standard Modular Hardware Compatible
COMP_0313,B005,Modular BMS Protection Board (4S 40A Balancer),BMS_4S,14.8,14.8,0.0,0.0,14.1,1205,81.5,Minor Surface Scratches,Normal Stability (dt/dt < 0.4 C/min),"Grade B (Standard Reuse, 70-85% SoH)",Harvested & In Stock,450,950,500,23.0,N/A (Non-Cell),Standard Modular Hardware Compatible
COMP_0314,B319,LiFePO4 Prismatic Cell (3.2V / 50Ah),Cell_LFP_50Ah,3.2,3.322,50.0,38.059,2.51,1057,76.1,Cosmetic Enclosure Blemish,Normal Stability (dt/dt < 0.4 C/min),"Grade B (Standard Reuse, 70-85% SoH)",Harvested & In Stock,1200,2400,1200,86.35,Group_BIN_10,Stationary ESS & Solar Microgrid Compatible
COMP_0315,B052,Power Tool High-Drain Cell (18650 3.6V / 2.0Ah),Cell_PowerTool,3.6,3.717,2.0,1.837,13.71,315,91.8,Pristine (Like New),Normal Stability (dt/dt < 0.2 C/min),"Grade A (Premium Reuse, >85% SoH)",Harvested & In Stock,90,180,90,5.61,Group_BIN_12,High-Drain & Traction Compatible
COMP_0316,B038,Power Tool High-Drain Cell (18650 3.6V / 2.0Ah),Cell_PowerTool,3.6,3.742,2.0,1.656,16.5,823,82.8,Cosmetic Enclosure Blemish,Normal Stability (dt/dt < 0.4 C/min),"Grade B (Standard Reuse, 70-85% SoH)",Harvested & In Stock,90,180,90,5.46,Group_BIN_10,Stationary ESS & Solar Microgrid Compatible
COMP_0317,B110,Lithium-Ion Cylindrical Cell (18650 3.7V / 2.6Ah),Cell_18650,3.7,3.849,2.6,2.453,19.91,266,94.3,Pristine (Like New),Normal Stability (dt/dt < 0.2 C/min),"Grade A (Premium Reuse, >85% SoH)",Harvested & In Stock,55,120,65,5.01,Group_BIN_12,High-Drain & Traction Compatible
COMP_0318,B260,Power Tool High-Drain Cell (18650 3.6V / 2.0Ah),Cell_PowerTool,3.6,3.641,2.0,1.622,15.28,885,81.1,Minor Surface Scratches,Normal Stability (dt/dt < 0.4 C/min),"Grade B (Standard Reuse, 70-85% SoH)",Harvested & In Stock,90,180,90,5.43,Group_BIN_10,Stationary ESS & Solar Microgrid Compatible
COMP_0319,B068,LiFePO4 Prismatic Cell (3.2V / 50Ah),Cell_LFP_50Ah,3.2,3.263,50.0,42.508,2.24,839,85.0,Minor Surface Scratches,Normal Stability (dt/dt < 0.4 C/min),"Grade B (Standard Reuse, 70-85% SoH)",Harvested & In Stock,1200,2400,1200,90.13,Group_BIN_11,Stationary ESS & Solar Microgrid Compatible
COMP_0320,B452,Lithium-Ion Cylindrical Cell (18650 3.7V / 2.6Ah),Cell_18650,3.7,3.75,2.6,2.002,26.34,1143,77.0,Pristine (Like New),Normal Stability (dt/dt < 0.4 C/min),"Grade B (Standard Reuse, 70-85% SoH)",Harvested & In Stock,55,120,65,4.63,Group_BIN_10,Stationary ESS & Solar Microgrid Compatible
COMP_0321,B451,Power Tool High-Drain Cell (18650 3.6V / 2.0Ah),Cell_PowerTool,3.6,3.643,2.0,1.534,17.2,990,76.7,Pristine (Like New),Normal Stability (dt/dt < 0.4 C/min),"Grade B (Standard Reuse, 70-85% SoH)",Harvested & In Stock,90,180,90,5.35,Group_BIN_10,Stationary ESS & Solar Microgrid Compatible
COMP_0322,B190,Modular BMS Protection Board (16S 100A Smart CAN),BMS_16S,48.0,48.0,0.0,0.0,6.7,417,99.0,Pristine (Like New),Normal Stability (dt/dt < 0.2 C/min),"Grade A (Premium Reuse, >85% SoH)",Harvested & In Stock,1800,3800,2000,90.5,N/A (Non-Cell),Standard Modular Hardware Compatible
COMP_0323,B146,Modular Extruded Aluminum Enclosure & Frame,Casing_Alu,0.0,0.0,0.0,0.0,0.0,1158,97.6,Pristine (Like New),Normal Stability (dt/dt < 0.2 C/min),"Grade A (Premium Reuse, >85% SoH)",Harvested & In Stock,350,900,550,25.25,N/A (Non-Cell),Standard Modular Hardware Compatible
COMP_0324,B081,Modular BMS Protection Board (4S 40A Balancer),BMS_4S,14.8,14.8,0.0,0.0,17.1,667,94.3,Pristine (Like New),Normal Stability (dt/dt < 0.2 C/min),"Grade A (Premium Reuse, >85% SoH)",Harvested & In Stock,450,950,500,23.0,N/A (Non-Cell),Standard Modular Hardware Compatible
COMP_0325,B225,Lithium-Ion Cylindrical Cell (18650 3.7V / 2.6Ah),Cell_18650,3.7,3.729,2.6,2.372,20.31,370,91.2,Pristine (Like New),Normal Stability (dt/dt < 0.2 C/min),"Grade A (Premium Reuse, >85% SoH)",Harvested & In Stock,55,120,65,4.94,Group_BIN_11,High-Drain & Traction Compatible
COMP_0326,B427,LiFePO4 Prismatic Cell (3.2V / 20Ah),Cell_LFP_20Ah,3.2,3.269,20.0,16.064,4.7,744,80.3,Cosmetic Enclosure Blemish,Normal Stability (dt/dt < 0.4 C/min),"Grade B (Standard Reuse, 70-85% SoH)",Harvested & In Stock,650,1400,750,47.4,Group_BIN_10,Stationary ESS & Solar Microgrid Compatible
COMP_0327,B361,NTC Thermistor Temperature Sensor Probe (10k),Sensor_NTC,0.0,0.0,0.0,0.0,0.0,528,99.1,Pristine (Like New),Normal Stability (dt/dt < 0.2 C/min),"Grade A (Premium Reuse, >85% SoH)",Harvested & In Stock,40,150,110,5.45,N/A (Non-Cell),Standard Modular Hardware Compatible
COMP_0328,B155,Modular BMS Protection Board (10S 30A e-Bike),BMS_10S,36.0,36.0,0.0,0.0,19.5,423,95.5,Pristine (Like New),Normal Stability (dt/dt < 0.2 C/min),"Grade A (Premium Reuse, >85% SoH)",Harvested & In Stock,600,1300,700,32.0,N/A (Non-Cell),Standard Modular Hardware Compatible
COMP_0329,B314,Modular BMS Protection Board (3S 25A Compact),BMS_3S,11.1,11.1,0.0,0.0,26.5,455,97.0,Pristine (Like New),Normal Stability (dt/dt < 0.2 C/min),"Grade A (Premium Reuse, >85% SoH)",Harvested & In Stock,300,700,400,18.5,N/A (Non-Cell),Standard Modular Hardware Compatible
COMP_0330,B414,Power Tool High-Drain Cell (18650 3.6V / 2.0Ah),Cell_PowerTool,3.6,3.654,2.0,1.633,16.21,658,81.6,Cosmetic Enclosure Blemish,Normal Stability (dt/dt < 0.4 C/min),"Grade B (Standard Reuse, 70-85% SoH)",Harvested & In Stock,90,180,90,5.44,Group_BIN_10,Stationary ESS & Solar Microgrid Compatible
COMP_0331,B271,Modular BMS Protection Board (10S 30A e-Bike),BMS_10S,36.0,36.0,0.0,0.0,21.0,837,86.8,Pristine (Like New),Normal Stability (dt/dt < 0.2 C/min),"Grade A (Premium Reuse, >85% SoH)",Harvested & In Stock,600,1300,700,32.0,N/A (Non-Cell),Standard Modular Hardware Compatible
COMP_0332,B005,NMC Pouch Cell (3.7V / 15Ah),Cell_NMC_15Ah,3.7,3.803,15.0,10.812,6.86,1302,72.1,Cosmetic Enclosure Blemish,Normal Stability (dt/dt < 0.4 C/min),"Grade B (Standard Reuse, 70-85% SoH)",Harvested & In Stock,500,1100,600,36.19,Group_BIN_09,Stationary ESS & Solar Microgrid Compatible
COMP_0333,B419,Power Tool High-Drain Cell (18650 3.6V / 2.0Ah),Cell_PowerTool,3.6,3.655,2.0,1.743,15.32,629,87.1,Pristine (Like New),Normal Stability (dt/dt < 0.2 C/min),"Grade A (Premium Reuse, >85% SoH)",Harvested & In Stock,90,180,90,5.53,Group_BIN_11,High-Drain & Traction Compatible
COMP_0334,B284,LiFePO4 Prismatic Cell (3.2V / 20Ah),Cell_LFP_20Ah,3.2,3.257,20.0,14.806,4.99,1152,74.0,Minor Surface Scratches,Normal Stability (dt/dt < 0.4 C/min),"Grade B (Standard Reuse, 70-85% SoH)",Harvested & In Stock,650,1400,750,46.34,Group_BIN_09,Stationary ESS & Solar Microgrid Compatible
COMP_0335,B478,NMC Pouch Cell (3.7V / 15Ah),Cell_NMC_15Ah,3.7,3.759,15.0,13.288,5.37,617,88.6,Pristine (Like New),Normal Stability (dt/dt < 0.2 C/min),"Grade A (Premium Reuse, >85% SoH)",Harvested & In Stock,500,1100,600,38.29,Group_BIN_11,High-Drain & Traction Compatible
COMP_0336,B340,Modular BMS Protection Board (16S 100A Smart CAN),BMS_16S,48.0,48.0,0.0,0.0,8.0,1342,86.9,Pristine (Like New),Normal Stability (dt/dt < 0.2 C/min),"Grade A (Premium Reuse, >85% SoH)",Harvested & In Stock,1800,3800,2000,90.5,N/A (Non-Cell),Standard Modular Hardware Compatible
COMP_0337,B054,Modular BMS Protection Board (16S 100A Smart CAN),BMS_16S,48.0,48.0,0.0,0.0,7.1,193,93.1,Pristine (Like New),Normal Stability (dt/dt < 0.2 C/min),"Grade A (Premium Reuse, >85% SoH)",Harvested & In Stock,1800,3800,2000,90.5,N/A (Non-Cell),Standard Modular Hardware Compatible
COMP_0338,B481,Modular BMS Protection Board (3S 25A Compact),BMS_3S,11.1,11.1,0.0,0.0,24.2,334,99.0,Pristine (Like New),Normal Stability (dt/dt < 0.2 C/min),"Grade A (Premium Reuse, >85% SoH)",Harvested & In Stock,300,700,400,18.5,N/A (Non-Cell),Standard Modular Hardware Compatible
COMP_0339,B450,NTC Thermistor Temperature Sensor Probe (10k),Sensor_NTC,0.0,0.0,0.0,0.0,0.0,314,99.5,Pristine (Like New),Normal Stability (dt/dt < 0.2 C/min),"Grade A (Premium Reuse, >85% SoH)",Harvested & In Stock,40,150,110,5.45,N/A (Non-Cell),Standard Modular Hardware Compatible
COMP_0340,B069,LiFePO4 Prismatic Cell (3.2V / 20Ah),Cell_LFP_20Ah,3.2,3.382,20.0,16.912,4.38,874,84.6,Minor Surface Scratches,Normal Stability (dt/dt < 0.4 C/min),"Grade B (Standard Reuse, 70-85% SoH)",Harvested & In Stock,650,1400,750,48.13,Group_BIN_11,Stationary ESS & Solar Microgrid Compatible
COMP_0341,B060,Power Tool High-Drain Cell (18650 3.6V / 2.0Ah),Cell_PowerTool,3.6,3.755,2.0,1.668,16.7,660,83.4,Pristine (Like New),Normal Stability (dt/dt < 0.4 C/min),"Grade B (Standard Reuse, 70-85% SoH)",Harvested & In Stock,90,180,90,5.47,Group_BIN_11,Stationary ESS & Solar Microgrid Compatible
COMP_0342,B381,Power Tool High-Drain Cell (18650 3.6V / 2.0Ah),Cell_PowerTool,3.6,3.658,2.0,1.655,16.19,864,82.8,Cosmetic Enclosure Blemish,Normal Stability (dt/dt < 0.4 C/min),"Grade B (Standard Reuse, 70-85% SoH)",Harvested & In Stock,90,180,90,5.46,Group_BIN_10,Stationary ESS & Solar Microgrid Compatible
COMP_0343,B080,LiFePO4 Prismatic Cell (3.2V / 20Ah),Cell_LFP_20Ah,3.2,3.307,20.0,15.747,5.01,878,78.7,Minor Surface Scratches,Normal Stability (dt/dt < 0.4 C/min),"Grade B (Standard Reuse, 70-85% SoH)",Harvested & In Stock,650,1400,750,47.13,Group_BIN_10,Stationary ESS & Solar Microgrid Compatible
COMP_0344,B145,NMC Pouch Cell (3.7V / 15Ah),Cell_NMC_15Ah,3.7,3.705,15.0,11.253,5.94,1109,75.0,Cosmetic Enclosure Blemish,Normal Stability (dt/dt < 0.4 C/min),"Grade B (Standard Reuse, 70-85% SoH)",Harvested & In Stock,500,1100,600,36.57,Group_BIN_10,Stationary ESS & Solar Microgrid Compatible
COMP_0345,B108,Lithium-Ion Cylindrical Cell (18650 3.7V / 2.6Ah),Cell_18650,3.7,3.803,2.6,1.827,27.81,1166,70.3,Cosmetic Enclosure Blemish,Normal Stability (dt/dt < 0.4 C/min),"Grade B (Standard Reuse, 70-85% SoH)",Harvested & In Stock,55,120,65,4.48,Group_BIN_09,Stationary ESS & Solar Microgrid Compatible
COMP_0346,B176,LiFePO4 Prismatic Cell (3.2V / 20Ah),Cell_LFP_20Ah,3.2,3.242,20.0,18.114,4.05,508,90.6,Pristine (Like New),Normal Stability (dt/dt < 0.2 C/min),"Grade A (Premium Reuse, >85% SoH)",Harvested & In Stock,650,1400,750,49.15,Group_BIN_11,High-Drain & Traction Compatible
COMP_0347,B105,Modular BMS Protection Board (10S 30A e-Bike),BMS_10S,36.0,36.0,0.0,0.0,17.5,755,86.1,Pristine (Like New),Normal Stability (dt/dt < 0.2 C/min),"Grade A (Premium Reuse, >85% SoH)",Harvested & In Stock,600,1300,700,32.0,N/A (Non-Cell),Standard Modular Hardware Compatible
COMP_0348,B352,LiFePO4 Prismatic Cell (3.2V / 50Ah),Cell_LFP_50Ah,3.2,3.293,50.0,35.504,2.58,1337,71.0,Cosmetic Enclosure Blemish,Normal Stability (dt/dt < 0.4 C/min),"Grade B (Standard Reuse, 70-85% SoH)",Harvested & In Stock,1200,2400,1200,84.18,Group_BIN_09,Stationary ESS & Solar Microgrid Compatible
COMP_0349,B437,Lithium-Ion Cylindrical Cell (18650 3.7V / 2.6Ah),Cell_18650,3.7,3.765,2.6,2.13,23.68,962,81.9,Minor Surface Scratches,Normal Stability (dt/dt < 0.4 C/min),"Grade B (Standard Reuse, 70-85% SoH)",Harvested & In Stock,55,120,65,4.74,Group_BIN_10,Stationary ESS & Solar Microgrid Compatible
COMP_0350,B259,Modular BMS Protection Board (10S 30A e-Bike),BMS_10S,36.0,36.0,0.0,0.0,14.3,1193,84.9,Minor Surface Scratches,Normal Stability (dt/dt < 0.4 C/min),"Grade B (Standard Reuse, 70-85% SoH)",Harvested & In Stock,600,1300,700,32.0,N/A (Non-Cell),Standard Modular Hardware Compatible
COMP_0351,B129,Lithium-Ion Cylindrical Cell (18650 3.7V / 2.6Ah),Cell_18650,3.7,3.774,2.6,2.029,22.53,946,78.1,Pristine (Like New),Normal Stability (dt/dt < 0.4 C/min),"Grade B (Standard Reuse, 70-85% SoH)",Harvested & In Stock,55,120,65,4.65,Group_BIN_10,Stationary ESS & Solar Microgrid Compatible
COMP_0352,B048,Modular BMS Protection Board (4S 40A Balancer),BMS_4S,14.8,14.8,0.0,0.0,13.0,798,93.0,Pristine (Like New),Normal Stability (dt/dt < 0.2 C/min),"Grade A (Premium Reuse, >85% SoH)",Harvested & In Stock,450,950,500,23.0,N/A (Non-Cell),Standard Modular Hardware Compatible
COMP_0353,B325,Modular BMS Protection Board (4S 40A Balancer),BMS_4S,14.8,14.8,0.0,0.0,15.2,1024,90.9,Pristine (Like New),Normal Stability (dt/dt < 0.2 C/min),"Grade A (Premium Reuse, >85% SoH)",Harvested & In Stock,450,950,500,23.0,N/A (Non-Cell),Standard Modular Hardware Compatible
COMP_0354,B217,Lithium-Ion Cylindrical Cell (18650 3.7V / 2.6Ah),Cell_18650,3.7,3.747,2.6,1.748,27.83,1462,67.2,Slight Terminal Oxidation,Elevated Impedance (Manage C-Rate),"Grade C (Low-Stress Buffer, 55-70% SoH)",Harvested & In Stock,55,120,65,4.41,Group_BIN_09,Low C-Rate IoT & Lantern Buffer Compatible
COMP_0355,B023,NTC Thermistor Temperature Sensor Probe (10k),Sensor_NTC,0.0,0.0,0.0,0.0,0.0,581,93.3,Pristine (Like New),Normal Stability (dt/dt < 0.2 C/min),"Grade A (Premium Reuse, >85% SoH)",Harvested & In Stock,40,150,110,5.45,N/A (Non-Cell),Standard Modular Hardware Compatible
COMP_0356,B002,Modular BMS Protection Board (4S 40A Balancer),BMS_4S,14.8,14.8,0.0,0.0,15.0,1513,85.1,Pristine (Like New),Normal Stability (dt/dt < 0.2 C/min),"Grade A (Premium Reuse, >85% SoH)",Harvested & In Stock,450,950,500,23.0,N/A (Non-Cell),Standard Modular Hardware Compatible
COMP_0357,B171,Lithium-Ion Cylindrical Cell (18650 3.7V / 2.6Ah),Cell_18650,3.7,3.709,2.6,2.365,19.91,424,91.0,Pristine (Like New),Normal Stability (dt/dt < 0.2 C/min),"Grade A (Premium Reuse, >85% SoH)",Harvested & In Stock,55,120,65,4.94,Group_BIN_11,High-Drain & Traction Compatible
COMP_0358,B395,NTC Thermistor Temperature Sensor Probe (10k),Sensor_NTC,0.0,0.0,0.0,0.0,0.0,1251,92.9,Pristine (Like New),Normal Stability (dt/dt < 0.2 C/min),"Grade A (Premium Reuse, >85% SoH)",Harvested & In Stock,40,150,110,5.45,N/A (Non-Cell),Standard Modular Hardware Compatible
COMP_0359,B067,Heavy-Duty XT60 / XT90 Connector Harness,Connector_XT,0.0,0.0,0.0,0.0,0.5,622,95.6,Pristine (Like New),Normal Stability (dt/dt < 0.2 C/min),"Grade A (Premium Reuse, >85% SoH)",Harvested & In Stock,80,220,140,6.8,N/A (Non-Cell),Standard Modular Hardware Compatible
COMP_0360,B327,Lithium-Ion Cylindrical Cell (18650 3.7V / 2.6Ah),Cell_18650,3.7,3.792,2.6,2.298,20.63,636,88.4,Pristine (Like New),Normal Stability (dt/dt < 0.2 C/min),"Grade A (Premium Reuse, >85% SoH)",Harvested & In Stock,55,120,65,4.88,Group_BIN_11,High-Drain & Traction Compatible
COMP_0361,B135,LiFePO4 Prismatic Cell (3.2V / 20Ah),Cell_LFP_20Ah,3.2,3.248,20.0,18.24,4.12,411,91.2,Pristine (Like New),Normal Stability (dt/dt < 0.2 C/min),"Grade A (Premium Reuse, >85% SoH)",Harvested & In Stock,650,1400,750,49.25,Group_BIN_11,High-Drain & Traction Compatible
COMP_0362,B083,Lithium-Ion Cylindrical Cell (18650 3.7V / 2.6Ah),Cell_18650,3.7,3.788,2.6,2.326,20.69,379,89.5,Pristine (Like New),Normal Stability (dt/dt < 0.2 C/min),"Grade A (Premium Reuse, >85% SoH)",Harvested & In Stock,55,120,65,4.9,Group_BIN_11,High-Drain & Traction Compatible
COMP_0363,B380,NMC Pouch Cell (3.7V / 15Ah),Cell_NMC_15Ah,3.7,3.795,15.0,12.55,5.47,702,83.7,Minor Surface Scratches,Normal Stability (dt/dt < 0.4 C/min),"Grade B (Standard Reuse, 70-85% SoH)",Harvested & In Stock,500,1100,600,37.67,Group_BIN_11,Stationary ESS & Solar Microgrid Compatible
COMP_0364,B283,Lithium-Ion Cylindrical Cell (18650 3.7V / 2.6Ah),Cell_18650,3.7,3.797,2.6,2.032,22.45,847,78.1,Cosmetic Enclosure Blemish,Normal Stability (dt/dt < 0.4 C/min),"Grade B (Standard Reuse, 70-85% SoH)",Harvested & In Stock,55,120,65,4.65,Group_BIN_10,Stationary ESS & Solar Microgrid Compatible
COMP_0365,B219,LiFePO4 Prismatic Cell (3.2V / 20Ah),Cell_LFP_20Ah,3.2,3.252,20.0,18.99,3.64,471,94.9,Pristine (Like New),Normal Stability (dt/dt < 0.2 C/min),"Grade A (Premium Reuse, >85% SoH)",Harvested & In Stock,650,1400,750,49.89,Group_BIN_12,High-Drain & Traction Compatible
COMP_0366,B288,NMC Pouch Cell (3.7V / 15Ah),Cell_NMC_15Ah,3.7,3.754,15.0,12.225,5.89,816,81.5,Pristine (Like New),Normal Stability (dt/dt < 0.4 C/min),"Grade B (Standard Reuse, 70-85% SoH)",Harvested & In Stock,500,1100,600,37.39,Group_BIN_10,Stationary ESS & Solar Microgrid Compatible
COMP_0367,B058,Lithium-Ion Cylindrical Cell (18650 3.7V / 2.6Ah),Cell_18650,3.7,3.722,2.6,2.251,21.65,768,86.6,Pristine (Like New),Normal Stability (dt/dt < 0.2 C/min),"Grade A (Premium Reuse, >85% SoH)",Harvested & In Stock,55,120,65,4.84,Group_BIN_11,High-Drain & Traction Compatible
COMP_0368,B039,Modular BMS Protection Board (3S 25A Compact),BMS_3S,11.1,11.1,0.0,0.0,21.9,343,94.4,Pristine (Like New),Normal Stability (dt/dt < 0.2 C/min),"Grade A (Premium Reuse, >85% SoH)",Harvested & In Stock,300,700,400,18.5,N/A (Non-Cell),Standard Modular Hardware Compatible
COMP_0369,B484,Modular Extruded Aluminum Enclosure & Frame,Casing_Alu,0.0,0.0,0.0,0.0,0.0,406,94.8,Pristine (Like New),Normal Stability (dt/dt < 0.2 C/min),"Grade A (Premium Reuse, >85% SoH)",Harvested & In Stock,350,900,550,25.25,N/A (Non-Cell),Standard Modular Hardware Compatible
COMP_0370,B453,NTC Thermistor Temperature Sensor Probe (10k),Sensor_NTC,0.0,0.0,0.0,0.0,0.0,496,99.5,Pristine (Like New),Normal Stability (dt/dt < 0.2 C/min),"Grade A (Premium Reuse, >85% SoH)",Harvested & In Stock,40,150,110,5.45,N/A (Non-Cell),Standard Modular Hardware Compatible
COMP_0371,B354,Lithium-Ion Cylindrical Cell (18650 3.7V / 2.6Ah),Cell_18650,3.7,3.757,2.6,2.133,25.0,885,82.0,Pristine (Like New),Normal Stability (dt/dt < 0.4 C/min),"Grade B (Standard Reuse, 70-85% SoH)",Harvested & In Stock,55,120,65,4.74,Group_BIN_10,Stationary ESS & Solar Microgrid Compatible
COMP_0372,B280,Nickel-Plated Copper Busbar Interconnect Link,Busbar_Cu,0.0,0.0,0.0,0.0,0.2,508,92.1,Pristine (Like New),Normal Stability (dt/dt < 0.2 C/min),"Grade A (Premium Reuse, >85% SoH)",Harvested & In Stock,50,140,90,4.55,N/A (Non-Cell),Standard Modular Hardware Compatible
COMP_0373,B019,LiFePO4 Prismatic Cell (3.2V / 50Ah),Cell_LFP_50Ah,3.2,3.301,50.0,49.25,1.96,198,98.5,Pristine (Like New),Normal Stability (dt/dt < 0.2 C/min),"Grade A (Premium Reuse, >85% SoH)",Harvested & In Stock,1200,2400,1200,95.86,Group_BIN_12,High-Drain & Traction Compatible
COMP_0374,B428,LiFePO4 Prismatic Cell (3.2V / 50Ah),Cell_LFP_50Ah,3.2,3.246,50.0,40.312,2.47,997,80.6,Minor Surface Scratches,Normal Stability (dt/dt < 0.4 C/min),"Grade B (Standard Reuse, 70-85% SoH)",Harvested & In Stock,1200,2400,1200,88.27,Group_BIN_10,Stationary ESS & Solar Microgrid Compatible
COMP_0375,B299,Modular BMS Protection Board (16S 100A Smart CAN),BMS_16S,48.0,48.0,0.0,0.0,7.5,1126,87.7,Pristine (Like New),Normal Stability (dt/dt < 0.2 C/min),"Grade A (Premium Reuse, >85% SoH)",Harvested & In Stock,1800,3800,2000,90.5,N/A (Non-Cell),Standard Modular Hardware Compatible
COMP_0376,B283,Modular Extruded Aluminum Enclosure & Frame,Casing_Alu,0.0,0.0,0.0,0.0,0.0,768,94.2,Pristine (Like New),Normal Stability (dt/dt < 0.2 C/min),"Grade A (Premium Reuse, >85% SoH)",Harvested & In Stock,350,900,550,25.25,N/A (Non-Cell),Standard Modular Hardware Compatible
COMP_0377,B076,Lithium-Ion Cylindrical Cell (18650 3.7V / 2.6Ah),Cell_18650,3.7,3.772,2.6,2.183,23.88,769,84.0,Minor Surface Scratches,Normal Stability (dt/dt < 0.4 C/min),"Grade B (Standard Reuse, 70-85% SoH)",Harvested & In Stock,55,120,65,4.78,Group_BIN_11,Stationary ESS & Solar Microgrid Compatible
COMP_0378,B066,Power Tool High-Drain Cell (18650 3.6V / 2.0Ah),Cell_PowerTool,3.6,3.677,2.0,1.593,17.24,928,79.7,Pristine (Like New),Normal Stability (dt/dt < 0.4 C/min),"Grade B (Standard Reuse, 70-85% SoH)",Harvested & In Stock,90,180,90,5.4,Group_BIN_10,Stationary ESS & Solar Microgrid Compatible
COMP_0379,B158,Modular Extruded Aluminum Enclosure & Frame,Casing_Alu,0.0,0.0,0.0,0.0,0.0,787,98.5,Pristine (Like New),Normal Stability (dt/dt < 0.2 C/min),"Grade A (Premium Reuse, >85% SoH)",Harvested & In Stock,350,900,550,25.25,N/A (Non-Cell),Standard Modular Hardware Compatible
COMP_0380,B187,Lithium-Ion Cylindrical Cell (18650 3.7V / 2.6Ah),Cell_18650,3.7,3.827,2.6,2.032,25.97,968,78.1,Pristine (Like New),Normal Stability (dt/dt < 0.4 C/min),"Grade B (Standard Reuse, 70-85% SoH)",Harvested & In Stock,55,120,65,4.65,Group_BIN_10,Stationary ESS & Solar Microgrid Compatible
COMP_0381,B461,Modular BMS Protection Board (4S 40A Balancer),BMS_4S,14.8,14.8,0.0,0.0,16.2,1454,84.0,Minor Surface Scratches,Normal Stability (dt/dt < 0.4 C/min),"Grade B (Standard Reuse, 70-85% SoH)",Harvested & In Stock,450,950,500,23.0,N/A (Non-Cell),Standard Modular Hardware Compatible
COMP_0382,B108,Modular BMS Protection Board (3S 25A Compact),BMS_3S,11.1,11.1,0.0,0.0,23.0,1148,92.8,Pristine (Like New),Normal Stability (dt/dt < 0.2 C/min),"Grade A (Premium Reuse, >85% SoH)",Harvested & In Stock,300,700,400,18.5,N/A (Non-Cell),Standard Modular Hardware Compatible
COMP_0383,B350,LiFePO4 Prismatic Cell (3.2V / 20Ah),Cell_LFP_20Ah,3.2,3.276,20.0,15.268,5.22,1053,76.3,Pristine (Like New),Normal Stability (dt/dt < 0.4 C/min),"Grade B (Standard Reuse, 70-85% SoH)",Harvested & In Stock,650,1400,750,46.73,Group_BIN_10,Stationary ESS & Solar Microgrid Compatible
COMP_0384,B342,Modular BMS Protection Board (10S 30A e-Bike),BMS_10S,36.0,36.0,0.0,0.0,19.0,524,90.8,Pristine (Like New),Normal Stability (dt/dt < 0.2 C/min),"Grade A (Premium Reuse, >85% SoH)",Harvested & In Stock,600,1300,700,32.0,N/A (Non-Cell),Standard Modular Hardware Compatible
COMP_0385,B053,Modular BMS Protection Board (4S 40A Balancer),BMS_4S,14.8,14.8,0.0,0.0,13.7,249,94.8,Pristine (Like New),Normal Stability (dt/dt < 0.2 C/min),"Grade A (Premium Reuse, >85% SoH)",Harvested & In Stock,450,950,500,23.0,N/A (Non-Cell),Standard Modular Hardware Compatible
COMP_0386,B182,Modular BMS Protection Board (4S 40A Balancer),BMS_4S,14.8,14.8,0.0,0.0,18.0,812,95.2,Pristine (Like New),Normal Stability (dt/dt < 0.2 C/min),"Grade A (Premium Reuse, >85% SoH)",Harvested & In Stock,450,950,500,23.0,N/A (Non-Cell),Standard Modular Hardware Compatible
COMP_0387,B400,LiFePO4 Prismatic Cell (3.2V / 50Ah),Cell_LFP_50Ah,3.2,3.285,50.0,46.789,2.01,459,93.6,Pristine (Like New),Normal Stability (dt/dt < 0.2 C/min),"Grade A (Premium Reuse, >85% SoH)",Harvested & In Stock,1200,2400,1200,93.77,Group_BIN_12,High-Drain & Traction Compatible
COMP_0388,B287,Lithium-Ion Cylindrical Cell (18650 3.7V / 2.6Ah),Cell_18650,3.7,3.788,2.6,2.19,22.69,878,84.2,Minor Surface Scratches,Normal Stability (dt/dt < 0.4 C/min),"Grade B (Standard Reuse, 70-85% SoH)",Harvested & In Stock,55,120,65,4.79,Group_BIN_11,Stationary ESS & Solar Microgrid Compatible
COMP_0389,B499,Lithium-Ion Cylindrical Cell (18650 3.7V / 2.6Ah),Cell_18650,3.7,3.811,2.6,2.135,23.33,884,82.1,Cosmetic Enclosure Blemish,Normal Stability (dt/dt < 0.4 C/min),"Grade B (Standard Reuse, 70-85% SoH)",Harvested & In Stock,55,120,65,4.74,Group_BIN_10,Stationary ESS & Solar Microgrid Compatible
COMP_0390,B384,Power Tool High-Drain Cell (18650 3.6V / 2.0Ah),Cell_PowerTool,3.6,3.653,2.0,1.795,13.61,730,89.8,Pristine (Like New),Normal Stability (dt/dt < 0.2 C/min),"Grade A (Premium Reuse, >85% SoH)",Harvested & In Stock,90,180,90,5.58,Group_BIN_11,High-Drain & Traction Compatible
COMP_0391,B080,Lithium-Ion Cylindrical Cell (18650 3.7V / 2.6Ah),Cell_18650,3.7,3.807,2.6,1.998,26.15,873,76.8,Pristine (Like New),Normal Stability (dt/dt < 0.4 C/min),"Grade B (Standard Reuse, 70-85% SoH)",Harvested & In Stock,55,120,65,4.62,Group_BIN_10,Stationary ESS & Solar Microgrid Compatible
COMP_0392,B443,Power Tool High-Drain Cell (18650 3.6V / 2.0Ah),Cell_PowerTool,3.6,3.756,2.0,1.722,15.41,600,86.1,Pristine (Like New),Normal Stability (dt/dt < 0.2 C/min),"Grade A (Premium Reuse, >85% SoH)",Harvested & In Stock,90,180,90,5.51,Group_BIN_11,High-Drain & Traction Compatible
COMP_0393,B084,Lithium-Ion Cylindrical Cell (18650 3.7V / 2.6Ah),Cell_18650,3.7,3.824,2.6,2.009,25.49,723,77.3,Pristine (Like New),Normal Stability (dt/dt < 0.4 C/min),"Grade B (Standard Reuse, 70-85% SoH)",Harvested & In Stock,55,120,65,4.63,Group_BIN_10,Stationary ESS & Solar Microgrid Compatible
COMP_0394,B452,LiFePO4 Prismatic Cell (3.2V / 50Ah),Cell_LFP_50Ah,3.2,3.288,50.0,38.435,2.58,1039,76.9,Minor Surface Scratches,Normal Stability (dt/dt < 0.4 C/min),"Grade B (Standard Reuse, 70-85% SoH)",Harvested & In Stock,1200,2400,1200,86.67,Group_BIN_10,Stationary ESS & Solar Microgrid Compatible
COMP_0395,B013,LiFePO4 Prismatic Cell (3.2V / 50Ah),Cell_LFP_50Ah,3.2,3.293,50.0,35.671,2.75,1405,71.3,Pristine (Like New),Normal Stability (dt/dt < 0.4 C/min),"Grade B (Standard Reuse, 70-85% SoH)",Harvested & In Stock,1200,2400,1200,84.32,Group_BIN_09,Stationary ESS & Solar Microgrid Compatible
COMP_0396,B378,Modular BMS Protection Board (10S 30A e-Bike),BMS_10S,36.0,36.0,0.0,0.0,18.9,805,94.8,Pristine (Like New),Normal Stability (dt/dt < 0.2 C/min),"Grade A (Premium Reuse, >85% SoH)",Harvested & In Stock,600,1300,700,32.0,N/A (Non-Cell),Standard Modular Hardware Compatible
COMP_0397,B474,Modular BMS Protection Board (3S 25A Compact),BMS_3S,11.1,11.1,0.0,0.0,23.7,1118,90.1,Pristine (Like New),Normal Stability (dt/dt < 0.2 C/min),"Grade A (Premium Reuse, >85% SoH)",Harvested & In Stock,300,700,400,18.5,N/A (Non-Cell),Standard Modular Hardware Compatible
COMP_0398,B171,NMC Pouch Cell (3.7V / 15Ah),Cell_NMC_15Ah,3.7,3.768,15.0,13.341,5.03,455,88.9,Pristine (Like New),Normal Stability (dt/dt < 0.2 C/min),"Grade A (Premium Reuse, >85% SoH)",Harvested & In Stock,500,1100,600,38.34,Group_BIN_11,High-Drain & Traction Compatible
COMP_0399,B401,LiFePO4 Prismatic Cell (3.2V / 50Ah),Cell_LFP_50Ah,3.2,3.245,50.0,46.01,2.15,469,92.0,Pristine (Like New),Normal Stability (dt/dt < 0.2 C/min),"Grade A (Premium Reuse, >85% SoH)",Harvested & In Stock,1200,2400,1200,93.11,Group_BIN_12,High-Drain & Traction Compatible
COMP_0400,B477,Lithium-Ion Cylindrical Cell (18650 3.7V / 2.6Ah),Cell_18650,3.7,3.773,2.6,2.239,22.41,865,86.1,Pristine (Like New),Normal Stability (dt/dt < 0.2 C/min),"Grade A (Premium Reuse, >85% SoH)",Harvested & In Stock,55,120,65,4.83,Group_BIN_11,High-Drain & Traction Compatible
COMP_0401,B211,Modular BMS Protection Board (16S 100A Smart CAN),BMS_16S,48.0,48.0,0.0,0.0,6.5,1113,87.7,Pristine (Like New),Normal Stability (dt/dt < 0.2 C/min),"Grade A (Premium Reuse, >85% SoH)",Harvested & In Stock,1800,3800,2000,90.5,N/A (Non-Cell),Standard Modular Hardware Compatible
COMP_0402,B411,Modular BMS Protection Board (10S 30A e-Bike),BMS_10S,36.0,36.0,0.0,0.0,20.5,626,90.2,Pristine (Like New),Normal Stability (dt/dt < 0.2 C/min),"Grade A (Premium Reuse, >85% SoH)",Harvested & In Stock,600,1300,700,32.0,N/A (Non-Cell),Standard Modular Hardware Compatible
COMP_0403,B343,Lithium-Ion Cylindrical Cell (18650 3.7V / 2.6Ah),Cell_18650,3.7,3.888,2.6,2.166,24.0,847,83.3,Cosmetic Enclosure Blemish,Normal Stability (dt/dt < 0.4 C/min),"Grade B (Standard Reuse, 70-85% SoH)",Harvested & In Stock,55,120,65,4.77,Group_BIN_10,Stationary ESS & Solar Microgrid Compatible
COMP_0404,B416,LiFePO4 Prismatic Cell (3.2V / 20Ah),Cell_LFP_20Ah,3.2,3.335,20.0,16.6,4.66,523,83.0,Pristine (Like New),Normal Stability (dt/dt < 0.4 C/min),"Grade B (Standard Reuse, 70-85% SoH)",Harvested & In Stock,650,1400,750,47.86,Group_BIN_10,Stationary ESS & Solar Microgrid Compatible
COMP_0405,B137,NTC Thermistor Temperature Sensor Probe (10k),Sensor_NTC,0.0,0.0,0.0,0.0,0.0,999,90.7,Pristine (Like New),Normal Stability (dt/dt < 0.2 C/min),"Grade A (Premium Reuse, >85% SoH)",Harvested & In Stock,40,150,110,5.45,N/A (Non-Cell),Standard Modular Hardware Compatible
COMP_0406,B082,Power Tool High-Drain Cell (18650 3.6V / 2.0Ah),Cell_PowerTool,3.6,3.616,2.0,1.662,15.69,869,83.1,Cosmetic Enclosure Blemish,Normal Stability (dt/dt < 0.4 C/min),"Grade B (Standard Reuse, 70-85% SoH)",Harvested & In Stock,90,180,90,5.46,Group_BIN_10,Stationary ESS & Solar Microgrid Compatible
COMP_0407,B056,Lithium-Ion Cylindrical Cell (18650 3.7V / 2.6Ah),Cell_18650,3.7,3.786,2.6,1.875,27.41,939,72.1,Minor Surface Scratches,Normal Stability (dt/dt < 0.4 C/min),"Grade B (Standard Reuse, 70-85% SoH)",Harvested & In Stock,55,120,65,4.52,Group_BIN_09,Stationary ESS & Solar Microgrid Compatible
COMP_0408,B447,Power Tool High-Drain Cell (18650 3.6V / 2.0Ah),Cell_PowerTool,3.6,3.688,2.0,1.726,14.59,855,86.3,Pristine (Like New),Normal Stability (dt/dt < 0.2 C/min),"Grade A (Premium Reuse, >85% SoH)",Harvested & In Stock,90,180,90,5.52,Group_BIN_11,High-Drain & Traction Compatible
COMP_0409,B020,Lithium-Ion Cylindrical Cell (18650 3.7V / 2.6Ah),Cell_18650,3.7,3.697,2.6,1.939,26.04,855,74.6,Minor Surface Scratches,Normal Stability (dt/dt < 0.4 C/min),"Grade B (Standard Reuse, 70-85% SoH)",Harvested & In Stock,55,120,65,4.57,Group_BIN_09,Stationary ESS & Solar Microgrid Compatible
COMP_0410,B114,Lithium-Ion Cylindrical Cell (18650 3.7V / 2.6Ah),Cell_18650,3.7,3.722,2.6,2.267,22.23,686,87.2,Pristine (Like New),Normal Stability (dt/dt < 0.2 C/min),"Grade A (Premium Reuse, >85% SoH)",Harvested & In Stock,55,120,65,4.85,Group_BIN_11,High-Drain & Traction Compatible
COMP_0411,B103,Lithium-Ion Cylindrical Cell (18650 3.7V / 2.6Ah),Cell_18650,3.7,3.889,2.6,1.768,28.8,1376,68.0,Slight Terminal Oxidation,Elevated Impedance (Manage C-Rate),"Grade C (Low-Stress Buffer, 55-70% SoH)",Harvested & In Stock,55,120,65,4.43,Group_BIN_09,Low C-Rate IoT & Lantern Buffer Compatible
COMP_0412,B180,LiFePO4 Prismatic Cell (3.2V / 50Ah),Cell_LFP_50Ah,3.2,3.25,50.0,47.52,1.98,317,95.0,Pristine (Like New),Normal Stability (dt/dt < 0.2 C/min),"Grade A (Premium Reuse, >85% SoH)",Harvested & In Stock,1200,2400,1200,94.39,Group_BIN_12,High-Drain & Traction Compatible
COMP_0413,B157,Lithium-Ion Cylindrical Cell (18650 3.7V / 2.6Ah),Cell_18650,3.7,3.823,2.6,2.121,23.96,543,81.6,Pristine (Like New),Normal Stability (dt/dt < 0.4 C/min),"Grade B (Standard Reuse, 70-85% SoH)",Harvested & In Stock,55,120,65,4.73,Group_BIN_10,Stationary ESS & Solar Microgrid Compatible
COMP_0414,B115,Modular BMS Protection Board (4S 40A Balancer),BMS_4S,14.8,14.8,0.0,0.0,11.4,456,89.8,Pristine (Like New),Normal Stability (dt/dt < 0.2 C/min),"Grade A (Premium Reuse, >85% SoH)",Harvested & In Stock,450,950,500,23.0,N/A (Non-Cell),Standard Modular Hardware Compatible
COMP_0415,B013,NTC Thermistor Temperature Sensor Probe (10k),Sensor_NTC,0.0,0.0,0.0,0.0,0.0,1336,94.6,Pristine (Like New),Normal Stability (dt/dt < 0.2 C/min),"Grade A (Premium Reuse, >85% SoH)",Harvested & In Stock,40,150,110,5.45,N/A (Non-Cell),Standard Modular Hardware Compatible
COMP_0416,B338,LiFePO4 Prismatic Cell (3.2V / 50Ah),Cell_LFP_50Ah,3.2,3.344,50.0,38.231,2.58,1004,76.5,Pristine (Like New),Normal Stability (dt/dt < 0.4 C/min),"Grade B (Standard Reuse, 70-85% SoH)",Harvested & In Stock,1200,2400,1200,86.5,Group_BIN_10,Stationary ESS & Solar Microgrid Compatible
COMP_0417,B205,Lithium-Ion Cylindrical Cell (18650 3.7V / 2.6Ah),Cell_18650,3.7,3.744,2.6,2.274,20.08,457,87.4,Pristine (Like New),Normal Stability (dt/dt < 0.2 C/min),"Grade A (Premium Reuse, >85% SoH)",Harvested & In Stock,55,120,65,4.86,Group_BIN_11,High-Drain & Traction Compatible
COMP_0418,B169,LiFePO4 Prismatic Cell (3.2V / 20Ah),Cell_LFP_20Ah,3.2,3.271,20.0,16.159,4.72,855,80.8,Minor Surface Scratches,Normal Stability (dt/dt < 0.4 C/min),"Grade B (Standard Reuse, 70-85% SoH)",Harvested & In Stock,650,1400,750,47.49,Group_BIN_10,Stationary ESS & Solar Microgrid Compatible
COMP_0419,B443,Heavy-Duty XT60 / XT90 Connector Harness,Connector_XT,0.0,0.0,0.0,0.0,0.5,536,99.5,Pristine (Like New),Normal Stability (dt/dt < 0.2 C/min),"Grade A (Premium Reuse, >85% SoH)",Harvested & In Stock,80,220,140,6.8,N/A (Non-Cell),Standard Modular Hardware Compatible
COMP_0420,B036,LiFePO4 Prismatic Cell (3.2V / 50Ah),Cell_LFP_50Ah,3.2,3.308,50.0,36.894,2.65,1178,73.8,Minor Surface Scratches,Normal Stability (dt/dt < 0.4 C/min),"Grade B (Standard Reuse, 70-85% SoH)",Harvested & In Stock,1200,2400,1200,85.36,Group_BIN_09,Stationary ESS & Solar Microgrid Compatible
COMP_0421,B180,Power Tool High-Drain Cell (18650 3.6V / 2.0Ah),Cell_PowerTool,3.6,3.682,2.0,1.873,13.75,340,93.7,Pristine (Like New),Normal Stability (dt/dt < 0.2 C/min),"Grade A (Premium Reuse, >85% SoH)",Harvested & In Stock,90,180,90,5.64,Group_BIN_12,High-Drain & Traction Compatible
COMP_0422,B329,Lithium-Ion Cylindrical Cell (18650 3.7V / 2.6Ah),Cell_18650,3.7,3.775,2.6,1.783,28.0,1424,68.6,Enclosure Hairline Crack,Elevated Impedance (Manage C-Rate),"Grade C (Low-Stress Buffer, 55-70% SoH)",Harvested & In Stock,55,120,65,4.44,Group_BIN_09,Low C-Rate IoT & Lantern Buffer Compatible
COMP_0423,B205,NMC Pouch Cell (3.7V / 15Ah),Cell_NMC_15Ah,3.7,3.814,15.0,13.158,5.28,291,87.7,Pristine (Like New),Normal Stability (dt/dt < 0.2 C/min),"Grade A (Premium Reuse, >85% SoH)",Harvested & In Stock,500,1100,600,38.18,Group_BIN_11,High-Drain & Traction Compatible
COMP_0424,B348,Modular BMS Protection Board (3S 25A Compact),BMS_3S,11.1,11.1,0.0,0.0,28.6,690,90.5,Pristine (Like New),Normal Stability (dt/dt < 0.2 C/min),"Grade A (Premium Reuse, >85% SoH)",Harvested & In Stock,300,700,400,18.5,N/A (Non-Cell),Standard Modular Hardware Compatible
COMP_0425,B432,Power Tool High-Drain Cell (18650 3.6V / 2.0Ah),Cell_PowerTool,3.6,3.737,2.0,1.542,16.78,891,77.1,Cosmetic Enclosure Blemish,Normal Stability (dt/dt < 0.4 C/min),"Grade B (Standard Reuse, 70-85% SoH)",Harvested & In Stock,90,180,90,5.36,Group_BIN_10,Stationary ESS & Solar Microgrid Compatible
COMP_0426,B170,Modular BMS Protection Board (16S 100A Smart CAN),BMS_16S,48.0,48.0,0.0,0.0,7.7,630,93.7,Pristine (Like New),Normal Stability (dt/dt < 0.2 C/min),"Grade A (Premium Reuse, >85% SoH)",Harvested & In Stock,1800,3800,2000,90.5,N/A (Non-Cell),Standard Modular Hardware Compatible
COMP_0427,B481,LiFePO4 Prismatic Cell (3.2V / 50Ah),Cell_LFP_50Ah,3.2,3.343,50.0,42.495,2.39,432,85.0,Pristine (Like New),Normal Stability (dt/dt < 0.4 C/min),"Grade B (Standard Reuse, 70-85% SoH)",Harvested & In Stock,1200,2400,1200,90.12,Group_BIN_11,Stationary ESS & Solar Microgrid Compatible
COMP_0428,B060,Power Tool High-Drain Cell (18650 3.6V / 2.0Ah),Cell_PowerTool,3.6,3.636,2.0,1.627,15.78,699,81.3,Minor Surface Scratches,Normal Stability (dt/dt < 0.4 C/min),"Grade B (Standard Reuse, 70-85% SoH)",Harvested & In Stock,90,180,90,5.43,Group_BIN_10,Stationary ESS & Solar Microgrid Compatible
COMP_0429,B092,NTC Thermistor Temperature Sensor Probe (10k),Sensor_NTC,0.0,0.0,0.0,0.0,0.0,1169,90.3,Pristine (Like New),Normal Stability (dt/dt < 0.2 C/min),"Grade A (Premium Reuse, >85% SoH)",Harvested & In Stock,40,150,110,5.45,N/A (Non-Cell),Standard Modular Hardware Compatible
COMP_0430,B298,Lithium-Ion Cylindrical Cell (18650 3.7V / 2.6Ah),Cell_18650,3.7,3.758,2.6,2.353,22.33,610,90.5,Pristine (Like New),Normal Stability (dt/dt < 0.2 C/min),"Grade A (Premium Reuse, >85% SoH)",Harvested & In Stock,55,120,65,4.93,Group_BIN_11,High-Drain & Traction Compatible
COMP_0431,B493,LiFePO4 Prismatic Cell (3.2V / 20Ah),Cell_LFP_20Ah,3.2,3.215,20.0,16.526,4.39,941,82.6,Minor Surface Scratches,Normal Stability (dt/dt < 0.4 C/min),"Grade B (Standard Reuse, 70-85% SoH)",Harvested & In Stock,650,1400,750,47.8,Group_BIN_10,Stationary ESS & Solar Microgrid Compatible
COMP_0432,B020,Lithium-Ion Cylindrical Cell (18650 3.7V / 2.6Ah),Cell_18650,3.7,3.748,2.6,2.05,25.11,958,78.8,Pristine (Like New),Normal Stability (dt/dt < 0.4 C/min),"Grade B (Standard Reuse, 70-85% SoH)",Harvested & In Stock,55,120,65,4.67,Group_BIN_10,Stationary ESS & Solar Microgrid Compatible
COMP_0433,B306,LiFePO4 Prismatic Cell (3.2V / 20Ah),Cell_LFP_20Ah,3.2,3.276,20.0,17.909,4.08,476,89.5,Pristine (Like New),Normal Stability (dt/dt < 0.2 C/min),"Grade A (Premium Reuse, >85% SoH)",Harvested & In Stock,650,1400,750,48.97,Group_BIN_11,High-Drain & Traction Compatible
COMP_0434,B223,Lithium-Ion Cylindrical Cell (18650 3.7V / 2.6Ah),Cell_18650,3.7,3.77,2.6,2.259,21.92,584,86.9,Pristine (Like New),Normal Stability (dt/dt < 0.2 C/min),"Grade A (Premium Reuse, >85% SoH)",Harvested & In Stock,55,120,65,4.85,Group_BIN_11,High-Drain & Traction Compatible
COMP_0435,B177,LiFePO4 Prismatic Cell (3.2V / 50Ah),Cell_LFP_50Ah,3.2,3.29,50.0,40.312,2.45,868,80.6,Cosmetic Enclosure Blemish,Normal Stability (dt/dt < 0.4 C/min),"Grade B (Standard Reuse, 70-85% SoH)",Harvested & In Stock,1200,2400,1200,88.27,Group_BIN_10,Stationary ESS & Solar Microgrid Compatible
COMP_0436,B403,Modular BMS Protection Board (10S 30A e-Bike),BMS_10S,36.0,36.0,0.0,0.0,20.9,1401,86.5,Pristine (Like New),Normal Stability (dt/dt < 0.2 C/min),"Grade A (Premium Reuse, >85% SoH)",Harvested & In Stock,600,1300,700,32.0,N/A (Non-Cell),Standard Modular Hardware Compatible
COMP_0437,B161,LiFePO4 Prismatic Cell (3.2V / 50Ah),Cell_LFP_50Ah,3.2,3.233,50.0,30.222,3.1,1520,60.4,Slight Terminal Oxidation,Elevated Impedance (Manage C-Rate),"Grade C (Low-Stress Buffer, 55-70% SoH)",Harvested & In Stock,1200,2400,1200,79.69,Group_BIN_08,Low C-Rate IoT & Lantern Buffer Compatible
COMP_0438,B311,NMC Pouch Cell (3.7V / 15Ah),Cell_NMC_15Ah,3.7,3.758,15.0,11.259,5.71,1202,75.1,Cosmetic Enclosure Blemish,Normal Stability (dt/dt < 0.4 C/min),"Grade B (Standard Reuse, 70-85% SoH)",Harvested & In Stock,500,1100,600,36.57,Group_BIN_10,Stationary ESS & Solar Microgrid Compatible
COMP_0439,B060,Lithium-Ion Cylindrical Cell (18650 3.7V / 2.6Ah),Cell_18650,3.7,3.8,2.6,2.202,23.01,577,84.7,Minor Surface Scratches,Normal Stability (dt/dt < 0.4 C/min),"Grade B (Standard Reuse, 70-85% SoH)",Harvested & In Stock,55,120,65,4.8,Group_BIN_11,Stationary ESS & Solar Microgrid Compatible
COMP_0440,B461,LiFePO4 Prismatic Cell (3.2V / 50Ah),Cell_LFP_50Ah,3.2,3.243,50.0,36.785,2.84,1234,73.6,Cosmetic Enclosure Blemish,Normal Stability (dt/dt < 0.4 C/min),"Grade B (Standard Reuse, 70-85% SoH)",Harvested & In Stock,1200,2400,1200,85.27,Group_BIN_09,Stationary ESS & Solar Microgrid Compatible
COMP_0441,B098,LiFePO4 Prismatic Cell (3.2V / 20Ah),Cell_LFP_20Ah,3.2,3.325,20.0,17.596,4.6,669,88.0,Pristine (Like New),Normal Stability (dt/dt < 0.2 C/min),"Grade A (Premium Reuse, >85% SoH)",Harvested & In Stock,650,1400,750,48.71,Group_BIN_11,High-Drain & Traction Compatible
COMP_0442,B131,Lithium-Ion Cylindrical Cell (18650 3.7V / 2.6Ah),Cell_18650,3.7,3.72,2.6,2.129,26.25,809,81.9,Pristine (Like New),Normal Stability (dt/dt < 0.4 C/min),"Grade B (Standard Reuse, 70-85% SoH)",Harvested & In Stock,55,120,65,4.73,Group_BIN_10,Stationary ESS & Solar Microgrid Compatible
COMP_0443,B363,Lithium-Ion Cylindrical Cell (18650 3.7V / 2.6Ah),Cell_18650,3.7,3.791,2.6,2.266,21.84,826,87.1,Pristine (Like New),Normal Stability (dt/dt < 0.2 C/min),"Grade A (Premium Reuse, >85% SoH)",Harvested & In Stock,55,120,65,4.85,Group_BIN_11,High-Drain & Traction Compatible
COMP_0444,B224,Modular BMS Protection Board (16S 100A Smart CAN),BMS_16S,48.0,48.0,0.0,0.0,8.8,1498,84.9,Pristine (Like New),Normal Stability (dt/dt < 0.4 C/min),"Grade B (Standard Reuse, 70-85% SoH)",Harvested & In Stock,1800,3800,2000,90.5,N/A (Non-Cell),Standard Modular Hardware Compatible
COMP_0445,B267,LiFePO4 Prismatic Cell (3.2V / 20Ah),Cell_LFP_20Ah,3.2,3.222,20.0,15.832,5.0,982,79.2,Cosmetic Enclosure Blemish,Normal Stability (dt/dt < 0.4 C/min),"Grade B (Standard Reuse, 70-85% SoH)",Harvested & In Stock,650,1400,750,47.21,Group_BIN_10,Stationary ESS & Solar Microgrid Compatible
COMP_0446,B352,Lithium-Ion Cylindrical Cell (18650 3.7V / 2.6Ah),Cell_18650,3.7,3.695,2.6,1.829,28.84,1266,70.4,Cosmetic Enclosure Blemish,Normal Stability (dt/dt < 0.4 C/min),"Grade B (Standard Reuse, 70-85% SoH)",Harvested & In Stock,55,120,65,4.48,Group_BIN_09,Stationary ESS & Solar Microgrid Compatible
COMP_0447,B482,NMC Pouch Cell (3.7V / 15Ah),Cell_NMC_15Ah,3.7,3.797,15.0,12.831,5.22,820,85.5,Pristine (Like New),Normal Stability (dt/dt < 0.2 C/min),"Grade A (Premium Reuse, >85% SoH)",Harvested & In Stock,500,1100,600,37.91,Group_BIN_11,High-Drain & Traction Compatible
COMP_0448,B380,Nickel-Plated Copper Busbar Interconnect Link,Busbar_Cu,0.0,0.0,0.0,0.0,0.2,723,94.8,Pristine (Like New),Normal Stability (dt/dt < 0.2 C/min),"Grade A (Premium Reuse, >85% SoH)",Harvested & In Stock,50,140,90,4.55,N/A (Non-Cell),Standard Modular Hardware Compatible
COMP_0449,B378,Modular BMS Protection Board (3S 25A Compact),BMS_3S,11.1,11.1,0.0,0.0,24.6,852,94.7,Pristine (Like New),Normal Stability (dt/dt < 0.2 C/min),"Grade A (Premium Reuse, >85% SoH)",Harvested & In Stock,300,700,400,18.5,N/A (Non-Cell),Standard Modular Hardware Compatible
COMP_0450,B344,NTC Thermistor Temperature Sensor Probe (10k),Sensor_NTC,0.0,0.0,0.0,0.0,0.0,292,88.7,Pristine (Like New),Normal Stability (dt/dt < 0.2 C/min),"Grade A (Premium Reuse, >85% SoH)",Harvested & In Stock,40,150,110,5.45,N/A (Non-Cell),Standard Modular Hardware Compatible
COMP_0451,B101,Power Tool High-Drain Cell (18650 3.6V / 2.0Ah),Cell_PowerTool,3.6,3.724,2.0,1.447,18.55,1225,72.3,Minor Surface Scratches,Normal Stability (dt/dt < 0.4 C/min),"Grade B (Standard Reuse, 70-85% SoH)",Harvested & In Stock,90,180,90,5.28,Group_BIN_09,Stationary ESS & Solar Microgrid Compatible
COMP_0452,B221,Lithium-Ion Cylindrical Cell (18650 3.7V / 2.6Ah),Cell_18650,3.7,3.814,2.6,2.044,24.37,784,78.6,Pristine (Like New),Normal Stability (dt/dt < 0.4 C/min),"Grade B (Standard Reuse, 70-85% SoH)",Harvested & In Stock,55,120,65,4.66,Group_BIN_10,Stationary ESS & Solar Microgrid Compatible
COMP_0453,B486,Lithium-Ion Cylindrical Cell (18650 3.7V / 2.6Ah),Cell_18650,3.7,3.809,2.6,2.138,24.22,924,82.2,Cosmetic Enclosure Blemish,Normal Stability (dt/dt < 0.4 C/min),"Grade B (Standard Reuse, 70-85% SoH)",Harvested & In Stock,55,120,65,4.74,Group_BIN_10,Stationary ESS & Solar Microgrid Compatible
COMP_0454,B472,Lithium-Ion Cylindrical Cell (18650 3.7V / 2.6Ah),Cell_18650,3.7,3.808,2.6,2.482,20.54,309,95.5,Pristine (Like New),Normal Stability (dt/dt < 0.2 C/min),"Grade A (Premium Reuse, >85% SoH)",Harvested & In Stock,55,120,65,5.03,Group_BIN_12,High-Drain & Traction Compatible
COMP_0455,B170,Modular BMS Protection Board (3S 25A Compact),BMS_3S,11.1,11.1,0.0,0.0,23.4,566,94.1,Pristine (Like New),Normal Stability (dt/dt < 0.2 C/min),"Grade A (Premium Reuse, >85% SoH)",Harvested & In Stock,300,700,400,18.5,N/A (Non-Cell),Standard Modular Hardware Compatible
COMP_0456,B320,LiFePO4 Prismatic Cell (3.2V / 20Ah),Cell_LFP_20Ah,3.2,3.248,20.0,17.342,4.31,512,86.7,Pristine (Like New),Normal Stability (dt/dt < 0.2 C/min),"Grade A (Premium Reuse, >85% SoH)",Harvested & In Stock,650,1400,750,48.49,Group_BIN_11,High-Drain & Traction Compatible
COMP_0457,B161,Modular BMS Protection Board (10S 30A e-Bike),BMS_10S,36.0,36.0,0.0,0.0,21.2,1470,86.3,Pristine (Like New),Normal Stability (dt/dt < 0.2 C/min),"Grade A (Premium Reuse, >85% SoH)",Harvested & In Stock,600,1300,700,32.0,N/A (Non-Cell),Standard Modular Hardware Compatible
COMP_0458,B340,LiFePO4 Prismatic Cell (3.2V / 50Ah),Cell_LFP_50Ah,3.2,3.318,50.0,33.275,2.94,1409,66.6,Moderate Cycle Wear,Elevated Impedance (Manage C-Rate),"Grade C (Low-Stress Buffer, 55-70% SoH)",Harvested & In Stock,1200,2400,1200,82.28,Group_BIN_08,Low C-Rate IoT & Lantern Buffer Compatible
COMP_0459,B369,Lithium-Ion Cylindrical Cell (18650 3.7V / 2.6Ah),Cell_18650,3.7,3.749,2.6,2.085,23.52,803,80.2,Minor Surface Scratches,Normal Stability (dt/dt < 0.4 C/min),"Grade B (Standard Reuse, 70-85% SoH)",Harvested & In Stock,55,120,65,4.7,Group_BIN_10,Stationary ESS & Solar Microgrid Compatible
COMP_0460,B260,LiFePO4 Prismatic Cell (3.2V / 50Ah),Cell_LFP_50Ah,3.2,3.2,50.0,39.193,2.48,956,78.4,Minor Surface Scratches,Normal Stability (dt/dt < 0.4 C/min),"Grade B (Standard Reuse, 70-85% SoH)",Harvested & In Stock,1200,2400,1200,87.31,Group_BIN_10,Stationary ESS & Solar Microgrid Compatible
COMP_0461,B342,Lithium-Ion Cylindrical Cell (18650 3.7V / 2.6Ah),Cell_18650,3.7,3.828,2.6,2.223,21.22,663,85.5,Pristine (Like New),Normal Stability (dt/dt < 0.2 C/min),"Grade A (Premium Reuse, >85% SoH)",Harvested & In Stock,55,120,65,4.81,Group_BIN_11,High-Drain & Traction Compatible
COMP_0462,B210,Power Tool High-Drain Cell (18650 3.6V / 2.0Ah),Cell_PowerTool,3.6,3.73,2.0,1.97,13.4,61,98.5,Pristine (Like New),Normal Stability (dt/dt < 0.2 C/min),"Grade A (Premium Reuse, >85% SoH)",Harvested & In Stock,90,180,90,5.72,Group_BIN_12,High-Drain & Traction Compatible
COMP_0463,B168,Lithium-Ion Cylindrical Cell (18650 3.7V / 2.6Ah),Cell_18650,3.7,3.802,2.6,2.311,22.36,612,88.9,Pristine (Like New),Normal Stability (dt/dt < 0.2 C/min),"Grade A (Premium Reuse, >85% SoH)",Harvested & In Stock,55,120,65,4.89,Group_BIN_11,High-Drain & Traction Compatible
COMP_0464,B207,Modular BMS Protection Board (10S 30A e-Bike),BMS_10S,36.0,36.0,0.0,0.0,20.8,1009,98.2,Pristine (Like New),Normal Stability (dt/dt < 0.2 C/min),"Grade A (Premium Reuse, >85% SoH)",Harvested & In Stock,600,1300,700,32.0,N/A (Non-Cell),Standard Modular Hardware Compatible
COMP_0465,B357,Lithium-Ion Cylindrical Cell (18650 3.7V / 2.6Ah),Cell_18650,3.7,3.793,2.6,2.014,25.28,775,77.4,Minor Surface Scratches,Normal Stability (dt/dt < 0.4 C/min),"Grade B (Standard Reuse, 70-85% SoH)",Harvested & In Stock,55,120,65,4.64,Group_BIN_10,Stationary ESS & Solar Microgrid Compatible
COMP_0466,B284,Lithium-Ion Cylindrical Cell (18650 3.7V / 2.6Ah),Cell_18650,3.7,3.78,2.6,1.926,27.41,1067,74.1,Pristine (Like New),Normal Stability (dt/dt < 0.4 C/min),"Grade B (Standard Reuse, 70-85% SoH)",Harvested & In Stock,55,120,65,4.56,Group_BIN_09,Stationary ESS & Solar Microgrid Compatible
COMP_0467,B099,Lithium-Ion Cylindrical Cell (18650 3.7V / 2.6Ah),Cell_18650,3.7,3.746,2.6,2.266,21.23,714,87.2,Pristine (Like New),Normal Stability (dt/dt < 0.2 C/min),"Grade A (Premium Reuse, >85% SoH)",Harvested & In Stock,55,120,65,4.85,Group_BIN_11,High-Drain & Traction Compatible
COMP_0468,B216,Lithium-Ion Cylindrical Cell (18650 3.7V / 2.6Ah),Cell_18650,3.7,3.761,2.6,1.787,27.39,1237,68.7,Enclosure Hairline Crack,Elevated Impedance (Manage C-Rate),"Grade C (Low-Stress Buffer, 55-70% SoH)",Harvested & In Stock,55,120,65,4.44,Group_BIN_09,Low C-Rate IoT & Lantern Buffer Compatible
COMP_0469,B482,Modular BMS Protection Board (16S 100A Smart CAN),BMS_16S,48.0,48.0,0.0,0.0,9.9,684,92.0,Pristine (Like New),Normal Stability (dt/dt < 0.2 C/min),"Grade A (Premium Reuse, >85% SoH)",Harvested & In Stock,1800,3800,2000,90.5,N/A (Non-Cell),Standard Modular Hardware Compatible
COMP_0470,B195,NTC Thermistor Temperature Sensor Probe (10k),Sensor_NTC,0.0,0.0,0.0,0.0,0.0,1136,93.0,Pristine (Like New),Normal Stability (dt/dt < 0.2 C/min),"Grade A (Premium Reuse, >85% SoH)",Harvested & In Stock,40,150,110,5.45,N/A (Non-Cell),Standard Modular Hardware Compatible
COMP_0471,B347,Lithium-Ion Cylindrical Cell (18650 3.7V / 2.6Ah),Cell_18650,3.7,3.727,2.6,2.367,22.31,677,91.1,Pristine (Like New),Normal Stability (dt/dt < 0.2 C/min),"Grade A (Premium Reuse, >85% SoH)",Harvested & In Stock,55,120,65,4.94,Group_BIN_11,High-Drain & Traction Compatible
COMP_0472,B384,Modular BMS Protection Board (4S 40A Balancer),BMS_4S,14.8,14.8,0.0,0.0,15.2,780,95.5,Pristine (Like New),Normal Stability (dt/dt < 0.2 C/min),"Grade A (Premium Reuse, >85% SoH)",Harvested & In Stock,450,950,500,23.0,N/A (Non-Cell),Standard Modular Hardware Compatible
COMP_0473,B463,LiFePO4 Prismatic Cell (3.2V / 50Ah),Cell_LFP_50Ah,3.2,3.262,50.0,34.652,2.77,1423,69.3,Moderate Cycle Wear,Elevated Impedance (Manage C-Rate),"Grade C (Low-Stress Buffer, 55-70% SoH)",Harvested & In Stock,1200,2400,1200,83.45,Group_BIN_09,Low C-Rate IoT & Lantern Buffer Compatible
COMP_0474,B316,LiFePO4 Prismatic Cell (3.2V / 50Ah),Cell_LFP_50Ah,3.2,3.222,50.0,43.786,2.26,565,87.6,Pristine (Like New),Normal Stability (dt/dt < 0.2 C/min),"Grade A (Premium Reuse, >85% SoH)",Harvested & In Stock,1200,2400,1200,91.22,Group_BIN_11,High-Drain & Traction Compatible
COMP_0475,B292,Lithium-Ion Cylindrical Cell (18650 3.7V / 2.6Ah),Cell_18650,3.7,3.829,2.6,2.26,20.96,403,86.9,Pristine (Like New),Normal Stability (dt/dt < 0.2 C/min),"Grade A (Premium Reuse, >85% SoH)",Harvested & In Stock,55,120,65,4.85,Group_BIN_11,High-Drain & Traction Compatible
COMP_0476,B155,Modular BMS Protection Board (3S 25A Compact),BMS_3S,11.1,11.1,0.0,0.0,22.7,414,96.6,Pristine (Like New),Normal Stability (dt/dt < 0.2 C/min),"Grade A (Premium Reuse, >85% SoH)",Harvested & In Stock,300,700,400,18.5,N/A (Non-Cell),Standard Modular Hardware Compatible
COMP_0477,B208,LiFePO4 Prismatic Cell (3.2V / 20Ah),Cell_LFP_20Ah,3.2,3.344,20.0,16.475,4.78,851,82.4,Cosmetic Enclosure Blemish,Normal Stability (dt/dt < 0.4 C/min),"Grade B (Standard Reuse, 70-85% SoH)",Harvested & In Stock,650,1400,750,47.75,Group_BIN_10,Stationary ESS & Solar Microgrid Compatible
COMP_0478,B427,LiFePO4 Prismatic Cell (3.2V / 50Ah),Cell_LFP_50Ah,3.2,3.325,50.0,41.574,2.27,643,83.1,Pristine (Like New),Normal Stability (dt/dt < 0.4 C/min),"Grade B (Standard Reuse, 70-85% SoH)",Harvested & In Stock,1200,2400,1200,89.34,Group_BIN_10,Stationary ESS & Solar Microgrid Compatible
COMP_0479,B156,Power Tool High-Drain Cell (18650 3.6V / 2.0Ah),Cell_PowerTool,3.6,3.674,2.0,1.48,17.73,1077,74.0,Minor Surface Scratches,Normal Stability (dt/dt < 0.4 C/min),"Grade B (Standard Reuse, 70-85% SoH)",Harvested & In Stock,90,180,90,5.31,Group_BIN_09,Stationary ESS & Solar Microgrid Compatible
COMP_0480,B108,LiFePO4 Prismatic Cell (3.2V / 50Ah),Cell_LFP_50Ah,3.2,3.24,50.0,37.601,2.61,1105,75.2,Minor Surface Scratches,Normal Stability (dt/dt < 0.4 C/min),"Grade B (Standard Reuse, 70-85% SoH)",Harvested & In Stock,1200,2400,1200,85.96,Group_BIN_10,Stationary ESS & Solar Microgrid Compatible
COMP_0481,B403,Lithium-Ion Cylindrical Cell (18650 3.7V / 2.6Ah),Cell_18650,3.7,3.674,2.6,1.794,27.85,1255,69.0,Enclosure Hairline Crack,Elevated Impedance (Manage C-Rate),"Grade C (Low-Stress Buffer, 55-70% SoH)",Harvested & In Stock,55,120,65,4.45,Group_BIN_09,Low C-Rate IoT & Lantern Buffer Compatible
COMP_0482,B311,LiFePO4 Prismatic Cell (3.2V / 20Ah),Cell_LFP_20Ah,3.2,3.269,20.0,14.716,5.16,1308,73.6,Cosmetic Enclosure Blemish,Normal Stability (dt/dt < 0.4 C/min),"Grade B (Standard Reuse, 70-85% SoH)",Harvested & In Stock,650,1400,750,46.26,Group_BIN_09,Stationary ESS & Solar Microgrid Compatible
COMP_0483,B165,Nickel-Plated Copper Busbar Interconnect Link,Busbar_Cu,0.0,0.0,0.0,0.0,0.2,739,96.0,Pristine (Like New),Normal Stability (dt/dt < 0.2 C/min),"Grade A (Premium Reuse, >85% SoH)",Harvested & In Stock,50,140,90,4.55,N/A (Non-Cell),Standard Modular Hardware Compatible
COMP_0484,B239,LiFePO4 Prismatic Cell (3.2V / 50Ah),Cell_LFP_50Ah,3.2,3.281,50.0,41.738,2.37,849,83.5,Minor Surface Scratches,Normal Stability (dt/dt < 0.4 C/min),"Grade B (Standard Reuse, 70-85% SoH)",Harvested & In Stock,1200,2400,1200,89.48,Group_BIN_11,Stationary ESS & Solar Microgrid Compatible
COMP_0485,B227,Lithium-Ion Cylindrical Cell (18650 3.7V / 2.6Ah),Cell_18650,3.7,3.75,2.6,2.082,25.34,932,80.1,Cosmetic Enclosure Blemish,Normal Stability (dt/dt < 0.4 C/min),"Grade B (Standard Reuse, 70-85% SoH)",Harvested & In Stock,55,120,65,4.69,Group_BIN_10,Stationary ESS & Solar Microgrid Compatible
COMP_0486,B110,NMC Pouch Cell (3.7V / 15Ah),Cell_NMC_15Ah,3.7,3.782,15.0,13.472,5.0,263,89.8,Pristine (Like New),Normal Stability (dt/dt < 0.2 C/min),"Grade A (Premium Reuse, >85% SoH)",Harvested & In Stock,500,1100,600,38.45,Group_BIN_11,High-Drain & Traction Compatible
COMP_0487,B262,Modular BMS Protection Board (3S 25A Compact),BMS_3S,11.1,11.1,0.0,0.0,20.5,962,92.3,Pristine (Like New),Normal Stability (dt/dt < 0.2 C/min),"Grade A (Premium Reuse, >85% SoH)",Harvested & In Stock,300,700,400,18.5,N/A (Non-Cell),Standard Modular Hardware Compatible
COMP_0488,B243,LiFePO4 Prismatic Cell (3.2V / 50Ah),Cell_LFP_50Ah,3.2,3.273,50.0,38.823,2.38,1002,77.6,Cosmetic Enclosure Blemish,Normal Stability (dt/dt < 0.4 C/min),"Grade B (Standard Reuse, 70-85% SoH)",Harvested & In Stock,1200,2400,1200,87.0,Group_BIN_10,Stationary ESS & Solar Microgrid Compatible
COMP_0489,B087,Lithium-Ion Cylindrical Cell (18650 3.7V / 2.6Ah),Cell_18650,3.7,3.772,2.6,2.029,25.17,1072,78.0,Cosmetic Enclosure Blemish,Normal Stability (dt/dt < 0.4 C/min),"Grade B (Standard Reuse, 70-85% SoH)",Harvested & In Stock,55,120,65,4.65,Group_BIN_10,Stationary ESS & Solar Microgrid Compatible
COMP_0490,B044,Lithium-Ion Cylindrical Cell (18650 3.7V / 2.6Ah),Cell_18650,3.7,3.831,2.6,1.769,28.07,1402,68.0,Slight Terminal Oxidation,Elevated Impedance (Manage C-Rate),"Grade C (Low-Stress Buffer, 55-70% SoH)",Harvested & In Stock,55,120,65,4.43,Group_BIN_09,Low C-Rate IoT & Lantern Buffer Compatible
COMP_0491,B264,NMC Pouch Cell (3.7V / 15Ah),Cell_NMC_15Ah,3.7,3.728,15.0,11.787,5.74,1018,78.6,Cosmetic Enclosure Blemish,Normal Stability (dt/dt < 0.4 C/min),"Grade B (Standard Reuse, 70-85% SoH)",Harvested & In Stock,500,1100,600,37.02,Group_BIN_10,Stationary ESS & Solar Microgrid Compatible
COMP_0492,B325,Power Tool High-Drain Cell (18650 3.6V / 2.0Ah),Cell_PowerTool,3.6,3.671,2.0,1.467,17.0,1100,73.4,Cosmetic Enclosure Blemish,Normal Stability (dt/dt < 0.4 C/min),"Grade B (Standard Reuse, 70-85% SoH)",Harvested & In Stock,90,180,90,5.3,Group_BIN_09,Stationary ESS & Solar Microgrid Compatible
COMP_0493,B172,LiFePO4 Prismatic Cell (3.2V / 20Ah),Cell_LFP_20Ah,3.2,3.236,20.0,18.13,4.2,470,90.7,Pristine (Like New),Normal Stability (dt/dt < 0.2 C/min),"Grade A (Premium Reuse, >85% SoH)",Harvested & In Stock,650,1400,750,49.16,Group_BIN_11,High-Drain & Traction Compatible
COMP_0494,B048,Nickel-Plated Copper Busbar Interconnect Link,Busbar_Cu,0.0,0.0,0.0,0.0,0.2,825,90.1,Pristine (Like New),Normal Stability (dt/dt < 0.2 C/min),"Grade A (Premium Reuse, >85% SoH)",Harvested & In Stock,50,140,90,4.55,N/A (Non-Cell),Standard Modular Hardware Compatible
COMP_0495,B420,NMC Pouch Cell (3.7V / 15Ah),Cell_NMC_15Ah,3.7,3.814,15.0,10.184,6.67,1387,67.9,Moderate Cycle Wear,Elevated Impedance (Manage C-Rate),"Grade C (Low-Stress Buffer, 55-70% SoH)",Harvested & In Stock,500,1100,600,35.66,Group_BIN_09,Low C-Rate IoT & Lantern Buffer Compatible
COMP_0496,B345,LiFePO4 Prismatic Cell (3.2V / 20Ah),Cell_LFP_20Ah,3.2,3.223,20.0,16.455,4.88,504,82.3,Minor Surface Scratches,Normal Stability (dt/dt < 0.4 C/min),"Grade B (Standard Reuse, 70-85% SoH)",Harvested & In Stock,650,1400,750,47.74,Group_BIN_10,Stationary ESS & Solar Microgrid Compatible
COMP_0497,B116,Lithium-Ion Cylindrical Cell (18650 3.7V / 2.6Ah),Cell_18650,3.7,3.782,2.6,1.745,28.98,1555,67.1,Moderate Cycle Wear,Elevated Impedance (Manage C-Rate),"Grade C (Low-Stress Buffer, 55-70% SoH)",Harvested & In Stock,55,120,65,4.41,Group_BIN_09,Low C-Rate IoT & Lantern Buffer Compatible
COMP_0498,B076,Lithium-Ion Cylindrical Cell (18650 3.7V / 2.6Ah),Cell_18650,3.7,3.788,2.6,2.293,20.6,813,88.2,Pristine (Like New),Normal Stability (dt/dt < 0.2 C/min),"Grade A (Premium Reuse, >85% SoH)",Harvested & In Stock,55,120,65,4.87,Group_BIN_11,High-Drain & Traction Compatible
COMP_0499,B013,Modular Extruded Aluminum Enclosure & Frame,Casing_Alu,0.0,0.0,0.0,0.0,0.0,1392,93.7,Pristine (Like New),Normal Stability (dt/dt < 0.2 C/min),"Grade A (Premium Reuse, >85% SoH)",Harvested & In Stock,350,900,550,25.25,N/A (Non-Cell),Standard Modular Hardware Compatible
COMP_0500,B024,NTC Thermistor Temperature Sensor Probe (10k),Sensor_NTC,0.0,0.0,0.0,0.0,0.0,388,98.3,Pristine (Like New),Normal Stability (dt/dt < 0.2 C/min),"Grade A (Premium Reuse, >85% SoH)",Harvested & In Stock,40,150,110,5.45,N/A (Non-Cell),Standard Modular Hardware Compatible
COMP_0501,B126,Modular BMS Protection Board (4S 40A Balancer),BMS_4S,14.8,14.8,0.0,0.0,12.5,731,91.9,Pristine (Like New),Normal Stability (dt/dt < 0.2 C/min),"Grade A (Premium Reuse, >85% SoH)",Harvested & In Stock,450,950,500,23.0,N/A (Non-Cell),Standard Modular Hardware Compatible
COMP_0502,B244,Modular BMS Protection Board (4S 40A Balancer),BMS_4S,14.8,14.8,0.0,0.0,13.1,490,90.2,Pristine (Like New),Normal Stability (dt/dt < 0.2 C/min),"Grade A (Premium Reuse, >85% SoH)",Harvested & In Stock,450,950,500,23.0,N/A (Non-Cell),Standard Modular Hardware Compatible
COMP_0503,B313,NMC Pouch Cell (3.7V / 15Ah),Cell_NMC_15Ah,3.7,3.805,15.0,13.258,5.41,527,88.4,Pristine (Like New),Normal Stability (dt/dt < 0.2 C/min),"Grade A (Premium Reuse, >85% SoH)",Harvested & In Stock,500,1100,600,38.27,Group_BIN_11,High-Drain & Traction Compatible
COMP_0504,B436,Lithium-Ion Cylindrical Cell (18650 3.7V / 2.6Ah),Cell_18650,3.7,3.815,2.6,2.178,23.81,568,83.8,Pristine (Like New),Normal Stability (dt/dt < 0.4 C/min),"Grade B (Standard Reuse, 70-85% SoH)",Harvested & In Stock,55,120,65,4.78,Group_BIN_11,Stationary ESS & Solar Microgrid Compatible
COMP_0505,B234,Modular BMS Protection Board (4S 40A Balancer),BMS_4S,14.8,14.8,0.0,0.0,13.3,628,92.5,Pristine (Like New),Normal Stability (dt/dt < 0.2 C/min),"Grade A (Premium Reuse, >85% SoH)",Harvested & In Stock,450,950,500,23.0,N/A (Non-Cell),Standard Modular Hardware Compatible
COMP_0506,B213,Lithium-Ion Cylindrical Cell (18650 3.7V / 2.6Ah),Cell_18650,3.7,3.754,2.6,2.046,24.58,934,78.7,Cosmetic Enclosure Blemish,Normal Stability (dt/dt < 0.4 C/min),"Grade B (Standard Reuse, 70-85% SoH)",Harvested & In Stock,55,120,65,4.66,Group_BIN_10,Stationary ESS & Solar Microgrid Compatible
COMP_0507,B295,LiFePO4 Prismatic Cell (3.2V / 50Ah),Cell_LFP_50Ah,3.2,3.286,50.0,30.82,3.07,1525,61.6,Moderate Cycle Wear,Elevated Impedance (Manage C-Rate),"Grade C (Low-Stress Buffer, 55-70% SoH)",Harvested & In Stock,1200,2400,1200,80.2,Group_BIN_08,Low C-Rate IoT & Lantern Buffer Compatible
COMP_0508,B368,Nickel-Plated Copper Busbar Interconnect Link,Busbar_Cu,0.0,0.0,0.0,0.0,0.2,499,99.5,Pristine (Like New),Normal Stability (dt/dt < 0.2 C/min),"Grade A (Premium Reuse, >85% SoH)",Harvested & In Stock,50,140,90,4.55,N/A (Non-Cell),Standard Modular Hardware Compatible
COMP_0509,B357,Modular BMS Protection Board (16S 100A Smart CAN),BMS_16S,48.0,48.0,0.0,0.0,10.8,830,86.6,Pristine (Like New),Normal Stability (dt/dt < 0.2 C/min),"Grade A (Premium Reuse, >85% SoH)",Harvested & In Stock,1800,3800,2000,90.5,N/A (Non-Cell),Standard Modular Hardware Compatible
COMP_0510,B197,Lithium-Ion Cylindrical Cell (18650 3.7V / 2.6Ah),Cell_18650,3.7,3.764,2.6,2.169,22.51,755,83.4,Minor Surface Scratches,Normal Stability (dt/dt < 0.4 C/min),"Grade B (Standard Reuse, 70-85% SoH)",Harvested & In Stock,55,120,65,4.77,Group_BIN_11,Stationary ESS & Solar Microgrid Compatible
COMP_0511,B205,Nickel-Plated Copper Busbar Interconnect Link,Busbar_Cu,0.0,0.0,0.0,0.0,0.2,445,92.2,Pristine (Like New),Normal Stability (dt/dt < 0.2 C/min),"Grade A (Premium Reuse, >85% SoH)",Harvested & In Stock,50,140,90,4.55,N/A (Non-Cell),Standard Modular Hardware Compatible
COMP_0512,B125,NMC Pouch Cell (3.7V / 15Ah),Cell_NMC_15Ah,3.7,3.744,15.0,12.217,5.62,1064,81.4,Pristine (Like New),Normal Stability (dt/dt < 0.4 C/min),"Grade B (Standard Reuse, 70-85% SoH)",Harvested & In Stock,500,1100,600,37.38,Group_BIN_10,Stationary ESS & Solar Microgrid Compatible
COMP_0513,B336,NTC Thermistor Temperature Sensor Probe (10k),Sensor_NTC,0.0,0.0,0.0,0.0,0.0,561,99.5,Pristine (Like New),Normal Stability (dt/dt < 0.2 C/min),"Grade A (Premium Reuse, >85% SoH)",Harvested & In Stock,40,150,110,5.45,N/A (Non-Cell),Standard Modular Hardware Compatible
COMP_0514,B353,LiFePO4 Prismatic Cell (3.2V / 20Ah),Cell_LFP_20Ah,3.2,3.23,20.0,17.079,4.42,466,85.4,Pristine (Like New),Normal Stability (dt/dt < 0.2 C/min),"Grade A (Premium Reuse, >85% SoH)",Harvested & In Stock,650,1400,750,48.27,Group_BIN_11,High-Drain & Traction Compatible
COMP_0515,B003,LiFePO4 Prismatic Cell (3.2V / 50Ah),Cell_LFP_50Ah,3.2,3.28,50.0,42.433,2.33,638,84.9,Pristine (Like New),Normal Stability (dt/dt < 0.4 C/min),"Grade B (Standard Reuse, 70-85% SoH)",Harvested & In Stock,1200,2400,1200,90.07,Group_BIN_11,Stationary ESS & Solar Microgrid Compatible
COMP_0516,B399,LiFePO4 Prismatic Cell (3.2V / 20Ah),Cell_LFP_20Ah,3.2,3.329,20.0,15.699,4.93,1037,78.5,Minor Surface Scratches,Normal Stability (dt/dt < 0.4 C/min),"Grade B (Standard Reuse, 70-85% SoH)",Harvested & In Stock,650,1400,750,47.09,Group_BIN_10,Stationary ESS & Solar Microgrid Compatible
COMP_0517,B113,Modular BMS Protection Board (16S 100A Smart CAN),BMS_16S,48.0,48.0,0.0,0.0,8.8,882,88.1,Pristine (Like New),Normal Stability (dt/dt < 0.2 C/min),"Grade A (Premium Reuse, >85% SoH)",Harvested & In Stock,1800,3800,2000,90.5,N/A (Non-Cell),Standard Modular Hardware Compatible
COMP_0518,B091,Modular BMS Protection Board (3S 25A Compact),BMS_3S,11.1,11.1,0.0,0.0,24.0,862,92.1,Pristine (Like New),Normal Stability (dt/dt < 0.2 C/min),"Grade A (Premium Reuse, >85% SoH)",Harvested & In Stock,300,700,400,18.5,N/A (Non-Cell),Standard Modular Hardware Compatible
COMP_0519,B412,Lithium-Ion Cylindrical Cell (18650 3.7V / 2.6Ah),Cell_18650,3.7,3.751,2.6,2.043,22.64,1068,78.6,Cosmetic Enclosure Blemish,Normal Stability (dt/dt < 0.4 C/min),"Grade B (Standard Reuse, 70-85% SoH)",Harvested & In Stock,55,120,65,4.66,Group_BIN_10,Stationary ESS & Solar Microgrid Compatible
COMP_0520,B266,LiFePO4 Prismatic Cell (3.2V / 50Ah),Cell_LFP_50Ah,3.2,3.307,50.0,45.915,1.96,464,91.8,Pristine (Like New),Normal Stability (dt/dt < 0.2 C/min),"Grade A (Premium Reuse, >85% SoH)",Harvested & In Stock,1200,2400,1200,93.03,Group_BIN_12,High-Drain & Traction Compatible
COMP_0521,B238,LiFePO4 Prismatic Cell (3.2V / 20Ah),Cell_LFP_20Ah,3.2,3.315,20.0,16.129,4.51,735,80.6,Pristine (Like New),Normal Stability (dt/dt < 0.4 C/min),"Grade B (Standard Reuse, 70-85% SoH)",Harvested & In Stock,650,1400,750,47.46,Group_BIN_10,Stationary ESS & Solar Microgrid Compatible
COMP_0522,B286,Lithium-Ion Cylindrical Cell (18650 3.7V / 2.6Ah),Cell_18650,3.7,3.756,2.6,2.257,22.05,707,86.8,Pristine (Like New),Normal Stability (dt/dt < 0.2 C/min),"Grade A (Premium Reuse, >85% SoH)",Harvested & In Stock,55,120,65,4.84,Group_BIN_11,High-Drain & Traction Compatible
COMP_0523,B128,NMC Pouch Cell (3.7V / 15Ah),Cell_NMC_15Ah,3.7,3.852,15.0,10.883,6.32,1166,72.6,Pristine (Like New),Normal Stability (dt/dt < 0.4 C/min),"Grade B (Standard Reuse, 70-85% SoH)",Harvested & In Stock,500,1100,600,36.25,Group_BIN_09,Stationary ESS & Solar Microgrid Compatible
COMP_0524,B234,Lithium-Ion Cylindrical Cell (18650 3.7V / 2.6Ah),Cell_18650,3.7,3.806,2.6,2.245,23.69,678,86.3,Pristine (Like New),Normal Stability (dt/dt < 0.2 C/min),"Grade A (Premium Reuse, >85% SoH)",Harvested & In Stock,55,120,65,4.83,Group_BIN_11,High-Drain & Traction Compatible
COMP_0525,B069,LiFePO4 Prismatic Cell (3.2V / 50Ah),Cell_LFP_50Ah,3.2,3.281,50.0,41.831,2.4,875,83.7,Minor Surface Scratches,Normal Stability (dt/dt < 0.4 C/min),"Grade B (Standard Reuse, 70-85% SoH)",Harvested & In Stock,1200,2400,1200,89.56,Group_BIN_11,Stationary ESS & Solar Microgrid Compatible
COMP_0526,B342,NMC Pouch Cell (3.7V / 15Ah),Cell_NMC_15Ah,3.7,3.801,15.0,13.29,5.02,601,88.6,Pristine (Like New),Normal Stability (dt/dt < 0.2 C/min),"Grade A (Premium Reuse, >85% SoH)",Harvested & In Stock,500,1100,600,38.3,Group_BIN_11,High-Drain & Traction Compatible
COMP_0527,B272,Modular BMS Protection Board (4S 40A Balancer),BMS_4S,14.8,14.8,0.0,0.0,14.9,805,94.0,Pristine (Like New),Normal Stability (dt/dt < 0.2 C/min),"Grade A (Premium Reuse, >85% SoH)",Harvested & In Stock,450,950,500,23.0,N/A (Non-Cell),Standard Modular Hardware Compatible
COMP_0528,B287,Power Tool High-Drain Cell (18650 3.6V / 2.0Ah),Cell_PowerTool,3.6,3.655,2.0,1.591,16.93,988,79.5,Cosmetic Enclosure Blemish,Normal Stability (dt/dt < 0.4 C/min),"Grade B (Standard Reuse, 70-85% SoH)",Harvested & In Stock,90,180,90,5.4,Group_BIN_10,Stationary ESS & Solar Microgrid Compatible
COMP_0529,B163,Lithium-Ion Cylindrical Cell (18650 3.7V / 2.6Ah),Cell_18650,3.7,3.818,2.6,1.994,26.51,893,76.7,Minor Surface Scratches,Normal Stability (dt/dt < 0.4 C/min),"Grade B (Standard Reuse, 70-85% SoH)",Harvested & In Stock,55,120,65,4.62,Group_BIN_10,Stationary ESS & Solar Microgrid Compatible
COMP_0530,B314,NMC Pouch Cell (3.7V / 15Ah),Cell_NMC_15Ah,3.7,3.765,15.0,14.12,4.41,358,94.1,Pristine (Like New),Normal Stability (dt/dt < 0.2 C/min),"Grade A (Premium Reuse, >85% SoH)",Harvested & In Stock,500,1100,600,39.0,Group_BIN_12,High-Drain & Traction Compatible
COMP_0531,B418,Modular BMS Protection Board (16S 100A Smart CAN),BMS_16S,48.0,48.0,0.0,0.0,7.9,1173,92.9,Pristine (Like New),Normal Stability (dt/dt < 0.2 C/min),"Grade A (Premium Reuse, >85% SoH)",Harvested & In Stock,1800,3800,2000,90.5,N/A (Non-Cell),Standard Modular Hardware Compatible
COMP_0532,B369,Lithium-Ion Cylindrical Cell (18650 3.7V / 2.6Ah),Cell_18650,3.7,3.8,2.6,2.189,23.64,840,84.2,Cosmetic Enclosure Blemish,Normal Stability (dt/dt < 0.4 C/min),"Grade B (Standard Reuse, 70-85% SoH)",Harvested & In Stock,55,120,65,4.79,Group_BIN_11,Stationary ESS & Solar Microgrid Compatible
COMP_0533,B219,Lithium-Ion Cylindrical Cell (18650 3.7V / 2.6Ah),Cell_18650,3.7,3.77,2.6,2.502,19.25,419,96.2,Pristine (Like New),Normal Stability (dt/dt < 0.2 C/min),"Grade A (Premium Reuse, >85% SoH)",Harvested & In Stock,55,120,65,5.05,Group_BIN_12,High-Drain & Traction Compatible
COMP_0534,B426,Modular BMS Protection Board (10S 30A e-Bike),BMS_10S,36.0,36.0,0.0,0.0,22.2,1426,80.1,Cosmetic Enclosure Blemish,Normal Stability (dt/dt < 0.4 C/min),"Grade B (Standard Reuse, 70-85% SoH)",Harvested & In Stock,600,1300,700,32.0,N/A (Non-Cell),Standard Modular Hardware Compatible
COMP_0535,B229,Lithium-Ion Cylindrical Cell (18650 3.7V / 2.6Ah),Cell_18650,3.7,3.812,2.6,2.461,20.07,105,94.7,Pristine (Like New),Normal Stability (dt/dt < 0.2 C/min),"Grade A (Premium Reuse, >85% SoH)",Harvested & In Stock,55,120,65,5.02,Group_BIN_12,High-Drain & Traction Compatible
COMP_0536,B460,Modular BMS Protection Board (16S 100A Smart CAN),BMS_16S,48.0,48.0,0.0,0.0,10.4,876,86.9,Pristine (Like New),Normal Stability (dt/dt < 0.2 C/min),"Grade A (Premium Reuse, >85% SoH)",Harvested & In Stock,1800,3800,2000,90.5,N/A (Non-Cell),Standard Modular Hardware Compatible
COMP_0537,B082,NTC Thermistor Temperature Sensor Probe (10k),Sensor_NTC,0.0,0.0,0.0,0.0,0.0,786,95.3,Pristine (Like New),Normal Stability (dt/dt < 0.2 C/min),"Grade A (Premium Reuse, >85% SoH)",Harvested & In Stock,40,150,110,5.45,N/A (Non-Cell),Standard Modular Hardware Compatible
COMP_0538,B381,LiFePO4 Prismatic Cell (3.2V / 50Ah),Cell_LFP_50Ah,3.2,3.219,50.0,40.052,2.32,764,80.1,Minor Surface Scratches,Normal Stability (dt/dt < 0.4 C/min),"Grade B (Standard Reuse, 70-85% SoH)",Harvested & In Stock,1200,2400,1200,88.04,Group_BIN_10,Stationary ESS & Solar Microgrid Compatible
COMP_0539,B231,Modular BMS Protection Board (4S 40A Balancer),BMS_4S,14.8,14.8,0.0,0.0,14.7,1090,87.2,Pristine (Like New),Normal Stability (dt/dt < 0.2 C/min),"Grade A (Premium Reuse, >85% SoH)",Harvested & In Stock,450,950,500,23.0,N/A (Non-Cell),Standard Modular Hardware Compatible
COMP_0540,B133,Modular BMS Protection Board (16S 100A Smart CAN),BMS_16S,48.0,48.0,0.0,0.0,5.8,540,88.6,Pristine (Like New),Normal Stability (dt/dt < 0.2 C/min),"Grade A (Premium Reuse, >85% SoH)",Harvested & In Stock,1800,3800,2000,90.5,N/A (Non-Cell),Standard Modular Hardware Compatible
COMP_0541,B385,Lithium-Ion Cylindrical Cell (18650 3.7V / 2.6Ah),Cell_18650,3.7,3.835,2.6,2.156,23.39,850,82.9,Pristine (Like New),Normal Stability (dt/dt < 0.4 C/min),"Grade B (Standard Reuse, 70-85% SoH)",Harvested & In Stock,55,120,65,4.76,Group_BIN_10,Stationary ESS & Solar Microgrid Compatible
COMP_0542,B431,Power Tool High-Drain Cell (18650 3.6V / 2.0Ah),Cell_PowerTool,3.6,3.663,2.0,1.703,14.41,626,85.1,Pristine (Like New),Normal Stability (dt/dt < 0.2 C/min),"Grade A (Premium Reuse, >85% SoH)",Harvested & In Stock,90,180,90,5.5,Group_BIN_11,High-Drain & Traction Compatible
COMP_0543,B327,Lithium-Ion Cylindrical Cell (18650 3.7V / 2.6Ah),Cell_18650,3.7,3.727,2.6,2.167,21.9,688,83.3,Minor Surface Scratches,Normal Stability (dt/dt < 0.4 C/min),"Grade B (Standard Reuse, 70-85% SoH)",Harvested & In Stock,55,120,65,4.77,Group_BIN_11,Stationary ESS & Solar Microgrid Compatible
COMP_0544,B393,Modular Extruded Aluminum Enclosure & Frame,Casing_Alu,0.0,0.0,0.0,0.0,0.0,1005,93.3,Pristine (Like New),Normal Stability (dt/dt < 0.2 C/min),"Grade A (Premium Reuse, >85% SoH)",Harvested & In Stock,350,900,550,25.25,N/A (Non-Cell),Standard Modular Hardware Compatible
COMP_0545,B399,Modular BMS Protection Board (4S 40A Balancer),BMS_4S,14.8,14.8,0.0,0.0,18.4,939,88.6,Pristine (Like New),Normal Stability (dt/dt < 0.2 C/min),"Grade A (Premium Reuse, >85% SoH)",Harvested & In Stock,450,950,500,23.0,N/A (Non-Cell),Standard Modular Hardware Compatible
COMP_0546,B267,LiFePO4 Prismatic Cell (3.2V / 50Ah),Cell_LFP_50Ah,3.2,3.222,50.0,39.191,2.49,894,78.4,Minor Surface Scratches,Normal Stability (dt/dt < 0.4 C/min),"Grade B (Standard Reuse, 70-85% SoH)",Harvested & In Stock,1200,2400,1200,87.31,Group_BIN_10,Stationary ESS & Solar Microgrid Compatible
COMP_0547,B321,Lithium-Ion Cylindrical Cell (18650 3.7V / 2.6Ah),Cell_18650,3.7,3.796,2.6,2.124,24.0,656,81.7,Pristine (Like New),Normal Stability (dt/dt < 0.4 C/min),"Grade B (Standard Reuse, 70-85% SoH)",Harvested & In Stock,55,120,65,4.73,Group_BIN_10,Stationary ESS & Solar Microgrid Compatible
COMP_0548,B141,Lithium-Ion Cylindrical Cell (18650 3.7V / 2.6Ah),Cell_18650,3.7,3.834,2.6,2.385,22.19,339,91.7,Pristine (Like New),Normal Stability (dt/dt < 0.2 C/min),"Grade A (Premium Reuse, >85% SoH)",Harvested & In Stock,55,120,65,4.95,Group_BIN_12,High-Drain & Traction Compatible
COMP_0549,B226,Power Tool High-Drain Cell (18650 3.6V / 2.0Ah),Cell_PowerTool,3.6,3.717,2.0,1.709,14.2,800,85.4,Pristine (Like New),Normal Stability (dt/dt < 0.2 C/min),"Grade A (Premium Reuse, >85% SoH)",Harvested & In Stock,90,180,90,5.5,Group_BIN_11,High-Drain & Traction Compatible
COMP_0550,B040,Lithium-Ion Cylindrical Cell (18650 3.7V / 2.6Ah),Cell_18650,3.7,3.794,2.6,2.011,25.83,1066,77.4,Cosmetic Enclosure Blemish,Normal Stability (dt/dt < 0.4 C/min),"Grade B (Standard Reuse, 70-85% SoH)",Harvested & In Stock,55,120,65,4.63,Group_BIN_10,Stationary ESS & Solar Microgrid Compatible
COMP_0551,B147,Lithium-Ion Cylindrical Cell (18650 3.7V / 2.6Ah),Cell_18650,3.7,3.848,2.6,2.457,19.01,349,94.5,Pristine (Like New),Normal Stability (dt/dt < 0.2 C/min),"Grade A (Premium Reuse, >85% SoH)",Harvested & In Stock,55,120,65,5.01,Group_BIN_12,High-Drain & Traction Compatible
COMP_0552,B121,Lithium-Ion Cylindrical Cell (18650 3.7V / 2.6Ah),Cell_18650,3.7,3.778,2.6,2.297,22.28,599,88.4,Pristine (Like New),Normal Stability (dt/dt < 0.2 C/min),"Grade A (Premium Reuse, >85% SoH)",Harvested & In Stock,55,120,65,4.88,Group_BIN_11,High-Drain & Traction Compatible
COMP_0553,B140,LiFePO4 Prismatic Cell (3.2V / 50Ah),Cell_LFP_50Ah,3.2,3.274,50.0,44.405,2.08,566,88.8,Pristine (Like New),Normal Stability (dt/dt < 0.2 C/min),"Grade A (Premium Reuse, >85% SoH)",Harvested & In Stock,1200,2400,1200,91.74,Group_BIN_11,High-Drain & Traction Compatible
COMP_0554,B172,Modular BMS Protection Board (4S 40A Balancer),BMS_4S,14.8,14.8,0.0,0.0,14.1,435,97.0,Pristine (Like New),Normal Stability (dt/dt < 0.2 C/min),"Grade A (Premium Reuse, >85% SoH)",Harvested & In Stock,450,950,500,23.0,N/A (Non-Cell),Standard Modular Hardware Compatible
COMP_0555,B164,Modular BMS Protection Board (4S 40A Balancer),BMS_4S,14.8,14.8,0.0,0.0,14.8,686,92.6,Pristine (Like New),Normal Stability (dt/dt < 0.2 C/min),"Grade A (Premium Reuse, >85% SoH)",Harvested & In Stock,450,950,500,23.0,N/A (Non-Cell),Standard Modular Hardware Compatible
COMP_0556,B458,Power Tool High-Drain Cell (18650 3.6V / 2.0Ah),Cell_PowerTool,3.6,3.691,2.0,1.853,13.29,428,92.7,Pristine (Like New),Normal Stability (dt/dt < 0.2 C/min),"Grade A (Premium Reuse, >85% SoH)",Harvested & In Stock,90,180,90,5.63,Group_BIN_12,High-Drain & Traction Compatible
COMP_0557,B277,Lithium-Ion Cylindrical Cell (18650 3.7V / 2.6Ah),Cell_18650,3.7,3.745,2.6,2.211,22.22,758,85.0,Pristine (Like New),Normal Stability (dt/dt < 0.4 C/min),"Grade B (Standard Reuse, 70-85% SoH)",Harvested & In Stock,55,120,65,4.8,Group_BIN_11,Stationary ESS & Solar Microgrid Compatible
COMP_0558,B071,Lithium-Ion Cylindrical Cell (18650 3.7V / 2.6Ah),Cell_18650,3.7,3.839,2.6,2.005,26.03,943,77.1,Pristine (Like New),Normal Stability (dt/dt < 0.4 C/min),"Grade B (Standard Reuse, 70-85% SoH)",Harvested & In Stock,55,120,65,4.63,Group_BIN_10,Stationary ESS & Solar Microgrid Compatible
COMP_0559,B119,Power Tool High-Drain Cell (18650 3.6V / 2.0Ah),Cell_PowerTool,3.6,3.688,2.0,1.595,15.53,982,79.8,Minor Surface Scratches,Normal Stability (dt/dt < 0.4 C/min),"Grade B (Standard Reuse, 70-85% SoH)",Harvested & In Stock,90,180,90,5.41,Group_BIN_10,Stationary ESS & Solar Microgrid Compatible
COMP_0560,B356,Power Tool High-Drain Cell (18650 3.6V / 2.0Ah),Cell_PowerTool,3.6,3.682,2.0,1.936,12.23,266,96.8,Pristine (Like New),Normal Stability (dt/dt < 0.2 C/min),"Grade A (Premium Reuse, >85% SoH)",Harvested & In Stock,90,180,90,5.7,Group_BIN_12,High-Drain & Traction Compatible
COMP_0561,B079,LiFePO4 Prismatic Cell (3.2V / 50Ah),Cell_LFP_50Ah,3.2,3.291,50.0,38.786,2.37,1124,77.6,Cosmetic Enclosure Blemish,Normal Stability (dt/dt < 0.4 C/min),"Grade B (Standard Reuse, 70-85% SoH)",Harvested & In Stock,1200,2400,1200,86.97,Group_BIN_10,Stationary ESS & Solar Microgrid Compatible
COMP_0562,B110,LiFePO4 Prismatic Cell (3.2V / 50Ah),Cell_LFP_50Ah,3.2,3.338,50.0,47.166,1.96,356,94.3,Pristine (Like New),Normal Stability (dt/dt < 0.2 C/min),"Grade A (Premium Reuse, >85% SoH)",Harvested & In Stock,1200,2400,1200,94.09,Group_BIN_12,High-Drain & Traction Compatible
COMP_0563,B033,Power Tool High-Drain Cell (18650 3.6V / 2.0Ah),Cell_PowerTool,3.6,3.599,2.0,1.33,18.27,1385,66.5,Slight Terminal Oxidation,Elevated Impedance (Manage C-Rate),"Grade C (Low-Stress Buffer, 55-70% SoH)",Harvested & In Stock,90,180,90,5.18,Group_BIN_08,Low C-Rate IoT & Lantern Buffer Compatible
COMP_0564,B209,Power Tool High-Drain Cell (18650 3.6V / 2.0Ah),Cell_PowerTool,3.6,3.678,2.0,1.659,15.45,892,83.0,Minor Surface Scratches,Normal Stability (dt/dt < 0.4 C/min),"Grade B (Standard Reuse, 70-85% SoH)",Harvested & In Stock,90,180,90,5.46,Group_BIN_10,Stationary ESS & Solar Microgrid Compatible
COMP_0565,B278,LiFePO4 Prismatic Cell (3.2V / 50Ah),Cell_LFP_50Ah,3.2,3.279,50.0,39.479,2.55,957,79.0,Minor Surface Scratches,Normal Stability (dt/dt < 0.4 C/min),"Grade B (Standard Reuse, 70-85% SoH)",Harvested & In Stock,1200,2400,1200,87.56,Group_BIN_10,Stationary ESS & Solar Microgrid Compatible
COMP_0566,B213,Lithium-Ion Cylindrical Cell (18650 3.7V / 2.6Ah),Cell_18650,3.7,3.813,2.6,2.267,21.02,779,87.2,Pristine (Like New),Normal Stability (dt/dt < 0.2 C/min),"Grade A (Premium Reuse, >85% SoH)",Harvested & In Stock,55,120,65,4.85,Group_BIN_11,High-Drain & Traction Compatible
COMP_0567,B032,Lithium-Ion Cylindrical Cell (18650 3.7V / 2.6Ah),Cell_18650,3.7,3.787,2.6,1.838,27.61,1190,70.7,Pristine (Like New),Normal Stability (dt/dt < 0.4 C/min),"Grade B (Standard Reuse, 70-85% SoH)",Harvested & In Stock,55,120,65,4.49,Group_BIN_09,Stationary ESS & Solar Microgrid Compatible
COMP_0568,B427,Power Tool High-Drain Cell (18650 3.6V / 2.0Ah),Cell_PowerTool,3.6,3.647,2.0,1.699,14.6,601,84.9,Minor Surface Scratches,Normal Stability (dt/dt < 0.4 C/min),"Grade B (Standard Reuse, 70-85% SoH)",Harvested & In Stock,90,180,90,5.49,Group_BIN_11,Stationary ESS & Solar Microgrid Compatible
COMP_0569,B200,NMC Pouch Cell (3.7V / 15Ah),Cell_NMC_15Ah,3.7,3.761,15.0,13.685,5.08,471,91.2,Pristine (Like New),Normal Stability (dt/dt < 0.2 C/min),"Grade A (Premium Reuse, >85% SoH)",Harvested & In Stock,500,1100,600,38.63,Group_BIN_11,High-Drain & Traction Compatible
COMP_0570,B464,Modular BMS Protection Board (16S 100A Smart CAN),BMS_16S,48.0,48.0,0.0,0.0,7.7,799,90.8,Pristine (Like New),Normal Stability (dt/dt < 0.2 C/min),"Grade A (Premium Reuse, >85% SoH)",Harvested & In Stock,1800,3800,2000,90.5,N/A (Non-Cell),Standard Modular Hardware Compatible
COMP_0571,B395,LiFePO4 Prismatic Cell (3.2V / 50Ah),Cell_LFP_50Ah,3.2,3.323,50.0,36.409,2.68,1332,72.8,Cosmetic Enclosure Blemish,Normal Stability (dt/dt < 0.4 C/min),"Grade B (Standard Reuse, 70-85% SoH)",Harvested & In Stock,1200,2400,1200,84.95,Group_BIN_09,Stationary ESS & Solar Microgrid Compatible
COMP_0572,B485,NMC Pouch Cell (3.7V / 15Ah),Cell_NMC_15Ah,3.7,3.817,15.0,11.291,6.0,1174,75.3,Cosmetic Enclosure Blemish,Normal Stability (dt/dt < 0.4 C/min),"Grade B (Standard Reuse, 70-85% SoH)",Harvested & In Stock,500,1100,600,36.6,Group_BIN_10,Stationary ESS & Solar Microgrid Compatible
COMP_0573,B011,Modular BMS Protection Board (3S 25A Compact),BMS_3S,11.1,11.1,0.0,0.0,28.2,1212,87.1,Pristine (Like New),Normal Stability (dt/dt < 0.2 C/min),"Grade A (Premium Reuse, >85% SoH)",Harvested & In Stock,300,700,400,18.5,N/A (Non-Cell),Standard Modular Hardware Compatible
COMP_0574,B439,Power Tool High-Drain Cell (18650 3.6V / 2.0Ah),Cell_PowerTool,3.6,3.643,2.0,1.721,15.35,508,86.0,Pristine (Like New),Normal Stability (dt/dt < 0.2 C/min),"Grade A (Premium Reuse, >85% SoH)",Harvested & In Stock,90,180,90,5.51,Group_BIN_11,High-Drain & Traction Compatible
COMP_0575,B451,Lithium-Ion Cylindrical Cell (18650 3.7V / 2.6Ah),Cell_18650,3.7,3.797,2.6,2.123,23.69,1072,81.6,Cosmetic Enclosure Blemish,Normal Stability (dt/dt < 0.4 C/min),"Grade B (Standard Reuse, 70-85% SoH)",Harvested & In Stock,55,120,65,4.73,Group_BIN_10,Stationary ESS & Solar Microgrid Compatible
COMP_0576,B195,LiFePO4 Prismatic Cell (3.2V / 50Ah),Cell_LFP_50Ah,3.2,3.297,50.0,37.448,2.83,1099,74.9,Minor Surface Scratches,Normal Stability (dt/dt < 0.4 C/min),"Grade B (Standard Reuse, 70-85% SoH)",Harvested & In Stock,1200,2400,1200,85.83,Group_BIN_09,Stationary ESS & Solar Microgrid Compatible
COMP_0577,B004,Lithium-Ion Cylindrical Cell (18650 3.7V / 2.6Ah),Cell_18650,3.7,3.752,2.6,1.783,27.51,1347,68.6,Slight Terminal Oxidation,Elevated Impedance (Manage C-Rate),"Grade C (Low-Stress Buffer, 55-70% SoH)",Harvested & In Stock,55,120,65,4.44,Group_BIN_09,Low C-Rate IoT & Lantern Buffer Compatible
COMP_0578,B153,Nickel-Plated Copper Busbar Interconnect Link,Busbar_Cu,0.0,0.0,0.0,0.0,0.2,1046,99.5,Pristine (Like New),Normal Stability (dt/dt < 0.2 C/min),"Grade A (Premium Reuse, >85% SoH)",Harvested & In Stock,50,140,90,4.55,N/A (Non-Cell),Standard Modular Hardware Compatible
COMP_0579,B386,LiFePO4 Prismatic Cell (3.2V / 20Ah),Cell_LFP_20Ah,3.2,3.322,20.0,15.376,5.15,733,76.9,Minor Surface Scratches,Normal Stability (dt/dt < 0.4 C/min),"Grade B (Standard Reuse, 70-85% SoH)",Harvested & In Stock,650,1400,750,46.82,Group_BIN_10,Stationary ESS & Solar Microgrid Compatible
COMP_0580,B437,Lithium-Ion Cylindrical Cell (18650 3.7V / 2.6Ah),Cell_18650,3.7,3.817,2.6,2.136,24.08,812,82.1,Minor Surface Scratches,Normal Stability (dt/dt < 0.4 C/min),"Grade B (Standard Reuse, 70-85% SoH)",Harvested & In Stock,55,120,65,4.74,Group_BIN_10,Stationary ESS & Solar Microgrid Compatible
COMP_0581,B276,NMC Pouch Cell (3.7V / 15Ah),Cell_NMC_15Ah,3.7,3.748,15.0,12.076,5.6,761,80.5,Cosmetic Enclosure Blemish,Normal Stability (dt/dt < 0.4 C/min),"Grade B (Standard Reuse, 70-85% SoH)",Harvested & In Stock,500,1100,600,37.26,Group_BIN_10,Stationary ESS & Solar Microgrid Compatible
COMP_0582,B377,Lithium-Ion Cylindrical Cell (18650 3.7V / 2.6Ah),Cell_18650,3.7,3.771,2.6,2.324,22.21,571,89.4,Pristine (Like New),Normal Stability (dt/dt < 0.2 C/min),"Grade A (Premium Reuse, >85% SoH)",Harvested & In Stock,55,120,65,4.9,Group_BIN_11,High-Drain & Traction Compatible
COMP_0583,B280,Lithium-Ion Cylindrical Cell (18650 3.7V / 2.6Ah),Cell_18650,3.7,3.749,2.6,2.426,20.13,340,93.3,Pristine (Like New),Normal Stability (dt/dt < 0.2 C/min),"Grade A (Premium Reuse, >85% SoH)",Harvested & In Stock,55,120,65,4.99,Group_BIN_12,High-Drain & Traction Compatible
COMP_0584,B410,NMC Pouch Cell (3.7V / 15Ah),Cell_NMC_15Ah,3.7,3.85,15.0,13.558,4.99,573,90.4,Pristine (Like New),Normal Stability (dt/dt < 0.2 C/min),"Grade A (Premium Reuse, >85% SoH)",Harvested & In Stock,500,1100,600,38.52,Group_BIN_11,High-Drain & Traction Compatible
COMP_0585,B309,Modular BMS Protection Board (10S 30A e-Bike),BMS_10S,36.0,36.0,0.0,0.0,15.8,1124,90.0,Pristine (Like New),Normal Stability (dt/dt < 0.2 C/min),"Grade A (Premium Reuse, >85% SoH)",Harvested & In Stock,600,1300,700,32.0,N/A (Non-Cell),Standard Modular Hardware Compatible
COMP_0586,B460,Modular BMS Protection Board (16S 100A Smart CAN),BMS_16S,48.0,48.0,0.0,0.0,7.6,823,87.5,Pristine (Like New),Normal Stability (dt/dt < 0.2 C/min),"Grade A (Premium Reuse, >85% SoH)",Harvested & In Stock,1800,3800,2000,90.5,N/A (Non-Cell),Standard Modular Hardware Compatible
COMP_0587,B113,Modular BMS Protection Board (3S 25A Compact),BMS_3S,11.1,11.1,0.0,0.0,24.6,941,93.5,Pristine (Like New),Normal Stability (dt/dt < 0.2 C/min),"Grade A (Premium Reuse, >85% SoH)",Harvested & In Stock,300,700,400,18.5,N/A (Non-Cell),Standard Modular Hardware Compatible
COMP_0588,B250,Modular BMS Protection Board (10S 30A e-Bike),BMS_10S,36.0,36.0,0.0,0.0,20.1,447,94.3,Pristine (Like New),Normal Stability (dt/dt < 0.2 C/min),"Grade A (Premium Reuse, >85% SoH)",Harvested & In Stock,600,1300,700,32.0,N/A (Non-Cell),Standard Modular Hardware Compatible
COMP_0589,B113,Lithium-Ion Cylindrical Cell (18650 3.7V / 2.6Ah),Cell_18650,3.7,3.782,2.6,2.141,24.16,930,82.4,Minor Surface Scratches,Normal Stability (dt/dt < 0.4 C/min),"Grade B (Standard Reuse, 70-85% SoH)",Harvested & In Stock,55,120,65,4.74,Group_BIN_10,Stationary ESS & Solar Microgrid Compatible
COMP_0590,B224,Lithium-Ion Cylindrical Cell (18650 3.7V / 2.6Ah),Cell_18650,3.7,3.76,2.6,1.802,29.02,1424,69.3,Slight Terminal Oxidation,Elevated Impedance (Manage C-Rate),"Grade C (Low-Stress Buffer, 55-70% SoH)",Harvested & In Stock,55,120,65,4.46,Group_BIN_09,Low C-Rate IoT & Lantern Buffer Compatible
COMP_0591,B015,LiFePO4 Prismatic Cell (3.2V / 20Ah),Cell_LFP_20Ah,3.2,3.221,20.0,16.071,4.52,799,80.4,Minor Surface Scratches,Normal Stability (dt/dt < 0.4 C/min),"Grade B (Standard Reuse, 70-85% SoH)",Harvested & In Stock,650,1400,750,47.41,Group_BIN_10,Stationary ESS & Solar Microgrid Compatible
COMP_0592,B173,Lithium-Ion Cylindrical Cell (18650 3.7V / 2.6Ah),Cell_18650,3.7,3.831,2.6,1.733,29.61,1215,66.7,Enclosure Hairline Crack,Elevated Impedance (Manage C-Rate),"Grade C (Low-Stress Buffer, 55-70% SoH)",Harvested & In Stock,55,120,65,4.4,Group_BIN_08,Low C-Rate IoT & Lantern Buffer Compatible
COMP_0593,B348,Modular BMS Protection Board (4S 40A Balancer),BMS_4S,14.8,14.8,0.0,0.0,15.5,600,99.0,Pristine (Like New),Normal Stability (dt/dt < 0.2 C/min),"Grade A (Premium Reuse, >85% SoH)",Harvested & In Stock,450,950,500,23.0,N/A (Non-Cell),Standard Modular Hardware Compatible
COMP_0594,B409,Lithium-Ion Cylindrical Cell (18650 3.7V / 2.6Ah),Cell_18650,3.7,3.808,2.6,2.187,24.45,784,84.1,Minor Surface Scratches,Normal Stability (dt/dt < 0.4 C/min),"Grade B (Standard Reuse, 70-85% SoH)",Harvested & In Stock,55,120,65,4.78,Group_BIN_11,Stationary ESS & Solar Microgrid Compatible
COMP_0595,B371,Modular BMS Protection Board (10S 30A e-Bike),BMS_10S,36.0,36.0,0.0,0.0,20.1,928,87.1,Pristine (Like New),Normal Stability (dt/dt < 0.2 C/min),"Grade A (Premium Reuse, >85% SoH)",Harvested & In Stock,600,1300,700,32.0,N/A (Non-Cell),Standard Modular Hardware Compatible
COMP_0596,B085,Power Tool High-Drain Cell (18650 3.6V / 2.0Ah),Cell_PowerTool,3.6,3.661,2.0,1.85,13.36,437,92.5,Pristine (Like New),Normal Stability (dt/dt < 0.2 C/min),"Grade A (Premium Reuse, >85% SoH)",Harvested & In Stock,90,180,90,5.62,Group_BIN_12,High-Drain & Traction Compatible
COMP_0597,B431,NTC Thermistor Temperature Sensor Probe (10k),Sensor_NTC,0.0,0.0,0.0,0.0,0.0,579,96.8,Pristine (Like New),Normal Stability (dt/dt < 0.2 C/min),"Grade A (Premium Reuse, >85% SoH)",Harvested & In Stock,40,150,110,5.45,N/A (Non-Cell),Standard Modular Hardware Compatible
COMP_0598,B240,Modular BMS Protection Board (4S 40A Balancer),BMS_4S,14.8,14.8,0.0,0.0,15.4,1321,90.6,Pristine (Like New),Normal Stability (dt/dt < 0.2 C/min),"Grade A (Premium Reuse, >85% SoH)",Harvested & In Stock,450,950,500,23.0,N/A (Non-Cell),Standard Modular Hardware Compatible
COMP_0599,B471,Power Tool High-Drain Cell (18650 3.6V / 2.0Ah),Cell_PowerTool,3.6,3.64,2.0,1.318,18.64,1538,65.9,Moderate Cycle Wear,Elevated Impedance (Manage C-Rate),"Grade C (Low-Stress Buffer, 55-70% SoH)",Harvested & In Stock,90,180,90,5.17,Group_BIN_08,Low C-Rate IoT & Lantern Buffer Compatible
COMP_0600,B319,Lithium-Ion Cylindrical Cell (18650 3.7V / 2.6Ah),Cell_18650,3.7,3.765,2.6,1.929,25.65,1024,74.2,Cosmetic Enclosure Blemish,Normal Stability (dt/dt < 0.4 C/min),"Grade B (Standard Reuse, 70-85% SoH)",Harvested & In Stock,55,120,65,4.56,Group_BIN_09,Stationary ESS & Solar Microgrid Compatible
COMP_0601,B014,NTC Thermistor Temperature Sensor Probe (10k),Sensor_NTC,0.0,0.0,0.0,0.0,0.0,1172,89.0,Pristine (Like New),Normal Stability (dt/dt < 0.2 C/min),"Grade A (Premium Reuse, >85% SoH)",Harvested & In Stock,40,150,110,5.45,N/A (Non-Cell),Standard Modular Hardware Compatible
COMP_0602,B465,Lithium-Ion Cylindrical Cell (18650 3.7V / 2.6Ah),Cell_18650,3.7,3.8,2.6,1.696,30.63,1456,65.2,Slight Terminal Oxidation,Elevated Impedance (Manage C-Rate),"Grade C (Low-Stress Buffer, 55-70% SoH)",Harvested & In Stock,55,120,65,4.37,Group_BIN_08,Low C-Rate IoT & Lantern Buffer Compatible
COMP_0603,B304,Modular BMS Protection Board (16S 100A Smart CAN),BMS_16S,48.0,48.0,0.0,0.0,5.8,1642,87.6,Pristine (Like New),Normal Stability (dt/dt < 0.2 C/min),"Grade A (Premium Reuse, >85% SoH)",Harvested & In Stock,1800,3800,2000,90.5,N/A (Non-Cell),Standard Modular Hardware Compatible
COMP_0604,B289,Lithium-Ion Cylindrical Cell (18650 3.7V / 2.6Ah),Cell_18650,3.7,3.744,2.6,1.94,25.17,1230,74.6,Cosmetic Enclosure Blemish,Normal Stability (dt/dt < 0.4 C/min),"Grade B (Standard Reuse, 70-85% SoH)",Harvested & In Stock,55,120,65,4.57,Group_BIN_09,Stationary ESS & Solar Microgrid Compatible
COMP_0605,B014,Lithium-Ion Cylindrical Cell (18650 3.7V / 2.6Ah),Cell_18650,3.7,3.805,2.6,1.971,24.47,1196,75.8,Pristine (Like New),Normal Stability (dt/dt < 0.4 C/min),"Grade B (Standard Reuse, 70-85% SoH)",Harvested & In Stock,55,120,65,4.6,Group_BIN_10,Stationary ESS & Solar Microgrid Compatible
COMP_0606,B330,Power Tool High-Drain Cell (18650 3.6V / 2.0Ah),Cell_PowerTool,3.6,3.703,2.0,1.776,14.0,594,88.8,Pristine (Like New),Normal Stability (dt/dt < 0.2 C/min),"Grade A (Premium Reuse, >85% SoH)",Harvested & In Stock,90,180,90,5.56,Group_BIN_11,High-Drain & Traction Compatible
COMP_0607,B220,Lithium-Ion Cylindrical Cell (18650 3.7V / 2.6Ah),Cell_18650,3.7,3.777,2.6,2.424,19.78,503,93.2,Pristine (Like New),Normal Stability (dt/dt < 0.2 C/min),"Grade A (Premium Reuse, >85% SoH)",Harvested & In Stock,55,120,65,4.99,Group_BIN_12,High-Drain & Traction Compatible
COMP_0608,B070,Lithium-Ion Cylindrical Cell (18650 3.7V / 2.6Ah),Cell_18650,3.7,3.769,2.6,2.098,24.35,665,80.7,Minor Surface Scratches,Normal Stability (dt/dt < 0.4 C/min),"Grade B (Standard Reuse, 70-85% SoH)",Harvested & In Stock,55,120,65,4.71,Group_BIN_10,Stationary ESS & Solar Microgrid Compatible
COMP_0609,B094,LiFePO4 Prismatic Cell (3.2V / 50Ah),Cell_LFP_50Ah,3.2,3.306,50.0,43.49,2.18,552,87.0,Pristine (Like New),Normal Stability (dt/dt < 0.2 C/min),"Grade A (Premium Reuse, >85% SoH)",Harvested & In Stock,1200,2400,1200,90.97,Group_BIN_11,High-Drain & Traction Compatible
COMP_0610,B026,NMC Pouch Cell (3.7V / 15Ah),Cell_NMC_15Ah,3.7,3.77,15.0,12.464,5.26,852,83.1,Minor Surface Scratches,Normal Stability (dt/dt < 0.4 C/min),"Grade B (Standard Reuse, 70-85% SoH)",Harvested & In Stock,500,1100,600,37.59,Group_BIN_10,Stationary ESS & Solar Microgrid Compatible
COMP_0611,B195,Lithium-Ion Cylindrical Cell (18650 3.7V / 2.6Ah),Cell_18650,3.7,3.806,2.6,1.876,25.4,1185,72.1,Minor Surface Scratches,Normal Stability (dt/dt < 0.4 C/min),"Grade B (Standard Reuse, 70-85% SoH)",Harvested & In Stock,55,120,65,4.52,Group_BIN_09,Stationary ESS & Solar Microgrid Compatible
COMP_0612,B109,Power Tool High-Drain Cell (18650 3.6V / 2.0Ah),Cell_PowerTool,3.6,3.724,2.0,1.658,15.93,959,82.9,Minor Surface Scratches,Normal Stability (dt/dt < 0.4 C/min),"Grade B (Standard Reuse, 70-85% SoH)",Harvested & In Stock,90,180,90,5.46,Group_BIN_10,Stationary ESS & Solar Microgrid Compatible
COMP_0613,B168,NMC Pouch Cell (3.7V / 15Ah),Cell_NMC_15Ah,3.7,3.85,15.0,12.717,5.69,737,84.8,Minor Surface Scratches,Normal Stability (dt/dt < 0.4 C/min),"Grade B (Standard Reuse, 70-85% SoH)",Harvested & In Stock,500,1100,600,37.81,Group_BIN_11,Stationary ESS & Solar Microgrid Compatible
COMP_0614,B390,Flame-Retardant Cell Spacer & Insulation Shield,Spacer_Matrix,0.0,2.1,0.0,0.0,0.0,774,87.7,Pristine (Like New),Normal Stability (dt/dt < 0.2 C/min),"Grade A (Premium Reuse, >85% SoH)",Harvested & In Stock,120,300,180,8.1,Group_BIN_01,High-Drain & Traction Compatible
COMP_0615,B451,Lithium-Ion Cylindrical Cell (18650 3.7V / 2.6Ah),Cell_18650,3.7,3.802,2.6,1.979,25.56,1108,76.1,Minor Surface Scratches,Normal Stability (dt/dt < 0.4 C/min),"Grade B (Standard Reuse, 70-85% SoH)",Harvested & In Stock,55,120,65,4.61,Group_BIN_10,Stationary ESS & Solar Microgrid Compatible
COMP_0616,B143,NMC Pouch Cell (3.7V / 15Ah),Cell_NMC_15Ah,3.7,3.785,15.0,14.372,4.39,311,95.8,Pristine (Like New),Normal Stability (dt/dt < 0.2 C/min),"Grade A (Premium Reuse, >85% SoH)",Harvested & In Stock,500,1100,600,39.22,Group_BIN_12,High-Drain & Traction Compatible
COMP_0617,B386,LiFePO4 Prismatic Cell (3.2V / 20Ah),Cell_LFP_20Ah,3.2,3.274,20.0,17.517,4.38,724,87.6,Pristine (Like New),Normal Stability (dt/dt < 0.2 C/min),"Grade A (Premium Reuse, >85% SoH)",Harvested & In Stock,650,1400,750,48.64,Group_BIN_11,High-Drain & Traction Compatible
COMP_0618,B488,Lithium-Ion Cylindrical Cell (18650 3.7V / 2.6Ah),Cell_18650,3.7,3.834,2.6,2.317,22.44,495,89.1,Pristine (Like New),Normal Stability (dt/dt < 0.2 C/min),"Grade A (Premium Reuse, >85% SoH)",Harvested & In Stock,55,120,65,4.89,Group_BIN_11,High-Drain & Traction Compatible
COMP_0619,B426,Lithium-Ion Cylindrical Cell (18650 3.7V / 2.6Ah),Cell_18650,3.7,3.795,2.6,1.7,28.13,1434,65.4,Slight Terminal Oxidation,Elevated Impedance (Manage C-Rate),"Grade C (Low-Stress Buffer, 55-70% SoH)",Harvested & In Stock,55,120,65,4.37,Group_BIN_08,Low C-Rate IoT & Lantern Buffer Compatible
COMP_0620,B130,Modular BMS Protection Board (4S 40A Balancer),BMS_4S,14.8,14.8,0.0,0.0,14.3,747,90.4,Pristine (Like New),Normal Stability (dt/dt < 0.2 C/min),"Grade A (Premium Reuse, >85% SoH)",Harvested & In Stock,450,950,500,23.0,N/A (Non-Cell),Standard Modular Hardware Compatible
COMP_0621,B428,Lithium-Ion Cylindrical Cell (18650 3.7V / 2.6Ah),Cell_18650,3.7,3.814,2.6,2.061,25.91,1013,79.3,Pristine (Like New),Normal Stability (dt/dt < 0.4 C/min),"Grade B (Standard Reuse, 70-85% SoH)",Harvested & In Stock,55,120,65,4.68,Group_BIN_10,Stationary ESS & Solar Microgrid Compatible
COMP_0622,B241,Modular BMS Protection Board (10S 30A e-Bike),BMS_10S,36.0,36.0,0.0,0.0,21.1,1109,89.3,Pristine (Like New),Normal Stability (dt/dt < 0.2 C/min),"Grade A (Premium Reuse, >85% SoH)",Harvested & In Stock,600,1300,700,32.0,N/A (Non-Cell),Standard Modular Hardware Compatible
COMP_0623,B010,LiFePO4 Prismatic Cell (3.2V / 20Ah),Cell_LFP_20Ah,3.2,3.302,20.0,14.585,4.92,1188,72.9,Cosmetic Enclosure Blemish,Normal Stability (dt/dt < 0.4 C/min),"Grade B (Standard Reuse, 70-85% SoH)",Harvested & In Stock,650,1400,750,46.15,Group_BIN_09,Stationary ESS & Solar Microgrid Compatible
COMP_0624,B277,Heavy-Duty XT60 / XT90 Connector Harness,Connector_XT,0.0,0.0,0.0,0.0,0.5,842,99.5,Pristine (Like New),Normal Stability (dt/dt < 0.2 C/min),"Grade A (Premium Reuse, >85% SoH)",Harvested & In Stock,80,220,140,6.8,N/A (Non-Cell),Standard Modular Hardware Compatible
COMP_0625,B027,LiFePO4 Prismatic Cell (3.2V / 50Ah),Cell_LFP_50Ah,3.2,3.29,50.0,42.032,2.4,704,84.1,Minor Surface Scratches,Normal Stability (dt/dt < 0.4 C/min),"Grade B (Standard Reuse, 70-85% SoH)",Harvested & In Stock,1200,2400,1200,89.73,Group_BIN_11,Stationary ESS & Solar Microgrid Compatible
COMP_0626,B115,NTC Thermistor Temperature Sensor Probe (10k),Sensor_NTC,0.0,0.0,0.0,0.0,0.0,431,98.7,Pristine (Like New),Normal Stability (dt/dt < 0.2 C/min),"Grade A (Premium Reuse, >85% SoH)",Harvested & In Stock,40,150,110,5.45,N/A (Non-Cell),Standard Modular Hardware Compatible
COMP_0627,B333,Modular BMS Protection Board (3S 25A Compact),BMS_3S,11.1,11.1,0.0,0.0,23.2,389,95.5,Pristine (Like New),Normal Stability (dt/dt < 0.2 C/min),"Grade A (Premium Reuse, >85% SoH)",Harvested & In Stock,300,700,400,18.5,N/A (Non-Cell),Standard Modular Hardware Compatible
COMP_0628,B036,Modular BMS Protection Board (10S 30A e-Bike),BMS_10S,36.0,36.0,0.0,0.0,21.6,1168,89.4,Pristine (Like New),Normal Stability (dt/dt < 0.2 C/min),"Grade A (Premium Reuse, >85% SoH)",Harvested & In Stock,600,1300,700,32.0,N/A (Non-Cell),Standard Modular Hardware Compatible
COMP_0629,B400,Modular Extruded Aluminum Enclosure & Frame,Casing_Alu,0.0,0.0,0.0,0.0,0.0,537,96.0,Pristine (Like New),Normal Stability (dt/dt < 0.2 C/min),"Grade A (Premium Reuse, >85% SoH)",Harvested & In Stock,350,900,550,25.25,N/A (Non-Cell),Standard Modular Hardware Compatible
COMP_0630,B491,Lithium-Ion Cylindrical Cell (18650 3.7V / 2.6Ah),Cell_18650,3.7,3.75,2.6,2.081,24.28,880,80.1,Cosmetic Enclosure Blemish,Normal Stability (dt/dt < 0.4 C/min),"Grade B (Standard Reuse, 70-85% SoH)",Harvested & In Stock,55,120,65,4.69,Group_BIN_10,Stationary ESS & Solar Microgrid Compatible
COMP_0631,B021,Lithium-Ion Cylindrical Cell (18650 3.7V / 2.6Ah),Cell_18650,3.7,3.771,2.6,2.075,22.99,822,79.8,Pristine (Like New),Normal Stability (dt/dt < 0.4 C/min),"Grade B (Standard Reuse, 70-85% SoH)",Harvested & In Stock,55,120,65,4.69,Group_BIN_10,Stationary ESS & Solar Microgrid Compatible
COMP_0632,B487,Lithium-Ion Cylindrical Cell (18650 3.7V / 2.6Ah),Cell_18650,3.7,3.799,2.6,2.393,20.52,329,92.0,Pristine (Like New),Normal Stability (dt/dt < 0.2 C/min),"Grade A (Premium Reuse, >85% SoH)",Harvested & In Stock,55,120,65,4.96,Group_BIN_12,High-Drain & Traction Compatible
COMP_0633,B127,Lithium-Ion Cylindrical Cell (18650 3.7V / 2.6Ah),Cell_18650,3.7,3.75,2.6,2.198,22.09,846,84.5,Pristine (Like New),Normal Stability (dt/dt < 0.4 C/min),"Grade B (Standard Reuse, 70-85% SoH)",Harvested & In Stock,55,120,65,4.79,Group_BIN_11,Stationary ESS & Solar Microgrid Compatible
COMP_0634,B430,Lithium-Ion Cylindrical Cell (18650 3.7V / 2.6Ah),Cell_18650,3.7,3.787,2.6,2.352,20.67,256,90.5,Pristine (Like New),Normal Stability (dt/dt < 0.2 C/min),"Grade A (Premium Reuse, >85% SoH)",Harvested & In Stock,55,120,65,4.92,Group_BIN_11,High-Drain & Traction Compatible
COMP_0635,B011,Lithium-Ion Cylindrical Cell (18650 3.7V / 2.6Ah),Cell_18650,3.7,3.765,2.6,1.962,26.75,1161,75.5,Cosmetic Enclosure Blemish,Normal Stability (dt/dt < 0.4 C/min),"Grade B (Standard Reuse, 70-85% SoH)",Harvested & In Stock,55,120,65,4.59,Group_BIN_10,Stationary ESS & Solar Microgrid Compatible
COMP_0636,B079,Lithium-Ion Cylindrical Cell (18650 3.7V / 2.6Ah),Cell_18650,3.7,3.709,2.6,1.897,27.27,1113,73.0,Pristine (Like New),Normal Stability (dt/dt < 0.4 C/min),"Grade B (Standard Reuse, 70-85% SoH)",Harvested & In Stock,55,120,65,4.54,Group_BIN_09,Stationary ESS & Solar Microgrid Compatible
COMP_0637,B065,Modular BMS Protection Board (10S 30A e-Bike),BMS_10S,36.0,36.0,0.0,0.0,17.7,1105,86.0,Pristine (Like New),Normal Stability (dt/dt < 0.2 C/min),"Grade A (Premium Reuse, >85% SoH)",Harvested & In Stock,600,1300,700,32.0,N/A (Non-Cell),Standard Modular Hardware Compatible
COMP_0638,B243,Power Tool High-Drain Cell (18650 3.6V / 2.0Ah),Cell_PowerTool,3.6,3.677,2.0,1.528,16.03,1060,76.4,Cosmetic Enclosure Blemish,Normal Stability (dt/dt < 0.4 C/min),"Grade B (Standard Reuse, 70-85% SoH)",Harvested & In Stock,90,180,90,5.35,Group_BIN_10,Stationary ESS & Solar Microgrid Compatible
COMP_0639,B059,LiFePO4 Prismatic Cell (3.2V / 50Ah),Cell_LFP_50Ah,3.2,3.302,50.0,43.106,2.04,465,86.2,Pristine (Like New),Normal Stability (dt/dt < 0.2 C/min),"Grade A (Premium Reuse, >85% SoH)",Harvested & In Stock,1200,2400,1200,90.64,Group_BIN_11,High-Drain & Traction Compatible
COMP_0640,B289,Power Tool High-Drain Cell (18650 3.6V / 2.0Ah),Cell_PowerTool,3.6,3.696,2.0,1.449,18.17,1318,72.5,Pristine (Like New),Normal Stability (dt/dt < 0.4 C/min),"Grade B (Standard Reuse, 70-85% SoH)",Harvested & In Stock,90,180,90,5.28,Group_BIN_09,Stationary ESS & Solar Microgrid Compatible
COMP_0641,B239,Modular BMS Protection Board (3S 25A Compact),BMS_3S,11.1,11.1,0.0,0.0,24.0,691,88.9,Pristine (Like New),Normal Stability (dt/dt < 0.2 C/min),"Grade A (Premium Reuse, >85% SoH)",Harvested & In Stock,300,700,400,18.5,N/A (Non-Cell),Standard Modular Hardware Compatible
COMP_0642,B359,LiFePO4 Prismatic Cell (3.2V / 20Ah),Cell_LFP_20Ah,3.2,3.278,20.0,18.849,4.08,494,94.2,Pristine (Like New),Normal Stability (dt/dt < 0.2 C/min),"Grade A (Premium Reuse, >85% SoH)",Harvested & In Stock,650,1400,750,49.77,Group_BIN_12,High-Drain & Traction Compatible
COMP_0643,B132,LiFePO4 Prismatic Cell (3.2V / 50Ah),Cell_LFP_50Ah,3.2,3.201,50.0,37.48,2.56,1282,75.0,Minor Surface Scratches,Normal Stability (dt/dt < 0.4 C/min),"Grade B (Standard Reuse, 70-85% SoH)",Harvested & In Stock,1200,2400,1200,85.86,Group_BIN_09,Stationary ESS & Solar Microgrid Compatible
COMP_0644,B086,Modular BMS Protection Board (16S 100A Smart CAN),BMS_16S,48.0,48.0,0.0,0.0,11.8,1308,86.6,Pristine (Like New),Normal Stability (dt/dt < 0.2 C/min),"Grade A (Premium Reuse, >85% SoH)",Harvested & In Stock,1800,3800,2000,90.5,N/A (Non-Cell),Standard Modular Hardware Compatible
COMP_0645,B311,LiFePO4 Prismatic Cell (3.2V / 20Ah),Cell_LFP_20Ah,3.2,3.196,20.0,13.712,5.6,1261,68.6,Enclosure Hairline Crack,Elevated Impedance (Manage C-Rate),"Grade C (Low-Stress Buffer, 55-70% SoH)",Harvested & In Stock,650,1400,750,45.41,Group_BIN_09,Low C-Rate IoT & Lantern Buffer Compatible
COMP_0646,B494,Power Tool High-Drain Cell (18650 3.6V / 2.0Ah),Cell_PowerTool,3.6,3.656,2.0,1.604,15.62,929,80.2,Cosmetic Enclosure Blemish,Normal Stability (dt/dt < 0.4 C/min),"Grade B (Standard Reuse, 70-85% SoH)",Harvested & In Stock,90,180,90,5.41,Group_BIN_10,Stationary ESS & Solar Microgrid Compatible
COMP_0647,B368,Lithium-Ion Cylindrical Cell (18650 3.7V / 2.6Ah),Cell_18650,3.7,3.795,2.6,2.314,21.17,560,89.0,Pristine (Like New),Normal Stability (dt/dt < 0.2 C/min),"Grade A (Premium Reuse, >85% SoH)",Harvested & In Stock,55,120,65,4.89,Group_BIN_11,High-Drain & Traction Compatible
COMP_0648,B059,Nickel-Plated Copper Busbar Interconnect Link,Busbar_Cu,0.0,0.0,0.0,0.0,0.2,503,93.2,Pristine (Like New),Normal Stability (dt/dt < 0.2 C/min),"Grade A (Premium Reuse, >85% SoH)",Harvested & In Stock,50,140,90,4.55,N/A (Non-Cell),Standard Modular Hardware Compatible
COMP_0649,B399,LiFePO4 Prismatic Cell (3.2V / 50Ah),Cell_LFP_50Ah,3.2,3.285,50.0,38.114,2.68,1008,76.2,Pristine (Like New),Normal Stability (dt/dt < 0.4 C/min),"Grade B (Standard Reuse, 70-85% SoH)",Harvested & In Stock,1200,2400,1200,86.4,Group_BIN_10,Stationary ESS & Solar Microgrid Compatible
COMP_0650,B494,Modular BMS Protection Board (3S 25A Compact),BMS_3S,11.1,11.1,0.0,0.0,26.0,827,89.8,Pristine (Like New),Normal Stability (dt/dt < 0.2 C/min),"Grade A (Premium Reuse, >85% SoH)",Harvested & In Stock,300,700,400,18.5,N/A (Non-Cell),Standard Modular Hardware Compatible
COMP_0651,B160,Power Tool High-Drain Cell (18650 3.6V / 2.0Ah),Cell_PowerTool,3.6,3.702,2.0,1.497,17.22,1052,74.8,Pristine (Like New),Normal Stability (dt/dt < 0.4 C/min),"Grade B (Standard Reuse, 70-85% SoH)",Harvested & In Stock,90,180,90,5.32,Group_BIN_09,Stationary ESS & Solar Microgrid Compatible
COMP_0652,B297,Lithium-Ion Cylindrical Cell (18650 3.7V / 2.6Ah),Cell_18650,3.7,3.798,2.6,2.033,24.49,1158,78.2,Pristine (Like New),Normal Stability (dt/dt < 0.4 C/min),"Grade B (Standard Reuse, 70-85% SoH)",Harvested & In Stock,55,120,65,4.65,Group_BIN_10,Stationary ESS & Solar Microgrid Compatible
COMP_0653,B476,LiFePO4 Prismatic Cell (3.2V / 20Ah),Cell_LFP_20Ah,3.2,3.279,20.0,13.415,5.72,1461,67.1,Slight Terminal Oxidation,Elevated Impedance (Manage C-Rate),"Grade C (Low-Stress Buffer, 55-70% SoH)",Harvested & In Stock,650,1400,750,45.15,Group_BIN_09,Low C-Rate IoT & Lantern Buffer Compatible
COMP_0654,B295,Lithium-Ion Cylindrical Cell (18650 3.7V / 2.6Ah),Cell_18650,3.7,3.773,2.6,1.662,29.95,1549,63.9,Enclosure Hairline Crack,Elevated Impedance (Manage C-Rate),"Grade C (Low-Stress Buffer, 55-70% SoH)",Harvested & In Stock,55,120,65,4.34,Group_BIN_08,Low C-Rate IoT & Lantern Buffer Compatible
COMP_0655,B465,LiFePO4 Prismatic Cell (3.2V / 20Ah),Cell_LFP_20Ah,3.2,3.231,20.0,13.057,5.68,1550,65.3,Slight Terminal Oxidation,Elevated Impedance (Manage C-Rate),"Grade C (Low-Stress Buffer, 55-70% SoH)",Harvested & In Stock,650,1400,750,44.85,Group_BIN_08,Low C-Rate IoT & Lantern Buffer Compatible
COMP_0656,B204,LiFePO4 Prismatic Cell (3.2V / 20Ah),Cell_LFP_20Ah,3.2,3.295,20.0,15.747,4.77,1156,78.7,Cosmetic Enclosure Blemish,Normal Stability (dt/dt < 0.4 C/min),"Grade B (Standard Reuse, 70-85% SoH)",Harvested & In Stock,650,1400,750,47.13,Group_BIN_10,Stationary ESS & Solar Microgrid Compatible
COMP_0657,B102,Lithium-Ion Cylindrical Cell (18650 3.7V / 2.6Ah),Cell_18650,3.7,3.789,2.6,1.692,31.48,1436,65.1,Moderate Cycle Wear,Elevated Impedance (Manage C-Rate),"Grade C (Low-Stress Buffer, 55-70% SoH)",Harvested & In Stock,55,120,65,4.36,Group_BIN_08,Low C-Rate IoT & Lantern Buffer Compatible
COMP_0658,B304,NTC Thermistor Temperature Sensor Probe (10k),Sensor_NTC,0.0,0.0,0.0,0.0,0.0,1611,99.5,Pristine (Like New),Normal Stability (dt/dt < 0.2 C/min),"Grade A (Premium Reuse, >85% SoH)",Harvested & In Stock,40,150,110,5.45,N/A (Non-Cell),Standard Modular Hardware Compatible
COMP_0659,B354,Lithium-Ion Cylindrical Cell (18650 3.7V / 2.6Ah),Cell_18650,3.7,3.771,2.6,2.088,25.47,826,80.3,Cosmetic Enclosure Blemish,Normal Stability (dt/dt < 0.4 C/min),"Grade B (Standard Reuse, 70-85% SoH)",Harvested & In Stock,55,120,65,4.7,Group_BIN_10,Stationary ESS & Solar Microgrid Compatible
COMP_0660,B125,Lithium-Ion Cylindrical Cell (18650 3.7V / 2.6Ah),Cell_18650,3.7,3.793,2.6,2.028,24.61,942,78.0,Pristine (Like New),Normal Stability (dt/dt < 0.4 C/min),"Grade B (Standard Reuse, 70-85% SoH)",Harvested & In Stock,55,120,65,4.65,Group_BIN_10,Stationary ESS & Solar Microgrid Compatible
COMP_0661,B357,Power Tool High-Drain Cell (18650 3.6V / 2.0Ah),Cell_PowerTool,3.6,3.661,2.0,1.634,16.68,757,81.7,Minor Surface Scratches,Normal Stability (dt/dt < 0.4 C/min),"Grade B (Standard Reuse, 70-85% SoH)",Harvested & In Stock,90,180,90,5.44,Group_BIN_10,Stationary ESS & Solar Microgrid Compatible
COMP_0662,B436,LiFePO4 Prismatic Cell (3.2V / 50Ah),Cell_LFP_50Ah,3.2,3.31,50.0,44.51,2.09,548,89.0,Pristine (Like New),Normal Stability (dt/dt < 0.2 C/min),"Grade A (Premium Reuse, >85% SoH)",Harvested & In Stock,1200,2400,1200,91.83,Group_BIN_11,High-Drain & Traction Compatible
COMP_0663,B351,Power Tool High-Drain Cell (18650 3.6V / 2.0Ah),Cell_PowerTool,3.6,3.673,2.0,1.632,15.59,851,81.6,Cosmetic Enclosure Blemish,Normal Stability (dt/dt < 0.4 C/min),"Grade B (Standard Reuse, 70-85% SoH)",Harvested & In Stock,90,180,90,5.44,Group_BIN_10,Stationary ESS & Solar Microgrid Compatible
COMP_0664,B413,Lithium-Ion Cylindrical Cell (18650 3.7V / 2.6Ah),Cell_18650,3.7,3.81,2.6,2.288,21.24,722,88.0,Pristine (Like New),Normal Stability (dt/dt < 0.2 C/min),"Grade A (Premium Reuse, >85% SoH)",Harvested & In Stock,55,120,65,4.87,Group_BIN_11,High-Drain & Traction Compatible
COMP_0665,B062,LiFePO4 Prismatic Cell (3.2V / 50Ah),Cell_LFP_50Ah,3.2,3.222,50.0,43.859,2.26,585,87.7,Pristine (Like New),Normal Stability (dt/dt < 0.2 C/min),"Grade A (Premium Reuse, >85% SoH)",Harvested & In Stock,1200,2400,1200,91.28,Group_BIN_11,High-Drain & Traction Compatible
COMP_0666,B408,Power Tool High-Drain Cell (18650 3.6V / 2.0Ah),Cell_PowerTool,3.6,3.718,2.0,1.719,14.5,577,85.9,Pristine (Like New),Normal Stability (dt/dt < 0.2 C/min),"Grade A (Premium Reuse, >85% SoH)",Harvested & In Stock,90,180,90,5.51,Group_BIN_11,High-Drain & Traction Compatible
COMP_0667,B290,LiFePO4 Prismatic Cell (3.2V / 50Ah),Cell_LFP_50Ah,3.2,3.229,50.0,40.36,2.33,1018,80.7,Pristine (Like New),Normal Stability (dt/dt < 0.4 C/min),"Grade B (Standard Reuse, 70-85% SoH)",Harvested & In Stock,1200,2400,1200,88.31,Group_BIN_10,Stationary ESS & Solar Microgrid Compatible
COMP_0668,B178,Lithium-Ion Cylindrical Cell (18650 3.7V / 2.6Ah),Cell_18650,3.7,3.761,2.6,2.183,24.1,676,84.0,Cosmetic Enclosure Blemish,Normal Stability (dt/dt < 0.4 C/min),"Grade B (Standard Reuse, 70-85% SoH)",Harvested & In Stock,55,120,65,4.78,Group_BIN_11,Stationary ESS & Solar Microgrid Compatible
COMP_0669,B220,Heavy-Duty XT60 / XT90 Connector Harness,Connector_XT,0.0,0.0,0.0,0.0,0.5,531,92.9,Pristine (Like New),Normal Stability (dt/dt < 0.2 C/min),"Grade A (Premium Reuse, >85% SoH)",Harvested & In Stock,80,220,140,6.8,N/A (Non-Cell),Standard Modular Hardware Compatible
COMP_0670,B339,Heavy-Duty XT60 / XT90 Connector Harness,Connector_XT,0.0,0.0,0.0,0.0,0.5,545,92.8,Pristine (Like New),Normal Stability (dt/dt < 0.2 C/min),"Grade A (Premium Reuse, >85% SoH)",Harvested & In Stock,80,220,140,6.8,N/A (Non-Cell),Standard Modular Hardware Compatible
COMP_0671,B190,Lithium-Ion Cylindrical Cell (18650 3.7V / 2.6Ah),Cell_18650,3.7,3.78,2.6,2.417,18.8,386,93.0,Pristine (Like New),Normal Stability (dt/dt < 0.2 C/min),"Grade A (Premium Reuse, >85% SoH)",Harvested & In Stock,55,120,65,4.98,Group_BIN_12,High-Drain & Traction Compatible
COMP_0672,B036,LiFePO4 Prismatic Cell (3.2V / 20Ah),Cell_LFP_20Ah,3.2,3.341,20.0,15.27,5.07,1181,76.4,Cosmetic Enclosure Blemish,Normal Stability (dt/dt < 0.4 C/min),"Grade B (Standard Reuse, 70-85% SoH)",Harvested & In Stock,650,1400,750,46.73,Group_BIN_10,Stationary ESS & Solar Microgrid Compatible
COMP_0673,B332,NTC Thermistor Temperature Sensor Probe (10k),Sensor_NTC,0.0,0.0,0.0,0.0,0.0,735,97.4,Pristine (Like New),Normal Stability (dt/dt < 0.2 C/min),"Grade A (Premium Reuse, >85% SoH)",Harvested & In Stock,40,150,110,5.45,N/A (Non-Cell),Standard Modular Hardware Compatible
COMP_0674,B175,Lithium-Ion Cylindrical Cell (18650 3.7V / 2.6Ah),Cell_18650,3.7,3.771,2.6,2.391,21.44,603,92.0,Pristine (Like New),Normal Stability (dt/dt < 0.2 C/min),"Grade A (Premium Reuse, >85% SoH)",Harvested & In Stock,55,120,65,4.96,Group_BIN_12,High-Drain & Traction Compatible
COMP_0675,B007,NTC Thermistor Temperature Sensor Probe (10k),Sensor_NTC,0.0,0.0,0.0,0.0,0.0,1056,95.5,Pristine (Like New),Normal Stability (dt/dt < 0.2 C/min),"Grade A (Premium Reuse, >85% SoH)",Harvested & In Stock,40,150,110,5.45,N/A (Non-Cell),Standard Modular Hardware Compatible
COMP_0676,B435,Power Tool High-Drain Cell (18650 3.6V / 2.0Ah),Cell_PowerTool,3.6,3.638,2.0,1.529,16.77,987,76.5,Minor Surface Scratches,Normal Stability (dt/dt < 0.4 C/min),"Grade B (Standard Reuse, 70-85% SoH)",Harvested & In Stock,90,180,90,5.35,Group_BIN_10,Stationary ESS & Solar Microgrid Compatible
COMP_0677,B422,LiFePO4 Prismatic Cell (3.2V / 20Ah),Cell_LFP_20Ah,3.2,3.206,20.0,19.505,3.64,346,97.5,Pristine (Like New),Normal Stability (dt/dt < 0.2 C/min),"Grade A (Premium Reuse, >85% SoH)",Harvested & In Stock,650,1400,750,50.33,Group_BIN_12,High-Drain & Traction Compatible
COMP_0678,B251,LiFePO4 Prismatic Cell (3.2V / 50Ah),Cell_LFP_50Ah,3.2,3.284,50.0,40.782,2.48,1109,81.6,Pristine (Like New),Normal Stability (dt/dt < 0.4 C/min),"Grade B (Standard Reuse, 70-85% SoH)",Harvested & In Stock,1200,2400,1200,88.66,Group_BIN_10,Stationary ESS & Solar Microgrid Compatible
COMP_0679,B222,LiFePO4 Prismatic Cell (3.2V / 50Ah),Cell_LFP_50Ah,3.2,3.312,50.0,47.598,2.13,389,95.2,Pristine (Like New),Normal Stability (dt/dt < 0.2 C/min),"Grade A (Premium Reuse, >85% SoH)",Harvested & In Stock,1200,2400,1200,94.46,Group_BIN_12,High-Drain & Traction Compatible
COMP_0680,B492,NTC Thermistor Temperature Sensor Probe (10k),Sensor_NTC,0.0,0.0,0.0,0.0,0.0,1022,91.0,Pristine (Like New),Normal Stability (dt/dt < 0.2 C/min),"Grade A (Premium Reuse, >85% SoH)",Harvested & In Stock,40,150,110,5.45,N/A (Non-Cell),Standard Modular Hardware Compatible
COMP_0681,B186,Lithium-Ion Cylindrical Cell (18650 3.7V / 2.6Ah),Cell_18650,3.7,3.744,2.6,1.987,25.79,1140,76.4,Cosmetic Enclosure Blemish,Normal Stability (dt/dt < 0.4 C/min),"Grade B (Standard Reuse, 70-85% SoH)",Harvested & In Stock,55,120,65,4.61,Group_BIN_10,Stationary ESS & Solar Microgrid Compatible
COMP_0682,B457,LiFePO4 Prismatic Cell (3.2V / 20Ah),Cell_LFP_20Ah,3.2,3.272,20.0,13.664,5.51,1522,68.3,Slight Terminal Oxidation,Elevated Impedance (Manage C-Rate),"Grade C (Low-Stress Buffer, 55-70% SoH)",Harvested & In Stock,650,1400,750,45.36,Group_BIN_09,Low C-Rate IoT & Lantern Buffer Compatible
COMP_0683,B363,NMC Pouch Cell (3.7V / 15Ah),Cell_NMC_15Ah,3.7,3.798,15.0,12.932,5.23,706,86.2,Pristine (Like New),Normal Stability (dt/dt < 0.2 C/min),"Grade A (Premium Reuse, >85% SoH)",Harvested & In Stock,500,1100,600,37.99,Group_BIN_11,High-Drain & Traction Compatible
COMP_0684,B079,LiFePO4 Prismatic Cell (3.2V / 50Ah),Cell_LFP_50Ah,3.2,3.227,50.0,40.842,2.44,1090,81.7,Minor Surface Scratches,Normal Stability (dt/dt < 0.4 C/min),"Grade B (Standard Reuse, 70-85% SoH)",Harvested & In Stock,1200,2400,1200,88.72,Group_BIN_10,Stationary ESS & Solar Microgrid Compatible
COMP_0685,B091,Lithium-Ion Cylindrical Cell (18650 3.7V / 2.6Ah),Cell_18650,3.7,3.797,2.6,2.19,23.5,857,84.2,Cosmetic Enclosure Blemish,Normal Stability (dt/dt < 0.4 C/min),"Grade B (Standard Reuse, 70-85% SoH)",Harvested & In Stock,55,120,65,4.79,Group_BIN_11,Stationary ESS & Solar Microgrid Compatible
COMP_0686,B268,LiFePO4 Prismatic Cell (3.2V / 20Ah),Cell_LFP_20Ah,3.2,3.322,20.0,13.424,5.47,1304,67.1,Enclosure Hairline Crack,Elevated Impedance (Manage C-Rate),"Grade C (Low-Stress Buffer, 55-70% SoH)",Harvested & In Stock,650,1400,750,45.16,Group_BIN_09,Low C-Rate IoT & Lantern Buffer Compatible
COMP_0687,B139,Lithium-Ion Cylindrical Cell (18650 3.7V / 2.6Ah),Cell_18650,3.7,3.777,2.6,2.189,24.24,603,84.2,Cosmetic Enclosure Blemish,Normal Stability (dt/dt < 0.4 C/min),"Grade B (Standard Reuse, 70-85% SoH)",Harvested & In Stock,55,120,65,4.79,Group_BIN_11,Stationary ESS & Solar Microgrid Compatible
COMP_0688,B414,Lithium-Ion Cylindrical Cell (18650 3.7V / 2.6Ah),Cell_18650,3.7,3.826,2.6,2.152,23.21,720,82.8,Cosmetic Enclosure Blemish,Normal Stability (dt/dt < 0.4 C/min),"Grade B (Standard Reuse, 70-85% SoH)",Harvested & In Stock,55,120,65,4.75,Group_BIN_10,Stationary ESS & Solar Microgrid Compatible
COMP_0689,B397,LiFePO4 Prismatic Cell (3.2V / 20Ah),Cell_LFP_20Ah,3.2,3.358,20.0,15.321,5.03,1038,76.6,Minor Surface Scratches,Normal Stability (dt/dt < 0.4 C/min),"Grade B (Standard Reuse, 70-85% SoH)",Harvested & In Stock,650,1400,750,46.77,Group_BIN_10,Stationary ESS & Solar Microgrid Compatible
COMP_0690,B239,Lithium-Ion Cylindrical Cell (18650 3.7V / 2.6Ah),Cell_18650,3.7,3.741,2.6,2.173,23.73,657,83.6,Minor Surface Scratches,Normal Stability (dt/dt < 0.4 C/min),"Grade B (Standard Reuse, 70-85% SoH)",Harvested & In Stock,55,120,65,4.77,Group_BIN_11,Stationary ESS & Solar Microgrid Compatible
COMP_0691,B423,Modular Extruded Aluminum Enclosure & Frame,Casing_Alu,0.0,0.0,0.0,0.0,0.0,618,97.4,Pristine (Like New),Normal Stability (dt/dt < 0.2 C/min),"Grade A (Premium Reuse, >85% SoH)",Harvested & In Stock,350,900,550,25.25,N/A (Non-Cell),Standard Modular Hardware Compatible
COMP_0692,B375,Lithium-Ion Cylindrical Cell (18650 3.7V / 2.6Ah),Cell_18650,3.7,3.786,2.6,1.8,28.52,1370,69.2,Enclosure Hairline Crack,Elevated Impedance (Manage C-Rate),"Grade C (Low-Stress Buffer, 55-70% SoH)",Harvested & In Stock,55,120,65,4.46,Group_BIN_09,Low C-Rate IoT & Lantern Buffer Compatible
COMP_0693,B138,Power Tool High-Drain Cell (18650 3.6V / 2.0Ah),Cell_PowerTool,3.6,3.726,2.0,1.674,14.21,656,83.7,Minor Surface Scratches,Normal Stability (dt/dt < 0.4 C/min),"Grade B (Standard Reuse, 70-85% SoH)",Harvested & In Stock,90,180,90,5.47,Group_BIN_11,Stationary ESS & Solar Microgrid Compatible
COMP_0694,B437,Modular BMS Protection Board (10S 30A e-Bike),BMS_10S,36.0,36.0,0.0,0.0,17.3,996,93.6,Pristine (Like New),Normal Stability (dt/dt < 0.2 C/min),"Grade A (Premium Reuse, >85% SoH)",Harvested & In Stock,600,1300,700,32.0,N/A (Non-Cell),Standard Modular Hardware Compatible
COMP_0695,B126,Lithium-Ion Cylindrical Cell (18650 3.7V / 2.6Ah),Cell_18650,3.7,3.826,2.6,2.124,22.33,687,81.7,Pristine (Like New),Normal Stability (dt/dt < 0.4 C/min),"Grade B (Standard Reuse, 70-85% SoH)",Harvested & In Stock,55,120,65,4.73,Group_BIN_10,Stationary ESS & Solar Microgrid Compatible
COMP_0696,B143,Lithium-Ion Cylindrical Cell (18650 3.7V / 2.6Ah),Cell_18650,3.7,3.793,2.6,2.305,21.31,351,88.7,Pristine (Like New),Normal Stability (dt/dt < 0.2 C/min),"Grade A (Premium Reuse, >85% SoH)",Harvested & In Stock,55,120,65,4.88,Group_BIN_11,High-Drain & Traction Compatible
COMP_0697,B452,Lithium-Ion Cylindrical Cell (18650 3.7V / 2.6Ah),Cell_18650,3.7,3.786,2.6,1.905,26.4,1052,73.3,Minor Surface Scratches,Normal Stability (dt/dt < 0.4 C/min),"Grade B (Standard Reuse, 70-85% SoH)",Harvested & In Stock,55,120,65,4.54,Group_BIN_09,Stationary ESS & Solar Microgrid Compatible
COMP_0698,B125,Lithium-Ion Cylindrical Cell (18650 3.7V / 2.6Ah),Cell_18650,3.7,3.789,2.6,2.161,23.48,1006,83.1,Minor Surface Scratches,Normal Stability (dt/dt < 0.4 C/min),"Grade B (Standard Reuse, 70-85% SoH)",Harvested & In Stock,55,120,65,4.76,Group_BIN_10,Stationary ESS & Solar Microgrid Compatible
COMP_0699,B292,Power Tool High-Drain Cell (18650 3.6V / 2.0Ah),Cell_PowerTool,3.6,3.76,2.0,1.832,13.48,582,91.6,Pristine (Like New),Normal Stability (dt/dt < 0.2 C/min),"Grade A (Premium Reuse, >85% SoH)",Harvested & In Stock,90,180,90,5.61,Group_BIN_11,High-Drain & Traction Compatible
COMP_0700,B313,LiFePO4 Prismatic Cell (3.2V / 20Ah),Cell_LFP_20Ah,3.2,3.289,20.0,18.177,4.17,520,90.9,Pristine (Like New),Normal Stability (dt/dt < 0.2 C/min),"Grade A (Premium Reuse, >85% SoH)",Harvested & In Stock,650,1400,750,49.2,Group_BIN_11,High-Drain & Traction Compatible
COMP_0701,B343,NMC Pouch Cell (3.7V / 15Ah),Cell_NMC_15Ah,3.7,3.809,15.0,12.199,5.86,817,81.3,Minor Surface Scratches,Normal Stability (dt/dt < 0.4 C/min),"Grade B (Standard Reuse, 70-85% SoH)",Harvested & In Stock,500,1100,600,37.37,Group_BIN_10,Stationary ESS & Solar Microgrid Compatible
COMP_0702,B173,Lithium-Ion Cylindrical Cell (18650 3.7V / 2.6Ah),Cell_18650,3.7,3.702,2.6,1.887,27.98,1239,72.6,Pristine (Like New),Normal Stability (dt/dt < 0.4 C/min),"Grade B (Standard Reuse, 70-85% SoH)",Harvested & In Stock,55,120,65,4.53,Group_BIN_09,Stationary ESS & Solar Microgrid Compatible
COMP_0703,B254,NMC Pouch Cell (3.7V / 15Ah),Cell_NMC_15Ah,3.7,3.84,15.0,11.552,5.92,1014,77.0,Minor Surface Scratches,Normal Stability (dt/dt < 0.4 C/min),"Grade B (Standard Reuse, 70-85% SoH)",Harvested & In Stock,500,1100,600,36.82,Group_BIN_10,Stationary ESS & Solar Microgrid Compatible
COMP_0704,B094,LiFePO4 Prismatic Cell (3.2V / 50Ah),Cell_LFP_50Ah,3.2,3.275,50.0,46.393,2.09,470,92.8,Pristine (Like New),Normal Stability (dt/dt < 0.2 C/min),"Grade A (Premium Reuse, >85% SoH)",Harvested & In Stock,1200,2400,1200,93.43,Group_BIN_12,High-Drain & Traction Compatible
COMP_0705,B250,Modular BMS Protection Board (16S 100A Smart CAN),BMS_16S,48.0,48.0,0.0,0.0,7.3,523,94.0,Pristine (Like New),Normal Stability (dt/dt < 0.2 C/min),"Grade A (Premium Reuse, >85% SoH)",Harvested & In Stock,1800,3800,2000,90.5,N/A (Non-Cell),Standard Modular Hardware Compatible
COMP_0706,B109,Power Tool High-Drain Cell (18650 3.6V / 2.0Ah),Cell_PowerTool,3.6,3.703,2.0,1.635,15.16,878,81.8,Minor Surface Scratches,Normal Stability (dt/dt < 0.4 C/min),"Grade B (Standard Reuse, 70-85% SoH)",Harvested & In Stock,90,180,90,5.44,Group_BIN_10,Stationary ESS & Solar Microgrid Compatible
COMP_0707,B409,LiFePO4 Prismatic Cell (3.2V / 50Ah),Cell_LFP_50Ah,3.2,3.266,50.0,45.743,2.05,559,91.5,Pristine (Like New),Normal Stability (dt/dt < 0.2 C/min),"Grade A (Premium Reuse, >85% SoH)",Harvested & In Stock,1200,2400,1200,92.88,Group_BIN_11,High-Drain & Traction Compatible
COMP_0708,B133,LiFePO4 Prismatic Cell (3.2V / 20Ah),Cell_LFP_20Ah,3.2,3.25,20.0,17.528,4.24,596,87.6,Pristine (Like New),Normal Stability (dt/dt < 0.2 C/min),"Grade A (Premium Reuse, >85% SoH)",Harvested & In Stock,650,1400,750,48.65,Group_BIN_11,High-Drain & Traction Compatible
COMP_0709,B175,Lithium-Ion Cylindrical Cell (18650 3.7V / 2.6Ah),Cell_18650,3.7,3.76,2.6,2.288,21.55,592,88.0,Pristine (Like New),Normal Stability (dt/dt < 0.2 C/min),"Grade A (Premium Reuse, >85% SoH)",Harvested & In Stock,55,120,65,4.87,Group_BIN_11,High-Drain & Traction Compatible
COMP_0710,B144,Modular BMS Protection Board (3S 25A Compact),BMS_3S,11.1,11.1,0.0,0.0,21.2,738,94.3,Pristine (Like New),Normal Stability (dt/dt < 0.2 C/min),"Grade A (Premium Reuse, >85% SoH)",Harvested & In Stock,300,700,400,18.5,N/A (Non-Cell),Standard Modular Hardware Compatible
COMP_0711,B451,Lithium-Ion Cylindrical Cell (18650 3.7V / 2.6Ah),Cell_18650,3.7,3.753,2.6,1.931,26.37,1145,74.3,Cosmetic Enclosure Blemish,Normal Stability (dt/dt < 0.4 C/min),"Grade B (Standard Reuse, 70-85% SoH)",Harvested & In Stock,55,120,65,4.57,Group_BIN_09,Stationary ESS & Solar Microgrid Compatible
COMP_0712,B360,Lithium-Ion Cylindrical Cell (18650 3.7V / 2.6Ah),Cell_18650,3.7,3.782,2.6,2.22,24.09,429,85.4,Pristine (Like New),Normal Stability (dt/dt < 0.2 C/min),"Grade A (Premium Reuse, >85% SoH)",Harvested & In Stock,55,120,65,4.81,Group_BIN_11,High-Drain & Traction Compatible
COMP_0713,B451,Lithium-Ion Cylindrical Cell (18650 3.7V / 2.6Ah),Cell_18650,3.7,3.77,2.6,1.896,27.62,1092,72.9,Minor Surface Scratches,Normal Stability (dt/dt < 0.4 C/min),"Grade B (Standard Reuse, 70-85% SoH)",Harvested & In Stock,55,120,65,4.54,Group_BIN_09,Stationary ESS & Solar Microgrid Compatible
COMP_0714,B285,NMC Pouch Cell (3.7V / 15Ah),Cell_NMC_15Ah,3.7,3.797,15.0,13.672,4.74,389,91.1,Pristine (Like New),Normal Stability (dt/dt < 0.2 C/min),"Grade A (Premium Reuse, >85% SoH)",Harvested & In Stock,500,1100,600,38.62,Group_BIN_11,High-Drain & Traction Compatible
COMP_0715,B006,Lithium-Ion Cylindrical Cell (18650 3.7V / 2.6Ah),Cell_18650,3.7,3.701,2.6,2.161,22.98,855,83.1,Cosmetic Enclosure Blemish,Normal Stability (dt/dt < 0.4 C/min),"Grade B (Standard Reuse, 70-85% SoH)",Harvested & In Stock,55,120,65,4.76,Group_BIN_10,Stationary ESS & Solar Microgrid Compatible
COMP_0716,B486,Modular BMS Protection Board (3S 25A Compact),BMS_3S,11.1,11.1,0.0,0.0,24.3,920,81.9,Pristine (Like New),Normal Stability (dt/dt < 0.4 C/min),"Grade B (Standard Reuse, 70-85% SoH)",Harvested & In Stock,300,700,400,18.5,N/A (Non-Cell),Standard Modular Hardware Compatible
COMP_0717,B044,LiFePO4 Prismatic Cell (3.2V / 50Ah),Cell_LFP_50Ah,3.2,3.233,50.0,30.143,3.11,1482,60.3,Moderate Cycle Wear,Elevated Impedance (Manage C-Rate),"Grade C (Low-Stress Buffer, 55-70% SoH)",Harvested & In Stock,1200,2400,1200,79.62,Group_BIN_08,Low C-Rate IoT & Lantern Buffer Compatible
COMP_0718,B369,Modular BMS Protection Board (10S 30A e-Bike),BMS_10S,36.0,36.0,0.0,0.0,19.1,776,93.2,Pristine (Like New),Normal Stability (dt/dt < 0.2 C/min),"Grade A (Premium Reuse, >85% SoH)",Harvested & In Stock,600,1300,700,32.0,N/A (Non-Cell),Standard Modular Hardware Compatible
COMP_0719,B209,LiFePO4 Prismatic Cell (3.2V / 50Ah),Cell_LFP_50Ah,3.2,3.343,50.0,42.834,2.19,883,85.7,Pristine (Like New),Normal Stability (dt/dt < 0.2 C/min),"Grade A (Premium Reuse, >85% SoH)",Harvested & In Stock,1200,2400,1200,90.41,Group_BIN_11,High-Drain & Traction Compatible
COMP_0720,B251,Lithium-Ion Cylindrical Cell (18650 3.7V / 2.6Ah),Cell_18650,3.7,3.74,2.6,1.845,28.1,1140,71.0,Cosmetic Enclosure Blemish,Normal Stability (dt/dt < 0.4 C/min),"Grade B (Standard Reuse, 70-85% SoH)",Harvested & In Stock,55,120,65,4.49,Group_BIN_09,Stationary ESS & Solar Microgrid Compatible
COMP_0721,B389,LiFePO4 Prismatic Cell (3.2V / 20Ah),Cell_LFP_20Ah,3.2,3.301,20.0,17.548,4.07,661,87.7,Pristine (Like New),Normal Stability (dt/dt < 0.2 C/min),"Grade A (Premium Reuse, >85% SoH)",Harvested & In Stock,650,1400,750,48.67,Group_BIN_11,High-Drain & Traction Compatible
COMP_0722,B124,Modular BMS Protection Board (10S 30A e-Bike),BMS_10S,36.0,36.0,0.0,0.0,19.3,235,92.8,Pristine (Like New),Normal Stability (dt/dt < 0.2 C/min),"Grade A (Premium Reuse, >85% SoH)",Harvested & In Stock,600,1300,700,32.0,N/A (Non-Cell),Standard Modular Hardware Compatible
COMP_0723,B354,Modular BMS Protection Board (4S 40A Balancer),BMS_4S,14.8,14.8,0.0,0.0,14.2,907,87.3,Pristine (Like New),Normal Stability (dt/dt < 0.2 C/min),"Grade A (Premium Reuse, >85% SoH)",Harvested & In Stock,450,950,500,23.0,N/A (Non-Cell),Standard Modular Hardware Compatible
COMP_0724,B244,Flame-Retardant Cell Spacer & Insulation Shield,Spacer_Matrix,0.0,2.1,0.0,0.0,0.0,434,93.1,Pristine (Like New),Normal Stability (dt/dt < 0.2 C/min),"Grade A (Premium Reuse, >85% SoH)",Harvested & In Stock,120,300,180,8.1,Group_BIN_01,High-Drain & Traction Compatible
COMP_0725,B331,LiFePO4 Prismatic Cell (3.2V / 20Ah),Cell_LFP_20Ah,3.2,3.207,20.0,15.48,5.23,848,77.4,Cosmetic Enclosure Blemish,Normal Stability (dt/dt < 0.4 C/min),"Grade B (Standard Reuse, 70-85% SoH)",Harvested & In Stock,650,1400,750,46.91,Group_BIN_10,Stationary ESS & Solar Microgrid Compatible
COMP_0726,B252,NMC Pouch Cell (3.7V / 15Ah),Cell_NMC_15Ah,3.7,3.787,15.0,10.249,6.69,1389,68.3,Slight Terminal Oxidation,Elevated Impedance (Manage C-Rate),"Grade C (Low-Stress Buffer, 55-70% SoH)",Harvested & In Stock,500,1100,600,35.71,Group_BIN_09,Low C-Rate IoT & Lantern Buffer Compatible
COMP_0727,B406,Modular BMS Protection Board (10S 30A e-Bike),BMS_10S,36.0,36.0,0.0,0.0,20.6,1420,91.0,Pristine (Like New),Normal Stability (dt/dt < 0.2 C/min),"Grade A (Premium Reuse, >85% SoH)",Harvested & In Stock,600,1300,700,32.0,N/A (Non-Cell),Standard Modular Hardware Compatible
COMP_0728,B009,Lithium-Ion Cylindrical Cell (18650 3.7V / 2.6Ah),Cell_18650,3.7,3.813,2.6,2.128,23.18,732,81.9,Pristine (Like New),Normal Stability (dt/dt < 0.4 C/min),"Grade B (Standard Reuse, 70-85% SoH)",Harvested & In Stock,55,120,65,4.73,Group_BIN_10,Stationary ESS & Solar Microgrid Compatible
COMP_0729,B151,Modular BMS Protection Board (3S 25A Compact),BMS_3S,11.1,11.1,0.0,0.0,26.8,952,93.1,Pristine (Like New),Normal Stability (dt/dt < 0.2 C/min),"Grade A (Premium Reuse, >85% SoH)",Harvested & In Stock,300,700,400,18.5,N/A (Non-Cell),Standard Modular Hardware Compatible
COMP_0730,B114,Power Tool High-Drain Cell (18650 3.6V / 2.0Ah),Cell_PowerTool,3.6,3.614,2.0,1.658,16.76,878,82.9,Minor Surface Scratches,Normal Stability (dt/dt < 0.4 C/min),"Grade B (Standard Reuse, 70-85% SoH)",Harvested & In Stock,90,180,90,5.46,Group_BIN_10,Stationary ESS & Solar Microgrid Compatible
COMP_0731,B355,Modular BMS Protection Board (16S 100A Smart CAN),BMS_16S,48.0,48.0,0.0,0.0,5.9,965,92.5,Pristine (Like New),Normal Stability (dt/dt < 0.2 C/min),"Grade A (Premium Reuse, >85% SoH)",Harvested & In Stock,1800,3800,2000,90.5,N/A (Non-Cell),Standard Modular Hardware Compatible
COMP_0732,B125,Lithium-Ion Cylindrical Cell (18650 3.7V / 2.6Ah),Cell_18650,3.7,3.74,2.6,2.067,24.9,1027,79.5,Minor Surface Scratches,Normal Stability (dt/dt < 0.4 C/min),"Grade B (Standard Reuse, 70-85% SoH)",Harvested & In Stock,55,120,65,4.68,Group_BIN_10,Stationary ESS & Solar Microgrid Compatible
COMP_0733,B340,Modular BMS Protection Board (3S 25A Compact),BMS_3S,11.1,11.1,0.0,0.0,24.6,1391,80.5,Cosmetic Enclosure Blemish,Normal Stability (dt/dt < 0.4 C/min),"Grade B (Standard Reuse, 70-85% SoH)",Harvested & In Stock,300,700,400,18.5,N/A (Non-Cell),Standard Modular Hardware Compatible
COMP_0734,B189,LiFePO4 Prismatic Cell (3.2V / 20Ah),Cell_LFP_20Ah,3.2,3.229,20.0,18.042,4.45,299,90.2,Pristine (Like New),Normal Stability (dt/dt < 0.2 C/min),"Grade A (Premium Reuse, >85% SoH)",Harvested & In Stock,650,1400,750,49.09,Group_BIN_11,High-Drain & Traction Compatible
COMP_0735,B243,LiFePO4 Prismatic Cell (3.2V / 50Ah),Cell_LFP_50Ah,3.2,3.345,50.0,38.559,2.55,1070,77.1,Cosmetic Enclosure Blemish,Normal Stability (dt/dt < 0.4 C/min),"Grade B (Standard Reuse, 70-85% SoH)",Harvested & In Stock,1200,2400,1200,86.78,Group_BIN_10,Stationary ESS & Solar Microgrid Compatible
COMP_0736,B272,NMC Pouch Cell (3.7V / 15Ah),Cell_NMC_15Ah,3.7,3.773,15.0,11.381,6.25,869,75.9,Minor Surface Scratches,Normal Stability (dt/dt < 0.4 C/min),"Grade B (Standard Reuse, 70-85% SoH)",Harvested & In Stock,500,1100,600,36.67,Group_BIN_10,Stationary ESS & Solar Microgrid Compatible
COMP_0737,B218,Lithium-Ion Cylindrical Cell (18650 3.7V / 2.6Ah),Cell_18650,3.7,3.856,2.6,1.795,28.96,1271,69.0,Enclosure Hairline Crack,Elevated Impedance (Manage C-Rate),"Grade C (Low-Stress Buffer, 55-70% SoH)",Harvested & In Stock,55,120,65,4.45,Group_BIN_09,Low C-Rate IoT & Lantern Buffer Compatible
COMP_0738,B282,NTC Thermistor Temperature Sensor Probe (10k),Sensor_NTC,0.0,0.0,0.0,0.0,0.0,409,98.9,Pristine (Like New),Normal Stability (dt/dt < 0.2 C/min),"Grade A (Premium Reuse, >85% SoH)",Harvested & In Stock,40,150,110,5.45,N/A (Non-Cell),Standard Modular Hardware Compatible
COMP_0739,B170,Power Tool High-Drain Cell (18650 3.6V / 2.0Ah),Cell_PowerTool,3.6,3.706,2.0,1.696,15.44,676,84.8,Minor Surface Scratches,Normal Stability (dt/dt < 0.4 C/min),"Grade B (Standard Reuse, 70-85% SoH)",Harvested & In Stock,90,180,90,5.49,Group_BIN_11,Stationary ESS & Solar Microgrid Compatible
COMP_0740,B360,Power Tool High-Drain Cell (18650 3.6V / 2.0Ah),Cell_PowerTool,3.6,3.644,2.0,1.854,13.61,300,92.7,Pristine (Like New),Normal Stability (dt/dt < 0.2 C/min),"Grade A (Premium Reuse, >85% SoH)",Harvested & In Stock,90,180,90,5.63,Group_BIN_12,High-Drain & Traction Compatible
COMP_0741,B233,Power Tool High-Drain Cell (18650 3.6V / 2.0Ah),Cell_PowerTool,3.6,3.65,2.0,1.579,16.97,688,79.0,Minor Surface Scratches,Normal Stability (dt/dt < 0.4 C/min),"Grade B (Standard Reuse, 70-85% SoH)",Harvested & In Stock,90,180,90,5.39,Group_BIN_10,Stationary ESS & Solar Microgrid Compatible
COMP_0742,B157,LiFePO4 Prismatic Cell (3.2V / 20Ah),Cell_LFP_20Ah,3.2,3.243,20.0,18.091,4.23,554,90.5,Pristine (Like New),Normal Stability (dt/dt < 0.2 C/min),"Grade A (Premium Reuse, >85% SoH)",Harvested & In Stock,650,1400,750,49.13,Group_BIN_11,High-Drain & Traction Compatible
COMP_0743,B129,Lithium-Ion Cylindrical Cell (18650 3.7V / 2.6Ah),Cell_18650,3.7,3.804,2.6,2.021,24.94,1015,77.7,Pristine (Like New),Normal Stability (dt/dt < 0.4 C/min),"Grade B (Standard Reuse, 70-85% SoH)",Harvested & In Stock,55,120,65,4.64,Group_BIN_10,Stationary ESS & Solar Microgrid Compatible
COMP_0744,B062,Lithium-Ion Cylindrical Cell (18650 3.7V / 2.6Ah),Cell_18650,3.7,3.718,2.6,2.02,26.01,720,77.7,Cosmetic Enclosure Blemish,Normal Stability (dt/dt < 0.4 C/min),"Grade B (Standard Reuse, 70-85% SoH)",Harvested & In Stock,55,120,65,4.64,Group_BIN_10,Stationary ESS & Solar Microgrid Compatible
COMP_0745,B099,Lithium-Ion Cylindrical Cell (18650 3.7V / 2.6Ah),Cell_18650,3.7,3.779,2.6,2.117,23.46,805,81.4,Minor Surface Scratches,Normal Stability (dt/dt < 0.4 C/min),"Grade B (Standard Reuse, 70-85% SoH)",Harvested & In Stock,55,120,65,4.72,Group_BIN_10,Stationary ESS & Solar Microgrid Compatible
COMP_0746,B062,NMC Pouch Cell (3.7V / 15Ah),Cell_NMC_15Ah,3.7,3.732,15.0,13.69,4.93,571,91.3,Pristine (Like New),Normal Stability (dt/dt < 0.2 C/min),"Grade A (Premium Reuse, >85% SoH)",Harvested & In Stock,500,1100,600,38.64,Group_BIN_11,High-Drain & Traction Compatible
COMP_0747,B381,LiFePO4 Prismatic Cell (3.2V / 20Ah),Cell_LFP_20Ah,3.2,3.248,20.0,17.476,4.49,738,87.4,Pristine (Like New),Normal Stability (dt/dt < 0.2 C/min),"Grade A (Premium Reuse, >85% SoH)",Harvested & In Stock,650,1400,750,48.6,Group_BIN_11,High-Drain & Traction Compatible
COMP_0748,B275,Power Tool High-Drain Cell (18650 3.6V / 2.0Ah),Cell_PowerTool,3.6,3.724,2.0,1.789,13.66,509,89.5,Pristine (Like New),Normal Stability (dt/dt < 0.2 C/min),"Grade A (Premium Reuse, >85% SoH)",Harvested & In Stock,90,180,90,5.57,Group_BIN_11,High-Drain & Traction Compatible
COMP_0749,B487,Modular BMS Protection Board (4S 40A Balancer),BMS_4S,14.8,14.8,0.0,0.0,17.2,408,94.7,Pristine (Like New),Normal Stability (dt/dt < 0.2 C/min),"Grade A (Premium Reuse, >85% SoH)",Harvested & In Stock,450,950,500,23.0,N/A (Non-Cell),Standard Modular Hardware Compatible
COMP_0750,B391,Modular BMS Protection Board (4S 40A Balancer),BMS_4S,14.8,14.8,0.0,0.0,19.2,114,98.4,Pristine (Like New),Normal Stability (dt/dt < 0.2 C/min),"Grade A (Premium Reuse, >85% SoH)",Harvested & In Stock,450,950,500,23.0,N/A (Non-Cell),Standard Modular Hardware Compatible
COMP_0751,B354,Modular BMS Protection Board (3S 25A Compact),BMS_3S,11.1,11.1,0.0,0.0,24.5,762,91.0,Pristine (Like New),Normal Stability (dt/dt < 0.2 C/min),"Grade A (Premium Reuse, >85% SoH)",Harvested & In Stock,300,700,400,18.5,N/A (Non-Cell),Standard Modular Hardware Compatible
COMP_0752,B095,Nickel-Plated Copper Busbar Interconnect Link,Busbar_Cu,0.0,0.0,0.0,0.0,0.2,699,92.6,Pristine (Like New),Normal Stability (dt/dt < 0.2 C/min),"Grade A (Premium Reuse, >85% SoH)",Harvested & In Stock,50,140,90,4.55,N/A (Non-Cell),Standard Modular Hardware Compatible
COMP_0753,B099,NMC Pouch Cell (3.7V / 15Ah),Cell_NMC_15Ah,3.7,3.871,15.0,12.85,5.53,663,85.7,Pristine (Like New),Normal Stability (dt/dt < 0.2 C/min),"Grade A (Premium Reuse, >85% SoH)",Harvested & In Stock,500,1100,600,37.92,Group_BIN_11,High-Drain & Traction Compatible
COMP_0754,B111,Lithium-Ion Cylindrical Cell (18650 3.7V / 2.6Ah),Cell_18650,3.7,3.756,2.6,1.741,28.7,1566,67.0,Enclosure Hairline Crack,Elevated Impedance (Manage C-Rate),"Grade C (Low-Stress Buffer, 55-70% SoH)",Harvested & In Stock,55,120,65,4.4,Group_BIN_09,Low C-Rate IoT & Lantern Buffer Compatible
COMP_0755,B248,Power Tool High-Drain Cell (18650 3.6V / 2.0Ah),Cell_PowerTool,3.6,3.69,2.0,1.756,15.14,408,87.8,Pristine (Like New),Normal Stability (dt/dt < 0.2 C/min),"Grade A (Premium Reuse, >85% SoH)",Harvested & In Stock,90,180,90,5.54,Group_BIN_11,High-Drain & Traction Compatible
COMP_0756,B142,Modular BMS Protection Board (10S 30A e-Bike),BMS_10S,36.0,36.0,0.0,0.0,22.8,1394,88.6,Pristine (Like New),Normal Stability (dt/dt < 0.2 C/min),"Grade A (Premium Reuse, >85% SoH)",Harvested & In Stock,600,1300,700,32.0,N/A (Non-Cell),Standard Modular Hardware Compatible
COMP_0757,B371,LiFePO4 Prismatic Cell (3.2V / 20Ah),Cell_LFP_20Ah,3.2,3.199,20.0,16.839,4.33,800,84.2,Cosmetic Enclosure Blemish,Normal Stability (dt/dt < 0.4 C/min),"Grade B (Standard Reuse, 70-85% SoH)",Harvested & In Stock,650,1400,750,48.06,Group_BIN_11,Stationary ESS & Solar Microgrid Compatible
COMP_0758,B390,NTC Thermistor Temperature Sensor Probe (10k),Sensor_NTC,0.0,0.0,0.0,0.0,0.0,844,91.7,Pristine (Like New),Normal Stability (dt/dt < 0.2 C/min),"Grade A (Premium Reuse, >85% SoH)",Harvested & In Stock,40,150,110,5.45,N/A (Non-Cell),Standard Modular Hardware Compatible
COMP_0759,B269,Power Tool High-Drain Cell (18650 3.6V / 2.0Ah),Cell_PowerTool,3.6,3.59,2.0,1.495,17.11,1343,74.7,Cosmetic Enclosure Blemish,Normal Stability (dt/dt < 0.4 C/min),"Grade B (Standard Reuse, 70-85% SoH)",Harvested & In Stock,90,180,90,5.32,Group_BIN_09,Stationary ESS & Solar Microgrid Compatible
COMP_0760,B145,Heavy-Duty XT60 / XT90 Connector Harness,Connector_XT,0.0,0.0,0.0,0.0,0.5,1107,91.9,Pristine (Like New),Normal Stability (dt/dt < 0.2 C/min),"Grade A (Premium Reuse, >85% SoH)",Harvested & In Stock,80,220,140,6.8,N/A (Non-Cell),Standard Modular Hardware Compatible
COMP_0761,B052,NMC Pouch Cell (3.7V / 15Ah),Cell_NMC_15Ah,3.7,3.773,15.0,13.673,4.94,390,91.2,Pristine (Like New),Normal Stability (dt/dt < 0.2 C/min),"Grade A (Premium Reuse, >85% SoH)",Harvested & In Stock,500,1100,600,38.62,Group_BIN_11,High-Drain & Traction Compatible
COMP_0762,B427,NMC Pouch Cell (3.7V / 15Ah),Cell_NMC_15Ah,3.7,3.734,15.0,13.256,4.87,591,88.4,Pristine (Like New),Normal Stability (dt/dt < 0.2 C/min),"Grade A (Premium Reuse, >85% SoH)",Harvested & In Stock,500,1100,600,38.27,Group_BIN_11,High-Drain & Traction Compatible
COMP_0763,B100,Lithium-Ion Cylindrical Cell (18650 3.7V / 2.6Ah),Cell_18650,3.7,3.843,2.6,1.968,26.73,1075,75.7,Minor Surface Scratches,Normal Stability (dt/dt < 0.4 C/min),"Grade B (Standard Reuse, 70-85% SoH)",Harvested & In Stock,55,120,65,4.6,Group_BIN_10,Stationary ESS & Solar Microgrid Compatible
COMP_0764,B117,LiFePO4 Prismatic Cell (3.2V / 20Ah),Cell_LFP_20Ah,3.2,3.296,20.0,15.623,4.91,923,78.1,Minor Surface Scratches,Normal Stability (dt/dt < 0.4 C/min),"Grade B (Standard Reuse, 70-85% SoH)",Harvested & In Stock,650,1400,750,47.03,Group_BIN_10,Stationary ESS & Solar Microgrid Compatible
COMP_0765,B092,Lithium-Ion Cylindrical Cell (18650 3.7V / 2.6Ah),Cell_18650,3.7,3.708,2.6,2.111,23.61,1189,81.2,Minor Surface Scratches,Normal Stability (dt/dt < 0.4 C/min),"Grade B (Standard Reuse, 70-85% SoH)",Harvested & In Stock,55,120,65,4.72,Group_BIN_10,Stationary ESS & Solar Microgrid Compatible
COMP_0766,B008,LiFePO4 Prismatic Cell (3.2V / 50Ah),Cell_LFP_50Ah,3.2,3.3,50.0,42.133,2.22,677,84.3,Cosmetic Enclosure Blemish,Normal Stability (dt/dt < 0.4 C/min),"Grade B (Standard Reuse, 70-85% SoH)",Harvested & In Stock,1200,2400,1200,89.81,Group_BIN_11,Stationary ESS & Solar Microgrid Compatible
COMP_0767,B274,Lithium-Ion Cylindrical Cell (18650 3.7V / 2.6Ah),Cell_18650,3.7,3.82,2.6,2.241,21.86,638,86.2,Pristine (Like New),Normal Stability (dt/dt < 0.2 C/min),"Grade A (Premium Reuse, >85% SoH)",Harvested & In Stock,55,120,65,4.83,Group_BIN_11,High-Drain & Traction Compatible
COMP_0768,B065,NMC Pouch Cell (3.7V / 15Ah),Cell_NMC_15Ah,3.7,3.747,15.0,11.848,5.67,1106,79.0,Minor Surface Scratches,Normal Stability (dt/dt < 0.4 C/min),"Grade B (Standard Reuse, 70-85% SoH)",Harvested & In Stock,500,1100,600,37.07,Group_BIN_10,Stationary ESS & Solar Microgrid Compatible
COMP_0769,B024,NMC Pouch Cell (3.7V / 15Ah),Cell_NMC_15Ah,3.7,3.749,15.0,13.499,5.13,427,90.0,Pristine (Like New),Normal Stability (dt/dt < 0.2 C/min),"Grade A (Premium Reuse, >85% SoH)",Harvested & In Stock,500,1100,600,38.47,Group_BIN_11,High-Drain & Traction Compatible
COMP_0770,B499,Lithium-Ion Cylindrical Cell (18650 3.7V / 2.6Ah),Cell_18650,3.7,3.8,2.6,2.249,21.12,882,86.5,Pristine (Like New),Normal Stability (dt/dt < 0.2 C/min),"Grade A (Premium Reuse, >85% SoH)",Harvested & In Stock,55,120,65,4.84,Group_BIN_11,High-Drain & Traction Compatible
COMP_0771,B028,Modular BMS Protection Board (10S 30A e-Bike),BMS_10S,36.0,36.0,0.0,0.0,18.3,836,91.2,Pristine (Like New),Normal Stability (dt/dt < 0.2 C/min),"Grade A (Premium Reuse, >85% SoH)",Harvested & In Stock,600,1300,700,32.0,N/A (Non-Cell),Standard Modular Hardware Compatible
COMP_0772,B284,Power Tool High-Drain Cell (18650 3.6V / 2.0Ah),Cell_PowerTool,3.6,3.676,2.0,1.527,17.23,1153,76.3,Minor Surface Scratches,Normal Stability (dt/dt < 0.4 C/min),"Grade B (Standard Reuse, 70-85% SoH)",Harvested & In Stock,90,180,90,5.35,Group_BIN_10,Stationary ESS & Solar Microgrid Compatible
COMP_0773,B358,Lithium-Ion Cylindrical Cell (18650 3.7V / 2.6Ah),Cell_18650,3.7,3.76,2.6,2.198,22.92,592,84.5,Pristine (Like New),Normal Stability (dt/dt < 0.4 C/min),"Grade B (Standard Reuse, 70-85% SoH)",Harvested & In Stock,55,120,65,4.79,Group_BIN_11,Stationary ESS & Solar Microgrid Compatible
COMP_0774,B327,NMC Pouch Cell (3.7V / 15Ah),Cell_NMC_15Ah,3.7,3.862,15.0,12.704,5.31,713,84.7,Minor Surface Scratches,Normal Stability (dt/dt < 0.4 C/min),"Grade B (Standard Reuse, 70-85% SoH)",Harvested & In Stock,500,1100,600,37.8,Group_BIN_11,Stationary ESS & Solar Microgrid Compatible
COMP_0775,B053,Modular BMS Protection Board (10S 30A e-Bike),BMS_10S,36.0,36.0,0.0,0.0,19.7,247,98.6,Pristine (Like New),Normal Stability (dt/dt < 0.2 C/min),"Grade A (Premium Reuse, >85% SoH)",Harvested & In Stock,600,1300,700,32.0,N/A (Non-Cell),Standard Modular Hardware Compatible
COMP_0776,B447,Power Tool High-Drain Cell (18650 3.6V / 2.0Ah),Cell_PowerTool,3.6,3.714,2.0,1.62,16.01,788,81.0,Pristine (Like New),Normal Stability (dt/dt < 0.4 C/min),"Grade B (Standard Reuse, 70-85% SoH)",Harvested & In Stock,90,180,90,5.43,Group_BIN_10,Stationary ESS & Solar Microgrid Compatible
COMP_0777,B294,LiFePO4 Prismatic Cell (3.2V / 50Ah),Cell_LFP_50Ah,3.2,3.293,50.0,39.517,2.35,913,79.0,Minor Surface Scratches,Normal Stability (dt/dt < 0.4 C/min),"Grade B (Standard Reuse, 70-85% SoH)",Harvested & In Stock,1200,2400,1200,87.59,Group_BIN_10,Stationary ESS & Solar Microgrid Compatible
COMP_0778,B241,LiFePO4 Prismatic Cell (3.2V / 50Ah),Cell_LFP_50Ah,3.2,3.298,50.0,37.707,2.72,1152,75.4,Minor Surface Scratches,Normal Stability (dt/dt < 0.4 C/min),"Grade B (Standard Reuse, 70-85% SoH)",Harvested & In Stock,1200,2400,1200,86.05,Group_BIN_10,Stationary ESS & Solar Microgrid Compatible
COMP_0779,B226,Modular BMS Protection Board (16S 100A Smart CAN),BMS_16S,48.0,48.0,0.0,0.0,11.5,795,87.1,Pristine (Like New),Normal Stability (dt/dt < 0.2 C/min),"Grade A (Premium Reuse, >85% SoH)",Harvested & In Stock,1800,3800,2000,90.5,N/A (Non-Cell),Standard Modular Hardware Compatible
COMP_0780,B175,Nickel-Plated Copper Busbar Interconnect Link,Busbar_Cu,0.0,0.0,0.0,0.0,0.2,796,97.7,Pristine (Like New),Normal Stability (dt/dt < 0.2 C/min),"Grade A (Premium Reuse, >85% SoH)",Harvested & In Stock,50,140,90,4.55,N/A (Non-Cell),Standard Modular Hardware Compatible
COMP_0781,B095,Lithium-Ion Cylindrical Cell (18650 3.7V / 2.6Ah),Cell_18650,3.7,3.802,2.6,2.311,22.86,769,88.9,Pristine (Like New),Normal Stability (dt/dt < 0.2 C/min),"Grade A (Premium Reuse, >85% SoH)",Harvested & In Stock,55,120,65,4.89,Group_BIN_11,High-Drain & Traction Compatible
COMP_0782,B495,NMC Pouch Cell (3.7V / 15Ah),Cell_NMC_15Ah,3.7,3.748,15.0,12.503,5.43,601,83.4,Pristine (Like New),Normal Stability (dt/dt < 0.4 C/min),"Grade B (Standard Reuse, 70-85% SoH)",Harvested & In Stock,500,1100,600,37.63,Group_BIN_11,Stationary ESS & Solar Microgrid Compatible
COMP_0783,B130,Lithium-Ion Cylindrical Cell (18650 3.7V / 2.6Ah),Cell_18650,3.7,3.775,2.6,2.216,22.3,596,85.2,Pristine (Like New),Normal Stability (dt/dt < 0.2 C/min),"Grade A (Premium Reuse, >85% SoH)",Harvested & In Stock,55,120,65,4.81,Group_BIN_11,High-Drain & Traction Compatible
COMP_0784,B482,LiFePO4 Prismatic Cell (3.2V / 50Ah),Cell_LFP_50Ah,3.2,3.265,50.0,48.063,2.02,456,96.1,Pristine (Like New),Normal Stability (dt/dt < 0.2 C/min),"Grade A (Premium Reuse, >85% SoH)",Harvested & In Stock,1200,2400,1200,94.85,Group_BIN_12,High-Drain & Traction Compatible
COMP_0785,B442,Lithium-Ion Cylindrical Cell (18650 3.7V / 2.6Ah),Cell_18650,3.7,3.751,2.6,2.442,20.08,277,93.9,Pristine (Like New),Normal Stability (dt/dt < 0.2 C/min),"Grade A (Premium Reuse, >85% SoH)",Harvested & In Stock,55,120,65,5.0,Group_BIN_12,High-Drain & Traction Compatible
COMP_0786,B245,NMC Pouch Cell (3.7V / 15Ah),Cell_NMC_15Ah,3.7,3.727,15.0,13.514,4.99,590,90.1,Pristine (Like New),Normal Stability (dt/dt < 0.2 C/min),"Grade A (Premium Reuse, >85% SoH)",Harvested & In Stock,500,1100,600,38.49,Group_BIN_11,High-Drain & Traction Compatible
COMP_0787,B059,Power Tool High-Drain Cell (18650 3.6V / 2.0Ah),Cell_PowerTool,3.6,3.685,2.0,1.836,12.79,485,91.8,Pristine (Like New),Normal Stability (dt/dt < 0.2 C/min),"Grade A (Premium Reuse, >85% SoH)",Harvested & In Stock,90,180,90,5.61,Group_BIN_12,High-Drain & Traction Compatible
COMP_0788,B421,LiFePO4 Prismatic Cell (3.2V / 50Ah),Cell_LFP_50Ah,3.2,3.335,50.0,39.285,2.6,687,78.6,Pristine (Like New),Normal Stability (dt/dt < 0.4 C/min),"Grade B (Standard Reuse, 70-85% SoH)",Harvested & In Stock,1200,2400,1200,87.39,Group_BIN_10,Stationary ESS & Solar Microgrid Compatible
COMP_0789,B206,LiFePO4 Prismatic Cell (3.2V / 20Ah),Cell_LFP_20Ah,3.2,3.3,20.0,15.868,4.82,895,79.3,Minor Surface Scratches,Normal Stability (dt/dt < 0.4 C/min),"Grade B (Standard Reuse, 70-85% SoH)",Harvested & In Stock,650,1400,750,47.24,Group_BIN_10,Stationary ESS & Solar Microgrid Compatible
COMP_0790,B038,Modular BMS Protection Board (4S 40A Balancer),BMS_4S,14.8,14.8,0.0,0.0,14.3,723,87.4,Pristine (Like New),Normal Stability (dt/dt < 0.2 C/min),"Grade A (Premium Reuse, >85% SoH)",Harvested & In Stock,450,950,500,23.0,N/A (Non-Cell),Standard Modular Hardware Compatible
COMP_0791,B296,Lithium-Ion Cylindrical Cell (18650 3.7V / 2.6Ah),Cell_18650,3.7,3.724,2.6,2.306,22.6,599,88.7,Pristine (Like New),Normal Stability (dt/dt < 0.2 C/min),"Grade A (Premium Reuse, >85% SoH)",Harvested & In Stock,55,120,65,4.89,Group_BIN_11,High-Drain & Traction Compatible
COMP_0792,B323,Heavy-Duty XT60 / XT90 Connector Harness,Connector_XT,0.0,0.0,0.0,0.0,0.5,754,94.7,Pristine (Like New),Normal Stability (dt/dt < 0.2 C/min),"Grade A (Premium Reuse, >85% SoH)",Harvested & In Stock,80,220,140,6.8,N/A (Non-Cell),Standard Modular Hardware Compatible
COMP_0793,B352,LiFePO4 Prismatic Cell (3.2V / 50Ah),Cell_LFP_50Ah,3.2,3.26,50.0,36.509,2.64,1295,73.0,Pristine (Like New),Normal Stability (dt/dt < 0.4 C/min),"Grade B (Standard Reuse, 70-85% SoH)",Harvested & In Stock,1200,2400,1200,85.03,Group_BIN_09,Stationary ESS & Solar Microgrid Compatible
COMP_0794,B078,LiFePO4 Prismatic Cell (3.2V / 50Ah),Cell_LFP_50Ah,3.2,3.3,50.0,40.133,2.43,941,80.3,Pristine (Like New),Normal Stability (dt/dt < 0.4 C/min),"Grade B (Standard Reuse, 70-85% SoH)",Harvested & In Stock,1200,2400,1200,88.11,Group_BIN_10,Stationary ESS & Solar Microgrid Compatible
COMP_0795,B416,LiFePO4 Prismatic Cell (3.2V / 50Ah),Cell_LFP_50Ah,3.2,3.328,50.0,43.339,2.38,530,86.7,Pristine (Like New),Normal Stability (dt/dt < 0.2 C/min),"Grade A (Premium Reuse, >85% SoH)",Harvested & In Stock,1200,2400,1200,90.84,Group_BIN_11,High-Drain & Traction Compatible
COMP_0796,B289,Modular BMS Protection Board (10S 30A e-Bike),BMS_10S,36.0,36.0,0.0,0.0,20.8,1236,85.7,Pristine (Like New),Normal Stability (dt/dt < 0.2 C/min),"Grade A (Premium Reuse, >85% SoH)",Harvested & In Stock,600,1300,700,32.0,N/A (Non-Cell),Standard Modular Hardware Compatible
COMP_0797,B486,LiFePO4 Prismatic Cell (3.2V / 20Ah),Cell_LFP_20Ah,3.2,3.28,20.0,17.037,4.46,824,85.2,Pristine (Like New),Normal Stability (dt/dt < 0.2 C/min),"Grade A (Premium Reuse, >85% SoH)",Harvested & In Stock,650,1400,750,48.23,Group_BIN_11,High-Drain & Traction Compatible
COMP_0798,B156,Lithium-Ion Cylindrical Cell (18650 3.7V / 2.6Ah),Cell_18650,3.7,3.733,2.6,2.197,22.5,927,84.5,Pristine (Like New),Normal Stability (dt/dt < 0.4 C/min),"Grade B (Standard Reuse, 70-85% SoH)",Harvested & In Stock,55,120,65,4.79,Group_BIN_11,Stationary ESS & Solar Microgrid Compatible
COMP_0799,B128,Power Tool High-Drain Cell (18650 3.6V / 2.0Ah),Cell_PowerTool,3.6,3.611,2.0,1.563,17.41,923,78.1,Pristine (Like New),Normal Stability (dt/dt < 0.4 C/min),"Grade B (Standard Reuse, 70-85% SoH)",Harvested & In Stock,90,180,90,5.38,Group_BIN_10,Stationary ESS & Solar Microgrid Compatible
COMP_0800,B286,NMC Pouch Cell (3.7V / 15Ah),Cell_NMC_15Ah,3.7,3.844,15.0,12.245,6.03,666,81.6,Minor Surface Scratches,Normal Stability (dt/dt < 0.4 C/min),"Grade B (Standard Reuse, 70-85% SoH)",Harvested & In Stock,500,1100,600,37.41,Group_BIN_10,Stationary ESS & Solar Microgrid Compatible
